customer_id,activity_month,month_end_balance,incoming_amount,outgoing_amount,transaction_count,card_transaction_count,digital_login_count,mobile_app_sessions,branch_visit_count,call_center_contacts,complaints_opened,complaints_resolved,average_resolution_days,failed_transaction_count,inactive_days,service_rating,salary_deposit_flag,product_usage_score,customer_status_lookup,churn_date_lookup,activity_timing_check,card_tx_check,post_churn_flag,customer_value_segment_lookup,customer_status_lookup,salary_deposit_numeric
C00001,2025-01-01,5805.83,10503.49,13726.7,36,26,19,7,2,2,1,1,1.6,0,0,4.9,TRUE,65.9,Active,,Valid or active,Valid,FALSE,Lower Value,Active,1
C00001,2025-02-01,5042.22,9815.1,10744.52,36,16,21,22,0,2,0,0,,0,5,4.4,FALSE,63.2,Active,,Valid or active,Valid,FALSE,Lower Value,Active,0
C00001,2025-03-01,6004.89,14071.45,13585.61,50,32,25,14,1,0,0,0,,2,0,4.2,TRUE,83.1,Active,,Valid or active,Valid,FALSE,Lower Value,Active,1
C00001,2025-04-01,5982.5,13429.19,13533.29,31,20,19,12,0,1,2,1,2,3,4,3.8,TRUE,60,Active,,Valid or active,Valid,FALSE,Lower Value,Active,1
C00001,2025-05-01,7935.35,14590.47,18339.83,21,7,24,20,1,0,0,1,7.7,0,6,4.3,TRUE,52.4,Active,,Valid or active,Valid,FALSE,Lower Value,Active,1
C00001,2025-06-01,8272.54,9421.32,12096.06,37,25,23,26,1,1,0,0,,0,0,4.3,TRUE,69.8,Active,,Valid or active,Valid,FALSE,Lower Value,Active,1
C00001,2025-07-01,6567.37,10341.26,9623.41,38,12,28,25,0,0,0,0,,0,4,,FALSE,69.2,Active,,Valid or active,Valid,FALSE,Lower Value,Active,0
C00001,2025-08-01,6563.96,8775.23,15748,47,26,28,29,0,0,0,0,,0,2,4.4,TRUE,81.3,Active,,Valid or active,Valid,FALSE,Lower Value,Active,1
C00001,2025-09-01,7453.28,14592.95,15322.74,32,5,21,20,1,1,0,0,,1,0,4.3,TRUE,55.7,Active,,Valid or active,Valid,FALSE,Lower Value,Active,1
C00001,2025-10-01,9201.58,9053.78,9832.12,31,17,26,12,0,1,0,0,,1,0,4.3,TRUE,65.2,Active,,Valid or active,Valid,FALSE,Lower Value,Active,1
C00001,2025-11-01,5520.04,8664.83,12815.04,48,24,37,28,0,0,0,0,,0,0,3.8,TRUE,82.9,Active,,Valid or active,Valid,FALSE,Lower Value,Active,1
C00001,2025-12-01,7984.97,9768.45,8998.96,53,28,40,34,1,0,0,0,,0,3,3.7,FALSE,87.9,Active,,Valid or active,Valid,FALSE,Lower Value,Active,0
C00002,2025-01-01,65333.94,20151.97,28251.44,46,24,26,17,1,0,0,0,,0,10,3.9,FALSE,73.4,Churned,11/16/2025,Valid or active,Valid,FALSE,High Value,Churned,0
C00002,2025-02-01,58542.75,18316.69,22002.82,47,28,28,19,0,0,0,0,,3,1,4.6,TRUE,77.7,Churned,11/16/2025,Valid or active,Valid,FALSE,High Value,Churned,1
C00002,2025-03-01,49489.25,20261.89,21960.66,32,15,21,25,1,0,0,0,,0,2,4,TRUE,55.7,Churned,11/16/2025,Valid or active,Valid,FALSE,High Value,Churned,1
C00002,2025-04-01,56157.94,19784.57,21966.02,35,23,20,11,1,0,0,0,,0,0,4,TRUE,60.3,Churned,11/16/2025,Valid or active,Valid,FALSE,High Value,Churned,1
C00002,2025-05-01,44506.3,23840.12,27563.15,33,20,22,15,1,1,1,0,,0,9,3.3,TRUE,59.6,Churned,11/16/2025,Valid or active,Valid,FALSE,High Value,Churned,1
C00002,2025-06-01,46520.55,21304.46,18003.92,41,22,26,19,0,0,0,1,7.9,0,6,4.4,TRUE,69.3,Churned,11/16/2025,Valid or active,Valid,FALSE,High Value,Churned,1
C00002,2025-07-01,43942.24,24227.77,19079.68,34,25,18,10,0,0,0,0,,0,0,3.5,TRUE,58.8,Churned,11/16/2025,Valid or active,Valid,FALSE,High Value,Churned,1
C00002,2025-08-01,39830.65,26610.88,21087.03,27,21,19,21,2,0,1,1,12.2,0,4,3,TRUE,53.4,Churned,11/16/2025,Valid or active,Valid,FALSE,High Value,Churned,1
C00002,2025-09-01,22990.83,16639.6,16667.37,22,19,19,12,0,2,2,1,6,0,5,3.2,FALSE,49.4,Churned,11/16/2025,Valid or active,Valid,FALSE,High Value,Churned,0
C00002,2025-10-01,23248.39,20745.48,15156.32,17,9,13,16,0,1,3,3,4.9,0,8,2.8,FALSE,36,Churned,11/16/2025,Valid or active,Valid,FALSE,High Value,Churned,0
C00002,2025-11-01,19508.68,20446.36,15589.75,20,8,13,7,1,3,1,1,3.9,0,14,3.3,TRUE,37.5,Churned,11/16/2025,Valid or active,Valid,FALSE,High Value,Churned,1
C00002,2025-12-01,14027.88,16907.27,18291.79,18,13,13,10,0,0,2,3,0.4,0,8,3.5,TRUE,38.5,Churned,11/16/2025,Post-churn activity,Valid,TRUE,High Value,Churned,1
C00003,2025-01-01,23289.08,13207.35,13479.77,26,6,23,24,3,1,0,0,,0,1,4.7,TRUE,54.2,Churned,11/4/2025,Valid or active,Valid,FALSE,Lower Value,Churned,1
C00003,2025-02-01,22509.03,9725.92,14058.69,33,15,15,13,0,0,0,0,,0,1,4.4,TRUE,55.3,Churned,11/4/2025,Valid or active,Valid,FALSE,Lower Value,Churned,1
C00003,2025-03-01,18394.4,10046.35,8978.03,21,9,24,27,1,0,0,0,,0,0,4,FALSE,53.3,Churned,11/4/2025,Valid or active,Valid,FALSE,Lower Value,Churned,0
C00003,2025-04-01,18129.9,12316.59,9654.72,18,12,20,37,1,0,1,0,,0,10,4,TRUE,49.1,Churned,11/4/2025,Valid or active,Valid,FALSE,Lower Value,Churned,1
C00003,2025-05-01,18960.19,7003.68,10728.3,28,18,21,17,0,0,0,1,5.3,2,0,3.4,FALSE,59.1,Churned,11/4/2025,Valid or active,Valid,FALSE,Lower Value,Churned,0
C00003,2025-06-01,17426.31,9244.3,11927.73,22,10,19,26,0,0,1,1,2.9,0,8,4.6,TRUE,49.7,Churned,11/4/2025,Valid or active,Valid,FALSE,Lower Value,Churned,1
C00003,2025-07-01,20855.82,9405.55,9704.75,26,15,14,18,1,0,0,0,,2,8,3.8,TRUE,49.9,Churned,11/4/2025,Valid or active,Valid,FALSE,Lower Value,Churned,1
C00003,2025-08-01,16021.65,12975.97,12713.99,25,13,12,12,1,0,0,0,,1,0,3.3,TRUE,46.5,Churned,11/4/2025,Valid or active,Valid,FALSE,Lower Value,Churned,1
C00003,2025-09-01,11260.04,10197.51,11648.11,17,4,17,22,2,1,0,0,,0,6,4.3,TRUE,42,Churned,11/4/2025,Valid or active,Valid,FALSE,Lower Value,Churned,1
C00003,2025-10-01,10051.95,6680.63,7757.86,7,4,16,14,2,0,0,0,,1,16,3.8,FALSE,34.7,Churned,11/4/2025,Valid or active,Valid,FALSE,Lower Value,Churned,0
C00003,2025-11-01,7949.47,9044.17,8627.03,15,12,16,25,1,0,0,0,,0,11,3.4,FALSE,43.4,Churned,11/4/2025,Valid or active,Valid,FALSE,Lower Value,Churned,0
C00003,2025-12-01,5726.12,10689.9,11203.63,5,0,7,10,0,0,1,1,5,0,18,3.5,FALSE,23.2,Churned,11/4/2025,Post-churn activity,Valid,TRUE,Lower Value,Churned,0
C00004,2025-01-01,57725.06,12543.98,12985.81,42,18,10,11,0,0,0,0,,0,0,4.1,TRUE,57.7,Active,,Valid or active,Valid,FALSE,High Value,Active,1
C00004,2025-02-01,51561.93,7646.94,11982.79,55,27,10,11,1,0,1,1,2.7,0,6,4.2,FALSE,70,Active,,Valid or active,Valid,FALSE,High Value,Active,0
C00004,2025-03-01,56021.94,11550.77,12480.29,44,23,24,12,1,0,0,0,,2,8,4.2,TRUE,74.3,Active,,Valid or active,Valid,FALSE,High Value,Active,1
C00004,2025-04-01,60531.37,10685.57,11331.25,51,33,16,17,2,0,0,0,,1,4,4.2,TRUE,75.8,Active,,Valid or active,Valid,FALSE,High Value,Active,1
C00004,2025-05-01,60231.57,11974.1,11828.93,55,26,15,9,1,1,0,0,,0,1,4.2,TRUE,74.2,Active,,Valid or active,Valid,FALSE,High Value,Active,1
C00004,2025-06-01,58866.22,8929.62,9486.32,45,24,11,4,1,2,0,0,,0,5,4.8,TRUE,63.2,Active,,Valid or active,Valid,FALSE,High Value,Active,1
C00004,2025-07-01,56605.99,7803.08,12435.68,63,37,4,2,1,0,0,0,,0,9,3.6,FALSE,71.2,Active,,Valid or active,Valid,FALSE,High Value,Active,0
C00004,2025-08-01,63263.03,11812.42,18332.64,53,36,17,12,0,4,0,0,,0,7,4.5,TRUE,78.9,Active,,Valid or active,Valid,FALSE,High Value,Active,1
C00004,2025-09-01,56308.81,7857.53,13273.08,39,22,10,6,0,1,0,0,,1,11,4.6,TRUE,57.6,Active,,Valid or active,Valid,FALSE,High Value,Active,1
C00004,2025-10-01,47985.57,10088.26,10818.76,35,20,14,13,1,0,0,0,,1,2,3.2,TRUE,57.9,Active,,Valid or active,Valid,FALSE,High Value,Active,1
C00004,2025-11-01,61066.92,9191.58,12177.41,49,28,11,5,0,0,0,0,,0,3,4.3,TRUE,67.6,Active,,Valid or active,Valid,FALSE,High Value,Active,1
C00004,2025-12-01,55834.55,9160.29,12161.57,47,25,15,3,0,1,0,0,,0,5,4.1,FALSE,68.7,Active,,Valid or active,Valid,FALSE,High Value,Active,0
C00005,2025-01-01,11008.35,13980.73,18396.66,45,21,16,25,3,0,0,0,,1,10,4.2,TRUE,66.5,Active,,Valid or active,Valid,FALSE,Lower Value,Active,1
C00005,2025-02-01,13024.75,9702.41,9918.4,48,25,13,11,0,0,0,0,,0,7,4.1,TRUE,67.5,Active,,Valid or active,Valid,FALSE,Lower Value,Active,1
C00005,2025-03-01,9609.06,11642.94,16911.56,46,25,6,6,1,1,0,0,,2,1,3.5,TRUE,59.7,Active,,Valid or active,Valid,FALSE,Lower Value,Active,1
C00005,2025-04-01,9327.63,13064.93,17929.12,53,30,13,10,1,0,0,0,,2,4,3.5,TRUE,72.9,Active,,Valid or active,Valid,FALSE,Lower Value,Active,1
C00005,2025-05-01,9191.82,8872.89,15512.66,44,21,8,8,2,0,0,0,,1,10,4.4,TRUE,58.4,Active,,Valid or active,Valid,FALSE,Lower Value,Active,1
C00005,2025-06-01,11270.79,8850.23,11364.2,35,24,8,6,0,0,0,0,,1,5,3.3,FALSE,54.1,Active,,Valid or active,Valid,FALSE,Lower Value,Active,0
C00005,2025-07-01,7849.18,9158.16,9899.34,44,27,11,8,1,0,0,0,,0,8,3.5,TRUE,64,Active,,Valid or active,Valid,FALSE,Lower Value,Active,1
C00005,2025-08-01,8247.06,13840.42,17235.16,37,18,7,11,0,0,2,2,8.1,2,2,3.3,TRUE,51.7,Active,,Valid or active,Valid,FALSE,Lower Value,Active,1
C00005,2025-09-01,1148.79,12803.5,14249.32,26,18,3,2,1,0,0,0,,0,13,3.4,TRUE,41,Active,,Valid or active,Valid,FALSE,Lower Value,Active,1
C00005,2025-10-01,2521.36,10997.84,12594.31,22,11,10,10,2,2,2,1,2.3,2,14,3.4,FALSE,41.8,Active,,Valid or active,Valid,FALSE,Lower Value,Active,0
C00005,2025-11-01,-701.55,9220.41,12090.55,33,18,13,12,0,1,0,1,6.3,0,9,3.7,TRUE,54.8,Active,,Valid or active,Valid,FALSE,Lower Value,Active,1
C00005,2025-12-01,-1559.02,8085.46,10358.42,20,12,9,6,1,0,0,0,,0,9,3.8,FALSE,40.1,Active,,Valid or active,Valid,FALSE,Lower Value,Active,0
C00006,2025-01-01,1306.46,8703.53,8640.3,33,17,28,26,1,0,0,0,,1,0,4,TRUE,72.8,Active,,Valid or active,Valid,FALSE,Lower Value,Active,1
C00006,2025-02-01,2451.33,12083.49,12977.87,25,10,35,22,1,1,0,0,,0,9,3.8,TRUE,66.4,Active,,Valid or active,Valid,FALSE,Lower Value,Active,1
C00006,2025-03-01,2044.34,9837.51,9992.04,27,15,31,23,0,1,0,0,,0,5,4.9,TRUE,70,Active,,Valid or active,Valid,FALSE,Lower Value,Active,1
C00006,2025-04-01,3147.72,12964.54,12231.47,26,15,36,24,0,0,0,0,,0,8,4,TRUE,69.3,Active,,Valid or active,Valid,FALSE,Lower Value,Active,1
C00006,2025-05-01,2581.44,11392.86,11346.49,45,30,33,30,0,2,0,0,,1,2,5,TRUE,88.2,Active,,Valid or active,Valid,FALSE,Lower Value,Active,1
C00006,2025-06-01,3780.29,9508.44,12227.53,41,31,25,18,2,0,0,0,,1,2,4.5,FALSE,81.5,Active,,Valid or active,Valid,FALSE,Lower Value,Active,0
C00006,2025-07-01,2017.94,13506.05,14842.38,43,23,37,35,0,2,0,0,,1,1,4.6,TRUE,83.7,Active,,Valid or active,Valid,FALSE,Lower Value,Active,1
C00006,2025-08-01,1624.57,10575.86,13784.43,32,23,25,22,1,0,0,0,,2,1,4.5,TRUE,72.1,Active,,Valid or active,Valid,FALSE,Lower Value,Active,1
C00006,2025-09-01,2460.96,12402.78,16708.68,56,39,40,35,0,0,0,0,,0,2,4.3,TRUE,97.5,Active,,Valid or active,Valid,FALSE,Lower Value,Active,1
C00006,2025-10-01,2274.8,10440,11541.01,33,22,44,33,0,0,0,0,,1,0,3.5,TRUE,77,Active,,Valid or active,Valid,FALSE,Lower Value,Active,1
C00006,2025-11-01,1925,8252.77,13162.16,42,21,36,24,1,0,0,0,,0,3,4.2,TRUE,82.2,Active,,Valid or active,Valid,FALSE,Lower Value,Active,1
C00006,2025-12-01,3895.68,9804.78,11491.36,32,21,38,36,1,0,0,0,,0,1,4.2,TRUE,75.9,Active,,Valid or active,Valid,FALSE,Lower Value,Active,1
C00007,2025-01-01,20238.94,7086.03,8396,50,28,17,15,0,0,0,0,,0,0,4.8,FALSE,69.3,Churned,11/9/2025,Valid or active,Valid,FALSE,Lower Value,Churned,0
C00007,2025-02-01,19150.79,11466.26,16521.61,61,37,14,18,0,0,0,0,,1,10,4.3,TRUE,76.1,Churned,11/9/2025,Valid or active,Valid,FALSE,Lower Value,Churned,1
C00007,2025-03-01,19996.42,13154.8,10774.52,54,35,20,15,0,0,0,0,,0,0,4,TRUE,77.9,Churned,11/9/2025,Valid or active,Valid,FALSE,Lower Value,Churned,1
C00007,2025-04-01,18563.88,10928.4,12441.2,43,20,19,24,0,1,1,1,4.2,0,7,4,TRUE,63.1,Churned,11/9/2025,Valid or active,Valid,FALSE,Lower Value,Churned,1
C00007,2025-05-01,20340.98,14165.47,13336.77,53,37,25,19,2,1,0,0,,2,10,4.6,TRUE,81.9,Churned,11/9/2025,Valid or active,Valid,FALSE,Lower Value,Churned,1
C00007,2025-06-01,22902.77,9236.16,12386.75,34,22,20,16,1,1,0,0,,0,1,4.5,TRUE,59.3,Churned,11/9/2025,Valid or active,Valid,FALSE,Lower Value,Churned,1
C00007,2025-07-01,25281.1,16044.35,25619.44,55,27,16,18,1,0,0,0,,0,4,5,TRUE,71.1,Churned,11/9/2025,Valid or active,Valid,FALSE,Lower Value,Churned,1
C00007,2025-08-01,24510.3,14438.97,14695.18,57,28,13,11,0,0,0,0,,0,0,4.7,TRUE,70,Churned,11/9/2025,Valid or active,Valid,FALSE,Lower Value,Churned,1
C00007,2025-09-01,27054.11,10987.53,12667.43,59,36,28,28,0,0,0,0,,4,0,4.4,TRUE,88.5,Churned,11/9/2025,Valid or active,Valid,FALSE,Lower Value,Churned,1
C00007,2025-10-01,25216.02,14628.15,15981.04,42,20,24,23,2,1,0,0,,0,1,4.8,TRUE,67.1,Churned,11/9/2025,Valid or active,Valid,FALSE,Lower Value,Churned,1
C00007,2025-11-01,24714.89,8339.86,8459.48,56,33,25,22,1,1,0,0,,0,3,4.3,FALSE,82.9,Churned,11/9/2025,Valid or active,Valid,FALSE,Lower Value,Churned,0
C00007,2025-12-01,27078.19,9473.54,12862.95,54,32,25,11,0,1,0,0,,0,4,4.5,TRUE,81.2,Churned,11/9/2025,Post-churn activity,Valid,TRUE,Lower Value,Churned,1
C00008,2025-01-01,16229.76,10577.07,15693.89,56,6,12,13,1,0,0,0,,0,4,4.9,TRUE,58.4,Churned,11/2/2025,Valid or active,Valid,FALSE,Lower Value,Churned,1
C00008,2025-02-01,12720.46,6356.65,11488.41,50,4,15,15,1,0,0,0,,1,7,5,FALSE,56.5,Churned,11/2/2025,Valid or active,Valid,FALSE,Lower Value,Churned,0
C00008,2025-03-01,13671.66,7435.29,13442.7,43,0,12,7,2,1,0,0,,0,0,4.3,TRUE,47.4,Churned,11/2/2025,Valid or active,Valid,FALSE,Lower Value,Churned,1
C00008,2025-04-01,12708.24,6224.2,9485.62,57,7,14,17,0,1,1,0,,0,3,3.9,FALSE,61.4,Churned,11/2/2025,Valid or active,Valid,FALSE,Lower Value,Churned,0
C00008,2025-05-01,12126.94,10152.86,11879.45,48,7,15,17,2,0,0,0,,0,0,4.7,TRUE,56.6,Churned,11/2/2025,Valid or active,Valid,FALSE,Lower Value,Churned,1
C00008,2025-06-01,11343.08,8837.85,8560.14,35,7,16,11,1,0,2,2,2.6,1,0,3.7,TRUE,49.3,Churned,11/2/2025,Valid or active,Valid,FALSE,Lower Value,Churned,1
C00008,2025-07-01,10732.63,7328.07,9597.98,37,6,9,9,0,1,1,2,4,0,6,4.2,TRUE,43.6,Churned,11/2/2025,Valid or active,Valid,FALSE,Lower Value,Churned,1
C00008,2025-08-01,8568.99,11514.62,15945.66,43,8,9,5,1,0,1,1,1.9,1,12,4.2,TRUE,48.3,Churned,11/2/2025,Valid or active,Valid,FALSE,Lower Value,Churned,1
C00008,2025-09-01,3046.92,6563.62,6816.35,28,0,15,13,0,1,1,0,,0,1,4.2,FALSE,40.7,Churned,11/2/2025,Valid or active,Valid,FALSE,Lower Value,Churned,0
C00008,2025-10-01,859.67,6690.44,8146.79,15,4,10,10,0,0,0,1,1.6,1,16,4.4,FALSE,29.7,Churned,11/2/2025,Valid or active,Valid,FALSE,Lower Value,Churned,0
C00008,2025-11-01,3077.59,9007.63,8530.22,24,3,7,0,1,3,0,0,,0,13,5,FALSE,32.1,Churned,11/2/2025,Valid or active,Valid,FALSE,Lower Value,Churned,0
C00008,2025-12-01,-2414.73,6454.53,6940.2,25,3,7,9,1,2,3,3,3.5,0,10,3.8,FALSE,32.7,Churned,11/2/2025,Post-churn activity,Valid,TRUE,Lower Value,Churned,0
C00009,2025-01-01,117195.2,24268.8,21887.63,64,38,26,26,1,0,1,0,,1,3,3.4,TRUE,87.3,Active,,Valid or active,Valid,FALSE,High Value,Active,1
C00009,2025-02-01,116677.26,34921.18,45672.44,66,40,28,23,0,0,0,1,5.8,1,0,4.3,TRUE,89.1,Active,,Valid or active,Valid,FALSE,High Value,Active,1
C00009,2025-03-01,151815.54,33125.06,33329.29,59,33,31,26,1,0,0,0,,1,2,4.2,TRUE,89.5,Active,,Valid or active,Valid,FALSE,High Value,Active,1
C00009,2025-04-01,128209.23,36453.78,42853.14,75,45,31,33,2,0,0,0,,0,0,3.7,TRUE,91,Active,,Valid or active,Valid,FALSE,High Value,Active,1
C00009,2025-05-01,130645.3,28352.94,35153,66,31,30,19,1,0,0,0,,3,6,5,TRUE,89.2,Active,,Valid or active,Valid,FALSE,High Value,Active,1
C00009,2025-06-01,114055.08,19362.1,23158.39,59,30,28,21,0,0,0,0,,0,0,4.1,FALSE,86.2,Active,,Valid or active,Valid,FALSE,High Value,Active,0
C00009,2025-07-01,137743.2,32753,43443.01,54,26,29,19,0,0,0,0,,0,8,4.7,TRUE,82.2,Active,,Valid or active,Valid,FALSE,High Value,Active,1
C00009,2025-08-01,124673.86,30470.76,30210.28,61,37,30,25,0,0,0,0,,0,1,4.9,TRUE,91,Active,,Valid or active,Valid,FALSE,High Value,Active,1
C00009,2025-09-01,132398.23,23903.96,26827.04,62,32,34,34,0,1,0,0,,0,0,4,FALSE,89.6,Active,,Valid or active,Valid,FALSE,High Value,Active,0
C00009,2025-10-01,133967.58,24783.46,28568.35,48,32,29,24,0,2,1,1,2.4,1,4,4.4,FALSE,81.1,Active,,Valid or active,Valid,FALSE,High Value,Active,0
C00009,2025-11-01,120264.81,26682.42,32515.16,67,35,32,11,1,0,0,0,,0,4,4.4,TRUE,91,Active,,Valid or active,Valid,FALSE,High Value,Active,1
C00009,2025-12-01,128492.2,29673.97,38520.89,62,34,36,37,0,0,0,0,,2,0,4.3,TRUE,90.5,Active,,Valid or active,Valid,FALSE,High Value,Active,1
C00010,2025-01-01,17769.38,11267.7,16965.99,47,25,8,5,0,0,0,0,,0,1,4.2,FALSE,57.7,Churned,10/6/2025,Valid or active,Valid,FALSE,Lower Value,Churned,0
C00010,2025-02-01,21246.9,11689.87,15839.53,61,41,15,12,0,1,0,0,,2,0,4,TRUE,77,Churned,10/6/2025,Valid or active,Valid,FALSE,Lower Value,Churned,1
C00010,2025-03-01,19267.57,7854.3,9377.99,42,19,11,12,1,0,0,0,,0,2,4.7,FALSE,54.6,Churned,10/6/2025,Valid or active,Valid,FALSE,Lower Value,Churned,0
C00010,2025-04-01,22481.77,9512.46,11054.78,48,33,3,0,0,0,1,0,,1,0,3.8,TRUE,57.3,Churned,10/6/2025,Valid or active,Valid,FALSE,Lower Value,Churned,1
C00010,2025-05-01,20880.76,12477.35,12609.18,47,24,14,15,1,1,0,1,4.7,0,12,4.2,TRUE,62.8,Churned,10/6/2025,Valid or active,Valid,FALSE,Lower Value,Churned,1
C00010,2025-06-01,19683.6,13900.18,18287.81,48,25,13,17,0,0,0,0,,1,1,4.4,TRUE,63,Churned,10/6/2025,Valid or active,Valid,FALSE,Lower Value,Churned,1
C00010,2025-07-01,24366.3,12593.06,10924.56,63,30,11,15,3,0,0,0,,0,0,3.8,TRUE,71,Churned,10/6/2025,Valid or active,Valid,FALSE,Lower Value,Churned,1
C00010,2025-08-01,19818.56,8790.98,12405.99,55,39,12,9,3,0,0,0,,1,0,3.8,TRUE,71,Churned,10/6/2025,Valid or active,Valid,FALSE,Lower Value,Churned,1
C00010,2025-09-01,17621.18,12028.27,14299.35,45,29,12,16,0,0,0,0,,0,8,4.1,TRUE,62,Churned,10/6/2025,Valid or active,Valid,FALSE,Lower Value,Churned,1
C00010,2025-10-01,20370.39,10626.9,12485.09,49,23,10,9,0,1,0,0,,0,8,4.7,TRUE,59.9,Churned,10/6/2025,Valid or active,Valid,FALSE,Lower Value,Churned,1
C00010,2025-11-01,21414.81,13499.72,13338.65,52,36,11,12,0,0,0,0,,0,6,3.9,TRUE,68.2,Churned,10/6/2025,Post-churn activity,Valid,TRUE,Lower Value,Churned,1
C00010,2025-12-01,20086.12,13725.48,22192.03,53,31,3,3,1,2,0,0,,0,5,4.7,TRUE,59.5,Churned,10/6/2025,Post-churn activity,Valid,TRUE,Lower Value,Churned,1
C00011,2025-01-01,14122.5,27559.56,34755.35,44,26,25,24,1,0,0,0,,0,3,4.5,TRUE,76.6,Active,,Valid or active,Valid,FALSE,Lower Value,Active,1
C00011,2025-02-01,10455.58,23518.88,20268.22,41,26,25,27,1,1,0,0,,1,5,4,TRUE,74.7,Active,,Valid or active,Valid,FALSE,Lower Value,Active,1
C00011,2025-03-01,12487.66,22910.95,27601.06,52,36,15,7,0,0,0,0,,2,15,4.4,TRUE,76.4,Active,,Valid or active,Valid,FALSE,Lower Value,Active,1
C00011,2025-04-01,13860.03,19345.27,28491.46,49,22,22,17,1,0,0,0,,3,2,3.9,TRUE,75.1,Active,,Valid or active,Valid,FALSE,Lower Value,Active,1
C00011,2025-05-01,14166.56,18301.62,21901.02,33,24,31,29,0,0,0,0,,1,0,3.8,TRUE,73.4,Active,,Valid or active,Valid,FALSE,Lower Value,Active,1
C00011,2025-06-01,11040.61,22167.33,24736.71,50,35,30,24,1,1,0,0,,0,3,4.4,TRUE,89.2,Active,,Valid or active,Valid,FALSE,Lower Value,Active,1
C00011,2025-07-01,13164.45,22362.19,21522.24,47,26,21,18,1,1,0,0,,2,6,4.1,TRUE,74.8,Active,,Valid or active,Valid,FALSE,Lower Value,Active,1
C00011,2025-08-01,11097,20645.06,21941.39,49,19,26,15,0,1,0,0,,1,3,3.7,TRUE,77.5,Active,,Valid or active,Valid,FALSE,Lower Value,Active,1
C00011,2025-09-01,12122.75,25649.73,27755.53,55,28,18,7,1,0,0,0,,1,5,4.3,TRUE,77.9,Active,,Valid or active,Valid,FALSE,Lower Value,Active,1
C00011,2025-10-01,12478.56,22471.09,19355.21,49,26,21,12,0,1,0,0,,0,3,4.4,TRUE,76,Active,,Valid or active,Valid,FALSE,Lower Value,Active,1
C00011,2025-11-01,10996.71,30749.76,26974.42,38,18,18,20,0,0,0,0,,0,7,3.5,TRUE,62.6,Active,,Valid or active,Valid,FALSE,Lower Value,Active,1
C00011,2025-12-01,9954.24,23371.37,21687.08,42,21,20,17,0,0,0,0,,0,0,3.5,FALSE,68.4,Active,,Valid or active,Valid,FALSE,Lower Value,Active,0
C00012,2025-01-01,-4494.06,4123.66,5895.55,22,0,28,21,1,0,1,0,,0,2,4.3,FALSE,44.6,Churned,9/23/2025,Valid or active,Valid,FALSE,Lower Value,Churned,0
C00012,2025-02-01,-4962.36,3116.16,4055.77,36,0,26,30,2,1,1,2,10.3,0,0,3.3,FALSE,51.6,Churned,9/23/2025,Valid or active,Valid,FALSE,Lower Value,Churned,0
C00012,2025-03-01,-4318.98,2608.63,5805.63,26,3,19,25,1,0,0,0,,0,0,3.6,FALSE,40.1,Churned,9/23/2025,Valid or active,Valid,FALSE,Lower Value,Churned,0
C00012,2025-04-01,-4010.05,4265.03,3947.45,11,1,13,8,1,0,1,0,,1,12,3.2,FALSE,24.1,Churned,9/23/2025,Valid or active,Valid,FALSE,Lower Value,Churned,0
C00012,2025-05-01,-2537.42,4204.23,4456.03,17,0,17,23,3,1,0,1,5.8,0,8,3.3,FALSE,31.1,Churned,9/23/2025,Valid or active,Valid,FALSE,Lower Value,Churned,0
C00012,2025-06-01,-4333.81,3118.64,3137.08,20,3,17,16,1,1,0,0,,0,8,3.7,FALSE,34.4,Churned,9/23/2025,Valid or active,Valid,FALSE,Lower Value,Churned,0
C00012,2025-07-01,-4909.21,3228.2,5441.02,21,5,17,13,1,1,1,1,5.2,0,3,3.1,FALSE,36,Churned,9/23/2025,Valid or active,Valid,FALSE,Lower Value,Churned,0
C00012,2025-08-01,-2335.48,4275.05,5549.27,31,0,18,23,0,0,2,0,,1,9,3.5,FALSE,40.9,Churned,9/23/2025,Valid or active,Valid,FALSE,Lower Value,Churned,0
C00012,2025-09-01,-7820.04,3215.07,3172.68,5,3,15,21,0,0,0,2,4.2,0,16,3.4,FALSE,23,Churned,9/23/2025,Valid or active,Valid,FALSE,Lower Value,Churned,0
C00012,2025-10-01,-4358.77,3771.19,3438.51,13,7,7,3,0,0,1,1,5.8,0,17,3,FALSE,22.5,Churned,9/23/2025,Post-churn activity,Valid,TRUE,Lower Value,Churned,0
C00012,2025-11-01,-4929.34,4382.31,6073.39,16,0,12,25,1,1,0,0,,0,12,2.5,FALSE,25.8,Churned,9/23/2025,Post-churn activity,Valid,TRUE,Lower Value,Churned,0
C00012,2025-12-01,-6257.21,2807.95,4293.08,10,5,5,0,0,2,3,2,6.7,0,19,2.9,FALSE,17.8,Churned,9/23/2025,Post-churn activity,Valid,TRUE,Lower Value,Churned,0
C00013,2025-01-01,57405.2,20937.31,24399.67,71,39,17,17,2,0,1,1,8.8,2,0,3.4,TRUE,78.9,Active,,Valid or active,Valid,FALSE,Lower Value,Active,1
C00013,2025-02-01,63249.31,28987.05,32204,55,37,8,8,1,0,0,0,,5,7,3.2,TRUE,67.3,Active,,Valid or active,Valid,FALSE,Lower Value,Active,1
C00013,2025-03-01,52872.2,20351.86,24712.24,49,28,14,20,2,2,0,0,,1,6,2.8,FALSE,65.9,Active,,Valid or active,Valid,FALSE,Lower Value,Active,0
C00013,2025-04-01,53756.33,28698.83,33312.64,49,34,13,9,3,3,0,0,,2,0,3.4,TRUE,67.7,Active,,Valid or active,Valid,FALSE,Lower Value,Active,1
C00013,2025-05-01,59289.22,20415,19626.27,35,18,8,9,0,2,0,0,,3,0,3.1,TRUE,46.9,Active,,Valid or active,Valid,FALSE,Lower Value,Active,1
C00013,2025-06-01,60889.62,22983.21,20020.18,45,25,6,10,2,0,0,0,,4,3,3.2,TRUE,54.5,Active,,Valid or active,Valid,FALSE,Lower Value,Active,1
C00013,2025-07-01,51614.12,35256.93,45641.94,54,29,14,8,0,3,0,0,,0,4,3.6,TRUE,69.5,Active,,Valid or active,Valid,FALSE,Lower Value,Active,1
C00013,2025-08-01,47753.61,28415.25,30811.56,39,30,0,0,1,1,1,1,13,2,7,3.3,TRUE,47.4,Active,,Valid or active,Valid,FALSE,Lower Value,Active,1
C00013,2025-09-01,49854.47,18951.71,26225.41,51,30,12,5,2,4,1,1,13.5,1,8,3.2,FALSE,66.2,Active,,Valid or active,Valid,FALSE,Lower Value,Active,0
C00013,2025-10-01,51684.16,29857.36,39060.62,47,31,13,8,0,2,1,0,,1,0,3.4,TRUE,65.1,Active,,Valid or active,Valid,FALSE,Lower Value,Active,1
C00013,2025-11-01,44034.36,36055.84,35529.51,43,25,10,3,2,2,3,2,6.9,1,3,2.4,TRUE,57,Active,,Valid or active,Valid,FALSE,Lower Value,Active,1
C00013,2025-12-01,55228.14,34908.79,43386.08,33,23,13,15,1,1,1,1,10,2,0,3.3,TRUE,52.5,Active,,Valid or active,Valid,FALSE,Lower Value,Active,1
C00014,2025-01-01,637.79,4298.58,7103.77,29,0,28,27,0,1,0,0,,0,5,5,FALSE,53.5,Active,,Valid or active,Valid,FALSE,Lower Value,Active,0
C00014,2025-02-01,-886.65,3398.34,4170.93,28,3,38,34,4,0,0,0,,0,6,4.9,FALSE,56.1,Active,,Valid or active,Valid,FALSE,Lower Value,Active,0
C00014,2025-03-01,1178.57,4223.63,6685.95,24,0,30,27,0,2,0,0,,1,0,4.5,FALSE,52.2,Active,,Valid or active,Valid,FALSE,Lower Value,Active,0
C00014,2025-04-01,-968.43,3601.33,4726.16,13,4,34,31,0,0,0,0,,0,14,5,FALSE,47.1,Active,,Valid or active,Valid,FALSE,Lower Value,Active,0
C00014,2025-05-01,242.86,3166,4471.58,28,0,34,27,0,0,0,0,,1,3,5,FALSE,54.7,Active,,Valid or active,Valid,FALSE,Lower Value,Active,0
C00014,2025-06-01,-199.6,3501.21,6187.68,34,0,33,23,0,1,0,0,,0,7,5,FALSE,58.5,Active,,Valid or active,Valid,FALSE,Lower Value,Active,0
C00014,2025-07-01,-419.19,3171.37,4262.7,23,0,35,21,0,1,0,0,,0,3,5,FALSE,51.6,Active,,Valid or active,Valid,FALSE,Lower Value,Active,0
C00014,2025-08-01,-735.4,4070.59,5630.99,21,6,34,34,2,0,0,0,,0,0,4.5,FALSE,53,Active,,Valid or active,Valid,FALSE,Lower Value,Active,0
C00014,2025-09-01,-35.3,4590.54,3749.53,34,3,37,25,0,0,0,0,,0,0,4,FALSE,59.9,Active,,Valid or active,Valid,FALSE,Lower Value,Active,0
C00014,2025-10-01,1456.43,3504.48,4447.79,25,8,30,28,1,0,1,0,,0,1,4.8,FALSE,56.5,Active,,Valid or active,Valid,FALSE,Lower Value,Active,0
C00014,2025-11-01,-132.1,4456.95,5238.42,23,2,30,9,1,0,0,0,,1,9,4.9,FALSE,52.5,Active,,Valid or active,Valid,FALSE,Lower Value,Active,0
C00014,2025-12-01,-321.65,4154.92,5683.12,24,0,38,30,2,0,0,1,9.4,0,2,4.8,FALSE,52.2,Active,,Valid or active,Valid,FALSE,Lower Value,Active,0
C00015,2025-01-01,18162.19,18312.56,15964.9,53,28,18,13,1,0,0,0,,0,4,4.9,TRUE,76.7,Churned,10/15/2025,Valid or active,Valid,FALSE,High Value,Churned,1
C00015,2025-02-01,16371.27,11394.44,12779.04,51,30,15,8,5,0,1,0,,1,0,4.2,FALSE,73.5,Churned,10/15/2025,Valid or active,Valid,FALSE,High Value,Churned,0
C00015,2025-03-01,16489.47,24877.74,26552.16,55,25,10,5,6,0,1,1,7.4,2,1,5,TRUE,69.1,Churned,10/15/2025,Valid or active,Valid,FALSE,High Value,Churned,1
C00015,2025-04-01,18868.67,18373.1,15990.77,47,29,15,12,3,1,0,1,13.2,1,0,4.1,FALSE,70.5,Churned,10/15/2025,Valid or active,Valid,FALSE,High Value,Churned,0
C00015,2025-05-01,16750.96,19219.08,23845.89,52,31,8,4,1,1,1,1,4.9,0,1,4.2,TRUE,68.1,Churned,10/15/2025,Valid or active,Valid,FALSE,High Value,Churned,1
C00015,2025-06-01,15984.6,19077.98,17448.83,43,22,15,14,2,0,1,1,1.9,0,3,4.6,TRUE,64.8,Churned,10/15/2025,Valid or active,Valid,FALSE,High Value,Churned,1
C00015,2025-07-01,13522.77,16567.01,16532.94,45,27,12,1,1,0,0,0,,0,1,4.5,TRUE,65.5,Churned,10/15/2025,Valid or active,Valid,FALSE,High Value,Churned,1
C00015,2025-08-01,10783.48,14335.46,17047.46,33,15,8,6,0,0,1,1,1.7,0,7,4.1,TRUE,48.7,Churned,10/15/2025,Valid or active,Valid,FALSE,High Value,Churned,1
C00015,2025-09-01,2225.71,20308.22,23308.13,48,24,10,5,2,0,0,0,,0,8,4.4,TRUE,64.2,Churned,10/15/2025,Valid or active,Valid,FALSE,High Value,Churned,1
C00015,2025-10-01,-632.81,15597.12,11095.59,40,25,13,5,1,2,2,0,,2,5,4.3,FALSE,62.4,Churned,10/15/2025,Valid or active,Valid,FALSE,High Value,Churned,0
C00015,2025-11-01,-343.2,11430.09,15857.47,40,14,8,5,1,3,1,3,6.5,1,10,3.7,FALSE,52.7,Churned,10/15/2025,Post-churn activity,Valid,TRUE,High Value,Churned,0
C00015,2025-12-01,2842.89,17070.21,21664.81,35,18,6,2,1,1,0,0,,0,9,4.1,FALSE,49.5,Churned,10/15/2025,Post-churn activity,Valid,TRUE,High Value,Churned,0
C00016,2025-01-01,50800.87,11649.35,14412.74,35,17,14,16,0,0,0,0,,0,0,5,TRUE,52,Active,,Valid or active,Valid,FALSE,Lower Value,Active,1
C00016,2025-02-01,43470.03,15895.55,16069.58,44,24,9,4,2,0,0,0,,0,8,4.7,TRUE,56.2,Active,,Valid or active,Valid,FALSE,Lower Value,Active,1
C00016,2025-03-01,49784.82,11636.42,9696.81,33,23,16,9,0,1,0,0,,0,5,4.8,FALSE,55.3,Active,,Valid or active,Valid,FALSE,Lower Value,Active,0
C00016,2025-04-01,52723.07,12586.38,17514.53,31,25,14,19,0,1,0,0,,0,8,5,TRUE,53.1,Active,,Valid or active,Valid,FALSE,Lower Value,Active,1
C00016,2025-05-01,46944.84,15677.25,20143.45,34,24,17,21,0,0,1,0,,2,2,5,TRUE,57.4,Active,,Valid or active,Valid,FALSE,Lower Value,Active,1
C00016,2025-06-01,46713.97,9605.04,13050.54,47,23,12,14,2,0,0,1,6.2,0,1,4.8,FALSE,60.5,Active,,Valid or active,Valid,FALSE,Lower Value,Active,0
C00016,2025-07-01,58856.78,14494.24,13290.79,36,19,18,10,1,0,0,0,,0,0,4.5,TRUE,57.3,Active,,Valid or active,Valid,FALSE,Lower Value,Active,1
C00016,2025-08-01,41568.46,16918.96,14529.33,37,20,16,23,0,0,1,0,,0,2,4.6,TRUE,56.5,Active,,Valid or active,Valid,FALSE,Lower Value,Active,1
C00016,2025-09-01,54070.3,11744.33,14236.72,38,25,12,16,2,1,0,1,1.5,3,2,5,TRUE,55.7,Active,,Valid or active,Valid,FALSE,Lower Value,Active,1
C00016,2025-10-01,46099.11,13220.04,12857.31,33,25,14,13,2,1,0,0,,0,4,4.7,FALSE,54.4,Active,,Valid or active,Valid,FALSE,Lower Value,Active,0
C00016,2025-11-01,45353.84,16137.21,16963.73,20,8,11,14,0,1,0,0,,0,16,4.1,TRUE,35.6,Active,,Valid or active,Valid,FALSE,Lower Value,Active,1
C00016,2025-12-01,45783.64,13491.96,11231.86,40,27,19,15,1,0,0,0,,0,0,5,TRUE,64.4,Active,,Valid or active,Valid,FALSE,Lower Value,Active,1
C00017,2025-01-01,-659.18,11280.23,10924.01,34,3,7,0,0,0,0,0,,0,5,4.1,TRUE,38.4,Churned,12/7/2025,Valid or active,Valid,FALSE,Lower Value,Churned,1
C00017,2025-02-01,-2522.57,9455.83,10783.3,36,1,7,4,1,1,0,0,,0,7,4,TRUE,38.8,Churned,12/7/2025,Valid or active,Valid,FALSE,Lower Value,Churned,1
C00017,2025-03-01,-51.68,6666.03,9985.14,30,1,11,20,1,1,0,0,,1,0,4.1,FALSE,38.7,Churned,12/7/2025,Valid or active,Valid,FALSE,Lower Value,Churned,0
C00017,2025-04-01,-598.12,7859.79,7756.61,29,0,10,15,1,0,0,0,,1,10,3.2,FALSE,36.7,Churned,12/7/2025,Valid or active,Valid,FALSE,Lower Value,Churned,0
C00017,2025-05-01,-43.51,7086.6,11442.74,31,0,10,10,3,1,0,0,,1,3,3.6,FALSE,38,Churned,12/7/2025,Valid or active,Valid,FALSE,Lower Value,Churned,0
C00017,2025-06-01,-887.3,12780.52,17390.72,30,0,0,0,0,1,0,0,,1,6,3,TRUE,28,Churned,12/7/2025,Valid or active,Valid,FALSE,Lower Value,Churned,1
C00017,2025-07-01,1497.52,13257.82,15479.54,38,0,4,0,1,0,2,2,10.3,1,13,4,TRUE,36.8,Churned,12/7/2025,Valid or active,Valid,FALSE,Lower Value,Churned,1
C00017,2025-08-01,736.37,10315.36,10515.87,24,6,10,19,2,1,2,1,6.2,2,12,3.3,FALSE,36.3,Churned,12/7/2025,Valid or active,Valid,FALSE,Lower Value,Churned,0
C00017,2025-09-01,-4780.22,11721.26,16605.78,28,0,7,14,1,1,0,0,,0,12,4,TRUE,33.3,Churned,12/7/2025,Valid or active,Valid,FALSE,Lower Value,Churned,1
C00017,2025-10-01,-11059.47,9682.37,11923.38,11,0,1,1,2,0,1,0,,0,18,2.9,FALSE,16.9,Churned,12/7/2025,Valid or active,Valid,FALSE,Lower Value,Churned,0
C00017,2025-11-01,-9502.23,14501.47,13353.37,33,0,7,15,0,0,0,2,0.4,0,8,3.1,TRUE,36.4,Churned,12/7/2025,Valid or active,Valid,FALSE,Lower Value,Churned,1
C00017,2025-12-01,-5000.33,9623.56,9502.51,24,0,5,4,1,0,2,1,0.4,1,3,3.2,FALSE,28.9,Churned,12/7/2025,Valid or active,Valid,FALSE,Lower Value,Churned,0
C00018,2025-01-01,42377.24,16751.43,15146.24,43,25,21,27,2,0,0,0,,1,4,2.6,TRUE,71.8,Churned,10/18/2025,Valid or active,Valid,FALSE,High Value,Churned,1
C00018,2025-02-01,37127.35,14019.21,17751.39,46,25,21,24,3,1,1,0,,1,6,3.5,TRUE,73.7,Churned,10/18/2025,Valid or active,Valid,FALSE,High Value,Churned,1
C00018,2025-03-01,38536.96,15649.68,16311.52,45,24,18,23,3,0,0,1,15.8,2,3,2.5,TRUE,69.8,Churned,10/18/2025,Valid or active,Valid,FALSE,High Value,Churned,1
C00018,2025-04-01,40006.61,13801.95,16279.39,42,26,17,28,5,1,0,0,,1,0,3.1,TRUE,67.9,Churned,10/18/2025,Valid or active,Valid,FALSE,High Value,Churned,1
C00018,2025-05-01,40549.95,8666.68,11967.23,48,24,17,26,0,2,1,0,,1,4,2.8,FALSE,70.7,Churned,10/18/2025,Valid or active,Valid,FALSE,High Value,Churned,0
C00018,2025-06-01,39099.93,11342.2,14464.83,36,21,23,16,0,0,0,0,,4,6,2.3,FALSE,67.4,Churned,10/18/2025,Valid or active,Valid,FALSE,High Value,Churned,0
C00018,2025-07-01,37345.7,11116.64,14876.33,32,14,16,22,2,0,1,2,11.7,1,4,3.1,TRUE,55.1,Churned,10/18/2025,Valid or active,Valid,FALSE,High Value,Churned,1
C00018,2025-08-01,39382.82,8871.09,11137.11,40,19,20,27,0,2,3,2,10.9,3,0,1.9,FALSE,66.2,Churned,10/18/2025,Valid or active,Valid,FALSE,High Value,Churned,0
C00018,2025-09-01,29337.81,12561.82,16942.76,46,21,22,35,2,0,3,1,11.5,1,3,2,TRUE,72.8,Churned,10/18/2025,Valid or active,Valid,FALSE,High Value,Churned,1
C00018,2025-10-01,31911.72,15911.42,20797.81,25,10,20,28,4,3,0,2,11.9,2,2,3.4,TRUE,52.6,Churned,10/18/2025,Valid or active,Valid,FALSE,High Value,Churned,1
C00018,2025-11-01,31551.99,9949.99,12887.14,42,18,19,18,1,1,1,0,,2,4,2.9,TRUE,66.1,Churned,10/18/2025,Post-churn activity,Valid,TRUE,High Value,Churned,1
C00018,2025-12-01,35157.04,14390.98,13751.7,36,16,17,18,3,1,0,2,5.7,3,4,2.6,TRUE,59.5,Churned,10/18/2025,Post-churn activity,Valid,TRUE,High Value,Churned,1
C00019,2025-01-01,36588.46,11490.73,14429.1,30,21,0,2,2,1,0,0,,1,11,3.3,TRUE,42.1,Active,,Valid or active,Valid,FALSE,High Value,Active,1
C00019,2025-02-01,39928.19,9923.38,12079.66,32,13,12,19,1,0,0,0,,0,6,4.1,TRUE,50.9,Active,,Valid or active,Valid,FALSE,High Value,Active,1
C00019,2025-03-01,41242.53,16873.92,17713.7,17,7,11,20,3,1,0,0,,0,17,4.5,TRUE,37.7,Active,,Valid or active,Valid,FALSE,High Value,Active,1
C00019,2025-04-01,39649.06,11040.4,9852.1,20,9,2,2,0,0,0,0,,0,16,4.4,TRUE,32.1,Active,,Valid or active,Valid,FALSE,High Value,Active,1
C00019,2025-05-01,36872.32,11049.94,12233.11,21,11,10,16,1,0,0,0,,0,8,3.6,FALSE,41.2,Active,,Valid or active,Valid,FALSE,High Value,Active,0
C00019,2025-06-01,36514.26,16303.6,13357.53,21,11,4,0,0,0,0,0,,0,20,4.2,TRUE,35.6,Active,,Valid or active,Valid,FALSE,High Value,Active,1
C00019,2025-07-01,43674.44,16326.35,21222.21,27,20,8,8,0,0,0,0,,0,19,4,TRUE,47.2,Active,,Valid or active,Valid,FALSE,High Value,Active,1
C00019,2025-08-01,35245.28,15881.97,16472.91,31,14,0,0,0,0,0,0,,0,15,3.4,TRUE,39.5,Active,,Valid or active,Valid,FALSE,High Value,Active,1
C00019,2025-09-01,39380.31,11127.07,12054.18,20,15,0,0,1,0,0,0,,1,15,4,TRUE,33,Active,,Valid or active,Valid,FALSE,High Value,Active,1
C00019,2025-10-01,38334.84,13508.66,9621.92,14,11,5,1,3,0,0,0,,0,20,3.5,TRUE,32.1,Active,,Valid or active,Valid,FALSE,High Value,Active,1
C00019,2025-11-01,30229.31,12598.55,15694.4,11,5,6,1,1,1,0,0,,1,13,4.4,TRUE,28.4,Active,,Valid or active,Valid,FALSE,High Value,Active,1
C00019,2025-12-01,36614,17264.29,21185.79,6,0,6,11,0,0,0,0,,0,26,3.6,TRUE,22.9,Active,,Valid or active,Valid,FALSE,High Value,Active,1
C00020,2025-01-01,15728.87,21285.85,24801.89,58,34,16,16,3,0,0,0,,1,0,5,TRUE,76.2,Active,,Valid or active,Valid,FALSE,Lower Value,Active,1
C00020,2025-02-01,17606.87,18483.17,20942.23,53,25,14,23,1,2,0,0,,1,5,5,TRUE,67.1,Active,,Valid or active,Valid,FALSE,Lower Value,Active,1
C00020,2025-03-01,16406.84,14037.51,18269.36,57,29,15,15,0,0,0,0,,0,0,5,TRUE,72.4,Active,,Valid or active,Valid,FALSE,Lower Value,Active,1
C00020,2025-04-01,17638.64,15475.33,14714.38,44,17,25,30,0,1,0,0,,0,0,5,TRUE,68,Active,,Valid or active,Valid,FALSE,Lower Value,Active,1
C00020,2025-05-01,15209.23,15113.53,21708.17,51,19,15,14,1,2,0,0,,0,5,5,TRUE,64,Active,,Valid or active,Valid,FALSE,Lower Value,Active,1
C00020,2025-06-01,15537.47,22703.53,32257.51,61,36,19,14,1,0,0,0,,2,6,4.4,TRUE,80.7,Active,,Valid or active,Valid,FALSE,Lower Value,Active,1
C00020,2025-07-01,16739.67,21793.88,22870.59,52,27,19,23,1,1,0,0,,1,0,4.8,TRUE,72,Active,,Valid or active,Valid,FALSE,Lower Value,Active,1
C00020,2025-08-01,12841.21,13914.15,15163.85,52,24,16,14,0,2,0,0,,0,4,5,TRUE,67.8,Active,,Valid or active,Valid,FALSE,Lower Value,Active,1
C00020,2025-09-01,16056.96,19186.1,16663.68,36,12,9,12,2,0,0,0,,0,3,5,TRUE,45.7,Active,,Valid or active,Valid,FALSE,Lower Value,Active,1
C00020,2025-10-01,16258.26,13591.81,13168.23,43,21,14,26,1,0,0,0,,0,4,5,FALSE,58.9,Active,,Valid or active,Valid,FALSE,Lower Value,Active,0
C00020,2025-11-01,16832.33,16795.55,20448.95,50,29,13,17,0,1,1,1,4.7,1,0,3.7,TRUE,66.1,Active,,Valid or active,Valid,FALSE,Lower Value,Active,1
C00020,2025-12-01,16312.81,21101.01,27701.03,28,12,21,28,0,1,0,0,,1,10,5,TRUE,51.8,Active,,Valid or active,Valid,FALSE,Lower Value,Active,1
C00021,2025-01-01,-5412.83,1915.12,5596.54,37,0,12,17,1,1,0,0,,0,4,4.1,FALSE,39.1,Active,,Valid or active,Valid,FALSE,Lower Value,Active,0
C00021,2025-02-01,-5285.52,1335.32,5071.11,40,3,13,6,1,4,0,0,,0,0,3.7,FALSE,43.3,Active,,Valid or active,Valid,FALSE,Lower Value,Active,0
C00021,2025-03-01,-4339.31,1649.36,4371.36,31,0,16,14,1,1,1,1,4.5,1,0,4.1,FALSE,39.1,Active,,Valid or active,Valid,FALSE,Lower Value,Active,0
C00021,2025-04-01,-4242.69,1897.85,2907.02,33,2,17,12,2,0,0,0,,2,2,4.5,FALSE,42.2,Active,,Valid or active,Valid,FALSE,Lower Value,Active,0
C00021,2025-05-01,-4659.26,1896.71,4632.19,36,2,14,8,0,1,0,0,,0,3,4.4,FALSE,41.3,Active,,Valid or active,Valid,FALSE,Lower Value,Active,0
C00021,2025-06-01,-4739.42,1620.01,3289,29,3,14,13,2,2,1,1,4.1,0,2,4.1,FALSE,37.3,Active,,Valid or active,Valid,FALSE,Lower Value,Active,0
C00021,2025-07-01,-5181.17,1977.24,5747.89,34,5,9,6,1,1,0,0,,0,4,4.5,FALSE,36.7,Active,,Valid or active,Valid,FALSE,Lower Value,Active,0
C00021,2025-08-01,-4858.88,1489.16,5482.52,42,8,10,9,0,0,0,0,,0,2,4.2,FALSE,44.1,Active,,Valid or active,Valid,FALSE,Lower Value,Active,0
C00021,2025-09-01,-5230.22,1691.73,2712.73,38,7,10,13,0,0,0,0,,0,2,4,FALSE,41.1,Active,,Valid or active,Valid,FALSE,Lower Value,Active,0
C00021,2025-10-01,-5713.53,1583.2,5693.06,37,0,19,20,0,2,0,0,,0,1,4.8,FALSE,45.7,Active,,Valid or active,Valid,FALSE,Lower Value,Active,0
C00021,2025-11-01,-5092.82,1744.95,3926.17,28,5,14,6,1,0,0,0,,1,3,5,FALSE,37.6,Active,,Valid or active,Valid,FALSE,Lower Value,Active,0
C00021,2025-12-01,-5390.24,1480.55,2855.08,35,8,17,11,1,0,0,0,,0,0,4,FALSE,46.2,Active,,Valid or active,Valid,FALSE,Lower Value,Active,0
C00022,2025-01-01,20540.12,11584.66,14232.26,48,0,29,38,0,0,0,0,,1,1,4.8,FALSE,71,Active,,Valid or active,Valid,FALSE,Lower Value,Active,0
C00022,2025-02-01,20595.27,13714.69,12728.83,46,0,27,30,1,1,0,0,,1,0,4.3,TRUE,67.8,Active,,Valid or active,Valid,FALSE,Lower Value,Active,1
C00022,2025-03-01,22859.1,12300.05,14075.62,66,8,23,23,0,0,0,0,,0,0,4,FALSE,76.6,Active,,Valid or active,Valid,FALSE,Lower Value,Active,0
C00022,2025-04-01,21624.38,12695.26,16707.03,49,4,25,42,2,0,0,0,,0,4,4.4,TRUE,69.7,Active,,Valid or active,Valid,FALSE,Lower Value,Active,1
C00022,2025-05-01,22868.71,12821.32,16048,46,1,22,23,2,1,0,0,,1,2,4.7,TRUE,63.6,Active,,Valid or active,Valid,FALSE,Lower Value,Active,1
C00022,2025-06-01,21016.98,14014.79,13604.41,50,0,24,31,0,1,0,0,,2,3,3.8,TRUE,67.6,Active,,Valid or active,Valid,FALSE,Lower Value,Active,1
C00022,2025-07-01,21898.91,15760.68,14228.73,64,5,19,23,0,0,0,0,,2,1,4.2,FALSE,71.5,Active,,Valid or active,Valid,FALSE,Lower Value,Active,0
C00022,2025-08-01,19948.42,10155.58,11436.73,39,4,23,35,1,0,0,0,,0,5,4.5,FALSE,61.5,Active,,Valid or active,Valid,FALSE,Lower Value,Active,0
C00022,2025-09-01,19656.39,9344.62,9248.23,65,0,19,25,1,1,1,0,,0,5,4.7,FALSE,69.2,Active,,Valid or active,Valid,FALSE,Lower Value,Active,0
C00022,2025-10-01,18185.78,12656.81,15818.74,50,11,26,27,2,1,0,0,,0,0,4.1,TRUE,74.5,Active,,Valid or active,Valid,FALSE,Lower Value,Active,1
C00022,2025-11-01,17678.17,19193.31,24706.49,54,5,26,30,0,0,0,1,0.8,1,7,4.7,TRUE,74.3,Active,,Valid or active,Valid,FALSE,Lower Value,Active,1
C00022,2025-12-01,20328.44,14254.66,16099.42,58,0,22,33,1,1,1,1,4.9,0,0,3.5,FALSE,70.8,Active,,Valid or active,Valid,FALSE,Lower Value,Active,0
C00023,2025-01-01,43040.6,14687.86,17228.9,30,14,11,14,0,0,0,0,,2,1,3.8,TRUE,49.2,Active,,Valid or active,Valid,FALSE,High Value,Active,1
C00023,2025-02-01,37977.64,13595.97,14101.14,46,22,14,23,0,0,0,0,,0,9,3.6,TRUE,65.8,Active,,Valid or active,Valid,FALSE,High Value,Active,1
C00023,2025-03-01,38900.48,14049.95,18848.37,48,31,13,10,2,0,0,0,,1,2,3.4,TRUE,70.2,Active,,Valid or active,Valid,FALSE,High Value,Active,1
C00023,2025-04-01,39575.81,14538.22,13607.27,34,15,20,26,0,0,0,0,,0,0,4.6,TRUE,60.6,Active,,Valid or active,Valid,FALSE,High Value,Active,1
C00023,2025-05-01,35488.15,14448.39,13228.2,40,21,13,15,0,0,0,0,,1,9,3.9,TRUE,60.6,Active,,Valid or active,Valid,FALSE,High Value,Active,1
C00023,2025-06-01,38032.25,17589.27,15023.88,52,27,15,18,1,0,0,0,,0,7,3.5,TRUE,72.8,Active,,Valid or active,Valid,FALSE,High Value,Active,1
C00023,2025-07-01,34544.87,17034.04,19375.78,34,19,11,3,2,0,0,0,,1,10,3.5,FALSE,54,Active,,Valid or active,Valid,FALSE,High Value,Active,0
C00023,2025-08-01,36394.51,14089.04,17688.61,34,22,16,28,0,1,0,0,,1,7,3.5,FALSE,60,Active,,Valid or active,Valid,FALSE,High Value,Active,0
C00023,2025-09-01,32638.97,22002.39,17126.68,37,20,18,14,0,2,0,0,,2,8,3.3,TRUE,62.9,Active,,Valid or active,Valid,FALSE,High Value,Active,1
C00023,2025-10-01,35571.72,14661.41,13502.03,41,27,16,17,0,2,0,0,,2,6,3.8,TRUE,66.7,Active,,Valid or active,Valid,FALSE,High Value,Active,1
C00023,2025-11-01,36399.93,17780.77,20670.83,44,22,18,21,0,0,0,0,,2,6,4.1,TRUE,68.2,Active,,Valid or active,Valid,FALSE,High Value,Active,1
C00023,2025-12-01,33959.37,11690.7,9871.05,36,21,13,20,2,2,0,0,,0,2,3.5,FALSE,58,Active,,Valid or active,Valid,FALSE,High Value,Active,0
C00024,2025-01-01,18421.43,12886.05,13124,45,0,6,4,4,2,0,0,,0,8,2,TRUE,47.6,Churned,10/10/2025,Valid or active,Valid,FALSE,Lower Value,Churned,1
C00024,2025-02-01,18933.82,8957.04,10447.61,36,0,9,5,3,3,1,0,,0,2,2,TRUE,44.7,Churned,10/10/2025,Valid or active,Valid,FALSE,Lower Value,Churned,1
C00024,2025-03-01,16927.68,9683.48,11629.91,32,9,14,13,2,2,1,1,7.9,0,0,2,TRUE,50.9,Churned,10/10/2025,Valid or active,Valid,FALSE,Lower Value,Churned,1
C00024,2025-04-01,16959.27,8034.04,9131.47,37,11,9,5,6,2,0,0,,0,3,1.8,TRUE,50.4,Churned,10/10/2025,Valid or active,Valid,FALSE,Lower Value,Churned,1
C00024,2025-05-01,17212.44,8935.38,13303.15,37,1,11,4,4,4,1,1,8.9,0,5,2.3,FALSE,47.7,Churned,10/10/2025,Valid or active,Valid,FALSE,Lower Value,Churned,0
C00024,2025-06-01,16134.93,11658.73,11399.47,35,0,14,15,4,3,1,0,,0,1,2.1,TRUE,48.7,Churned,10/10/2025,Valid or active,Valid,FALSE,Lower Value,Churned,1
C00024,2025-07-01,17638.53,8032.65,8096.66,44,0,13,5,4,3,1,2,8.5,1,5,2,TRUE,53.5,Churned,10/10/2025,Valid or active,Valid,FALSE,Lower Value,Churned,1
C00024,2025-08-01,15866.27,12288.17,10566.47,34,0,7,8,2,0,2,3,14.4,1,3,2.4,TRUE,41.6,Churned,10/10/2025,Valid or active,Valid,FALSE,Lower Value,Churned,1
C00024,2025-09-01,14370.89,11503.61,12495.23,23,0,7,6,4,1,1,1,11.9,0,14,1.7,TRUE,34.6,Churned,10/10/2025,Valid or active,Valid,FALSE,Lower Value,Churned,1
C00024,2025-10-01,15176.47,8462.4,7228.97,24,2,9,10,2,1,1,0,,0,6,2.4,TRUE,38,Churned,10/10/2025,Valid or active,Valid,FALSE,Lower Value,Churned,1
C00024,2025-11-01,14629.27,9287.84,8868.3,31,5,16,12,4,0,2,2,5.6,4,0,1.1,FALSE,50.4,Churned,10/10/2025,Post-churn activity,Valid,TRUE,Lower Value,Churned,0
C00024,2025-12-01,14473.14,12293.37,11317.44,25,4,8,1,6,3,0,0,,0,11,1.7,TRUE,38.6,Churned,10/10/2025,Post-churn activity,Valid,TRUE,Lower Value,Churned,1
C00025,2025-01-01,43509.19,8208.9,9887.09,68,46,14,22,1,3,0,0,,1,0,4.1,TRUE,80.6,Active,,Valid or active,Valid,FALSE,Lower Value,Active,1
C00025,2025-02-01,44931.15,11297.42,18300.65,56,30,11,17,0,0,0,0,,1,11,3.3,TRUE,72.9,Active,,Valid or active,Valid,FALSE,Lower Value,Active,1
C00025,2025-03-01,39734.32,9807.94,10181.6,48,22,11,10,0,1,0,0,,0,7,3.5,TRUE,64.2,Active,,Valid or active,Valid,FALSE,Lower Value,Active,1
C00025,2025-04-01,40817.85,11946.89,19947.43,53,28,11,1,0,0,0,0,,0,9,4.7,TRUE,70.1,Active,,Valid or active,Valid,FALSE,Lower Value,Active,1
C00025,2025-05-01,34167.79,9460.08,11407.69,53,37,19,25,0,0,0,0,,0,2,3.7,TRUE,80.8,Active,,Valid or active,Valid,FALSE,Lower Value,Active,1
C00025,2025-06-01,35822.19,12795.99,13150.46,43,20,17,14,1,1,0,0,,0,6,3.4,TRUE,65.7,Active,,Valid or active,Valid,FALSE,Lower Value,Active,1
C00025,2025-07-01,37633.35,10752.99,14156.35,41,14,11,4,0,0,1,0,,1,5,2.8,TRUE,56.1,Active,,Valid or active,Valid,FALSE,Lower Value,Active,1
C00025,2025-08-01,30566.31,6950.73,12326.07,40,26,9,3,0,1,1,1,6,0,5,2.7,FALSE,59.1,Active,,Valid or active,Valid,FALSE,Lower Value,Active,0
C00025,2025-09-01,20272.09,11584.54,10019.91,38,26,9,11,0,0,0,0,,4,6,2.4,TRUE,57.9,Active,,Valid or active,Valid,FALSE,Lower Value,Active,1
C00025,2025-10-01,17340.21,9664.56,14391.76,35,18,9,11,1,0,2,2,1.3,0,6,2.7,FALSE,52.3,Active,,Valid or active,Valid,FALSE,Lower Value,Active,0
C00025,2025-11-01,21011.88,9176.95,9970.34,30,16,2,6,0,1,0,0,,1,4,3.5,TRUE,41.7,Active,,Valid or active,Valid,FALSE,Lower Value,Active,1
C00025,2025-12-01,13497.77,9487.04,9358.51,24,10,10,6,1,0,0,1,14.3,0,10,3.3,TRUE,42.6,Active,,Valid or active,Valid,FALSE,Lower Value,Active,1
C00026,2025-01-01,20115.25,27081.85,28727.86,54,30,4,0,0,0,0,0,,0,14,5,TRUE,60.6,Active,,Valid or active,Valid,FALSE,Lower Value,Active,1
C00026,2025-02-01,24144.14,23301.03,18360.69,48,21,0,2,1,1,1,1,5.1,0,9,4.1,TRUE,49,Active,,Valid or active,Valid,FALSE,Lower Value,Active,1
C00026,2025-03-01,22761.6,28136.09,37322.4,52,29,18,15,0,2,0,0,,1,3,4.5,TRUE,72,Active,,Valid or active,Valid,FALSE,Lower Value,Active,1
C00026,2025-04-01,24097.96,19877.93,28395.57,43,30,8,9,1,1,0,0,,0,16,5,FALSE,57.4,Active,,Valid or active,Valid,FALSE,Lower Value,Active,0
C00026,2025-05-01,25907.5,30464.38,26172.41,36,21,8,2,1,0,0,0,,1,1,4.9,TRUE,48.9,Active,,Valid or active,Valid,FALSE,Lower Value,Active,1
C00026,2025-06-01,25326.8,33108.23,31737.47,48,28,10,0,0,1,0,0,,1,2,4.7,TRUE,61.5,Active,,Valid or active,Valid,FALSE,Lower Value,Active,1
C00026,2025-07-01,27353.25,24271.62,22860.79,62,34,5,0,2,0,0,0,,0,13,4.4,FALSE,67.2,Active,,Valid or active,Valid,FALSE,Lower Value,Active,0
C00026,2025-08-01,24182.35,35821.72,27300.4,73,46,7,7,1,0,0,0,,0,6,5,TRUE,69.5,Active,,Valid or active,Valid,FALSE,Lower Value,Active,1
C00026,2025-09-01,29530.55,31216.18,27271.41,49,23,6,9,0,0,0,0,,0,2,4.9,TRUE,56.1,Active,,Valid or active,Valid,FALSE,Lower Value,Active,1
C00026,2025-10-01,24120.14,38133.36,45852.12,55,30,4,2,0,1,0,0,,0,4,4.7,TRUE,61.3,Active,,Valid or active,Valid,FALSE,Lower Value,Active,1
C00026,2025-11-01,32075.4,26950.53,30636.25,58,41,4,0,1,1,0,0,,0,7,4.5,TRUE,65.5,Active,,Valid or active,Valid,FALSE,Lower Value,Active,1
C00026,2025-12-01,29521.7,26229.94,26523.13,64,37,10,14,0,0,0,0,,0,5,4.5,FALSE,72.3,Active,,Valid or active,Valid,FALSE,Lower Value,Active,0
C00027,2025-01-01,31005.49,22297.61,26591.26,44,23,13,17,1,0,0,0,,0,6,5,TRUE,68.5,Active,,Valid or active,Valid,FALSE,Lower Value,Active,1
C00027,2025-02-01,30130.05,18824.45,21061.16,46,26,24,36,3,0,0,0,,1,4,4.6,TRUE,81.4,Active,,Valid or active,Valid,FALSE,Lower Value,Active,1
C00027,2025-03-01,37606.54,15935.56,16491.17,43,26,14,14,1,1,0,0,,2,6,4.7,TRUE,70.2,Active,,Valid or active,Valid,FALSE,Lower Value,Active,1
C00027,2025-04-01,38724,17480.58,15889.79,28,16,17,26,4,0,0,0,,1,0,5,TRUE,58.9,Active,,Valid or active,Valid,FALSE,Lower Value,Active,1
C00027,2025-05-01,37731.97,20745.35,26381.05,31,20,15,24,2,0,0,0,,0,2,4.9,TRUE,60.8,Active,,Valid or active,Valid,FALSE,Lower Value,Active,1
C00027,2025-06-01,35379.01,26052.86,27176.56,47,25,16,25,1,0,0,0,,1,9,5,TRUE,74.1,Active,,Valid or active,Valid,FALSE,Lower Value,Active,1
C00027,2025-07-01,44019.01,27355.84,30829.57,60,44,15,17,1,0,1,0,,0,4,4.9,TRUE,86,Active,,Valid or active,Valid,FALSE,Lower Value,Active,1
C00027,2025-08-01,39325.73,16462,21111.48,55,26,13,7,1,1,0,1,2.2,1,0,4.3,TRUE,76.9,Active,,Valid or active,Valid,FALSE,Lower Value,Active,1
C00027,2025-09-01,47440.76,21571.42,30131.18,56,35,11,15,1,0,0,0,,1,9,4.7,TRUE,79.7,Active,,Valid or active,Valid,FALSE,Lower Value,Active,1
C00027,2025-10-01,43415.17,17921.47,14796.22,45,19,20,16,2,1,0,0,,1,2,5,TRUE,73.9,Active,,Valid or active,Valid,FALSE,Lower Value,Active,1
C00027,2025-11-01,48798.61,14759.21,15202.14,39,23,18,19,1,0,0,0,,1,9,4.6,FALSE,70,Active,,Valid or active,Valid,FALSE,Lower Value,Active,0
C00027,2025-12-01,48618.13,23592.7,20001.43,59,33,22,27,3,1,0,0,,0,5,4.9,TRUE,91,Active,,Valid or active,Valid,FALSE,Lower Value,Active,1
C00028,2025-01-01,78752.44,24192.29,25598.21,74,39,28,32,0,0,0,0,,0,0,4.5,TRUE,93.6,Churned,9/24/2025,Valid or active,Valid,FALSE,High Value,Churned,1
C00028,2025-02-01,66241.42,20732.45,26258.33,74,44,32,42,2,0,0,0,,2,5,4.3,TRUE,95.5,Churned,9/24/2025,Valid or active,Valid,FALSE,High Value,Churned,1
C00028,2025-03-01,62881.95,25398.11,34616.33,62,31,31,48,0,0,0,0,,1,7,4.3,TRUE,93.7,Churned,9/24/2025,Valid or active,Valid,FALSE,High Value,Churned,1
C00028,2025-04-01,63957.51,20178.28,23352.18,61,34,22,21,3,0,0,0,,0,2,5,FALSE,87.6,Churned,9/24/2025,Valid or active,Valid,FALSE,High Value,Churned,0
C00028,2025-05-01,59084.84,22146.3,22998.69,56,33,23,31,2,0,0,0,,1,0,5,TRUE,85.5,Churned,9/24/2025,Valid or active,Valid,FALSE,High Value,Churned,1
C00028,2025-06-01,51788.84,29854.81,26716.28,61,31,25,33,2,1,0,0,,0,0,5,TRUE,89,Churned,9/24/2025,Valid or active,Valid,FALSE,High Value,Churned,1
C00028,2025-07-01,57870.18,25664.85,23102.36,46,33,25,30,0,0,0,0,,0,4,3.7,TRUE,81.1,Churned,9/24/2025,Valid or active,Valid,FALSE,High Value,Churned,1
C00028,2025-08-01,53582.07,21063.13,24279.95,39,24,22,28,0,1,0,0,,1,1,3.7,TRUE,69.7,Churned,9/24/2025,Valid or active,Valid,FALSE,High Value,Churned,1
C00028,2025-09-01,32594.68,24553.42,29246.93,48,22,26,40,0,0,1,1,9.2,2,0,3.7,TRUE,78.2,Churned,9/24/2025,Valid or active,Valid,FALSE,High Value,Churned,1
C00028,2025-10-01,18820.54,28417.94,25843.38,40,27,21,17,0,0,0,0,,1,0,4.7,TRUE,70.8,Churned,9/24/2025,Post-churn activity,Valid,TRUE,High Value,Churned,1
C00028,2025-11-01,22651.87,26373.43,28536.27,29,11,19,21,1,0,1,1,3.4,0,4,4.7,FALSE,54.6,Churned,9/24/2025,Post-churn activity,Valid,TRUE,High Value,Churned,0
C00028,2025-12-01,24691.27,20119.64,18378,41,21,13,14,1,1,2,1,7.8,0,0,3.1,FALSE,61.2,Churned,9/24/2025,Post-churn activity,Valid,TRUE,High Value,Churned,0
C00029,2025-01-01,3008.86,24349.69,33886.67,37,16,10,0,1,0,0,0,,0,3,4.2,TRUE,49.1,Churned,9/9/2025,Valid or active,Valid,FALSE,Lower Value,Churned,1
C00029,2025-02-01,1885.27,19409,18747.78,32,19,11,9,1,0,0,0,,0,11,4.9,FALSE,48.2,Churned,9/9/2025,Valid or active,Valid,FALSE,Lower Value,Churned,0
C00029,2025-03-01,1894.75,16579.86,16475.2,21,9,13,20,1,0,0,0,,0,12,5,FALSE,38.5,Churned,9/9/2025,Valid or active,Valid,FALSE,Lower Value,Churned,0
C00029,2025-04-01,1872.82,24405.81,23742.66,5,5,4,2,2,1,1,1,3.6,1,20,3.8,TRUE,18.2,Churned,9/9/2025,Valid or active,Valid,FALSE,Lower Value,Churned,1
C00029,2025-05-01,3393.7,18636.3,17923.87,21,14,6,9,0,1,0,0,,1,15,4.1,FALSE,34.3,Churned,9/9/2025,Valid or active,Valid,FALSE,Lower Value,Churned,0
C00029,2025-06-01,1495.67,36526.85,36671.28,15,6,10,9,0,0,0,0,,0,18,4.2,TRUE,30.6,Churned,9/9/2025,Valid or active,Valid,FALSE,Lower Value,Churned,1
C00029,2025-07-01,3622.35,21732.43,23997.86,21,13,0,0,2,1,0,0,,0,10,4.6,TRUE,28.2,Churned,9/9/2025,Valid or active,Valid,FALSE,Lower Value,Churned,1
C00029,2025-08-01,3152.34,32410.05,27151.07,40,26,8,3,0,0,0,0,,0,14,4.4,TRUE,53.7,Churned,9/9/2025,Valid or active,Valid,FALSE,Lower Value,Churned,1
C00029,2025-09-01,1220.37,32044.08,26012.64,19,9,14,14,1,0,0,0,,0,11,4.6,TRUE,38.2,Churned,9/9/2025,Valid or active,Valid,FALSE,Lower Value,Churned,1
C00029,2025-10-01,1954.71,35260.66,31832.47,20,5,9,5,0,0,1,1,9,0,13,4.1,TRUE,32.4,Churned,9/9/2025,Post-churn activity,Valid,TRUE,Lower Value,Churned,1
C00029,2025-11-01,1300.69,25181.36,29411.36,22,16,3,1,1,0,0,0,,0,19,4.3,FALSE,33,Churned,9/9/2025,Post-churn activity,Valid,TRUE,Lower Value,Churned,0
C00029,2025-12-01,1425.04,33344.83,28399.58,18,13,11,8,0,1,0,0,,1,9,3.9,TRUE,36.6,Churned,9/9/2025,Post-churn activity,Valid,TRUE,Lower Value,Churned,1
C00030,2025-01-01,25024.98,13341.33,15804.7,52,30,21,14,2,0,0,0,,1,2,4.6,TRUE,75.2,Active,,Valid or active,Valid,FALSE,Lower Value,Active,1
C00030,2025-02-01,25441.21,12486.59,15879.77,56,30,19,16,1,1,0,0,,2,7,3.5,TRUE,75.9,Active,,Valid or active,Valid,FALSE,Lower Value,Active,1
C00030,2025-03-01,26443.69,11867.57,12810.07,43,23,13,11,1,0,0,0,,2,10,3.4,TRUE,58.9,Active,,Valid or active,Valid,FALSE,Lower Value,Active,1
C00030,2025-04-01,23402.22,12492.13,14502.69,23,22,22,13,0,0,1,1,1.3,0,0,3.5,FALSE,54.2,Active,,Valid or active,Valid,FALSE,Lower Value,Active,0
C00030,2025-05-01,19050.27,16530.9,12798.64,36,21,14,15,0,1,0,0,,0,1,3.4,TRUE,54.5,Active,,Valid or active,Valid,FALSE,Lower Value,Active,1
C00030,2025-06-01,23641.54,16140.42,20381.33,25,23,18,21,0,1,0,0,,3,0,3.4,TRUE,52.1,Active,,Valid or active,Valid,FALSE,Lower Value,Active,1
C00030,2025-07-01,18571.36,15816.37,19835.97,35,19,15,18,0,0,0,0,,1,5,3.5,TRUE,53.9,Active,,Valid or active,Valid,FALSE,Lower Value,Active,1
C00030,2025-08-01,17221.15,11839.21,10734.89,40,18,17,16,1,1,1,1,0.9,0,2,3.5,FALSE,58.4,Active,,Valid or active,Valid,FALSE,Lower Value,Active,0
C00030,2025-09-01,3625.79,16631.94,16174.43,25,12,2,0,0,2,0,0,,0,9,3.1,TRUE,32.2,Active,,Valid or active,Valid,FALSE,Lower Value,Active,1
C00030,2025-10-01,5002.04,10627.18,10227.65,11,5,19,18,2,0,0,0,,0,13,3.4,FALSE,36,Active,,Valid or active,Valid,FALSE,Lower Value,Active,0
C00030,2025-11-01,7169.83,9558.96,9130.49,24,12,8,11,2,2,1,0,,0,10,3.1,FALSE,37.2,Active,,Valid or active,Valid,FALSE,Lower Value,Active,0
C00030,2025-12-01,4778.75,16230.09,16321.55,33,25,11,17,1,0,0,1,6.3,0,5,3.3,TRUE,51.6,Active,,Valid or active,Valid,FALSE,Lower Value,Active,1
C00031,2025-01-01,21077.19,18717.54,23046.41,54,11,26,15,0,1,0,0,,0,3,2.8,TRUE,68,Churned,10/7/2025,Valid or active,Valid,FALSE,High Value,Churned,1
C00031,2025-02-01,23952.12,18455.36,16299.14,55,1,16,15,0,0,0,0,,1,3,2.8,TRUE,54.7,Churned,10/7/2025,Valid or active,Valid,FALSE,High Value,Churned,1
C00031,2025-03-01,24344.53,21446.27,22148.4,55,10,24,26,0,1,0,0,,0,2,2.8,TRUE,66.3,Churned,10/7/2025,Valid or active,Valid,FALSE,High Value,Churned,1
C00031,2025-04-01,24240.14,22927.42,22409.66,54,0,22,19,0,1,0,0,,0,0,2.9,TRUE,59.2,Churned,10/7/2025,Valid or active,Valid,FALSE,High Value,Churned,1
C00031,2025-05-01,21270.58,23468.71,30525.27,56,0,29,19,0,1,0,0,,0,3,2.9,TRUE,67,Churned,10/7/2025,Valid or active,Valid,FALSE,High Value,Churned,1
C00031,2025-06-01,20905.83,24713.95,18423.27,41,7,20,21,2,0,1,1,4.9,0,8,2.7,TRUE,52.3,Churned,10/7/2025,Valid or active,Valid,FALSE,High Value,Churned,1
C00031,2025-07-01,22244.64,16109.12,12907.93,49,3,20,11,0,0,0,0,,2,1,2.8,TRUE,55.6,Churned,10/7/2025,Valid or active,Valid,FALSE,High Value,Churned,1
C00031,2025-08-01,20614.68,15146.11,20320.41,51,2,18,16,1,1,0,0,,0,4,3,FALSE,54.5,Churned,10/7/2025,Valid or active,Valid,FALSE,High Value,Churned,0
C00031,2025-09-01,22843.99,19923.22,23716.5,55,10,16,11,3,0,0,0,,2,0,2.5,TRUE,58.8,Churned,10/7/2025,Valid or active,Valid,FALSE,High Value,Churned,1
C00031,2025-10-01,19645.42,12568.86,18328.3,51,10,18,5,0,0,0,0,,0,0,2.5,FALSE,58.2,Churned,10/7/2025,Valid or active,Valid,FALSE,High Value,Churned,0
C00031,2025-11-01,21579.21,23278.92,21520.84,51,7,16,23,0,0,0,0,,2,0,2.4,TRUE,54.9,Churned,10/7/2025,Post-churn activity,Valid,TRUE,High Value,Churned,1
C00031,2025-12-01,18547.16,25270.25,31327.69,44,0,20,12,0,1,0,0,,0,2,2.8,TRUE,51,Churned,10/7/2025,Post-churn activity,Valid,TRUE,High Value,Churned,1
C00032,2025-01-01,47371.59,35138.93,40615.33,20,11,8,0,0,0,0,0,,0,8,4.6,TRUE,38.7,Active,,Valid or active,Valid,FALSE,High Value,Active,1
C00032,2025-02-01,43630.29,29801.91,29778.57,20,16,5,4,2,0,2,2,3.9,0,14,3.2,TRUE,38.1,Active,,Valid or active,Valid,FALSE,High Value,Active,1
C00032,2025-03-01,46575.93,25287.31,20782.2,27,18,0,1,2,0,0,0,,0,13,3.8,TRUE,38.8,Active,,Valid or active,Valid,FALSE,High Value,Active,1
C00032,2025-04-01,42575.85,26851.88,23056.03,18,13,5,1,0,3,0,0,,0,17,3.9,TRUE,35.5,Active,,Valid or active,Valid,FALSE,High Value,Active,1
C00032,2025-05-01,45260.2,22217.03,22843.5,12,10,0,7,1,0,0,0,,1,29,4.1,FALSE,25.7,Active,,Valid or active,Valid,FALSE,High Value,Active,0
C00032,2025-06-01,42473.39,20889.29,14884.58,15,5,6,9,0,1,0,0,,0,14,4.7,TRUE,30.9,Active,,Valid or active,Valid,FALSE,High Value,Active,1
C00032,2025-07-01,45424.33,27928.79,28440.08,23,6,0,0,1,1,1,1,5.4,0,16,3.9,TRUE,30.8,Active,,Valid or active,Valid,FALSE,High Value,Active,1
C00032,2025-08-01,41877.56,22041.59,24839.16,17,5,4,2,1,0,0,0,,0,14,4,TRUE,30.3,Active,,Valid or active,Valid,FALSE,High Value,Active,1
C00032,2025-09-01,45457.79,30455.61,26965.29,27,16,6,0,1,0,0,0,,0,8,4,TRUE,43.5,Active,,Valid or active,Valid,FALSE,High Value,Active,1
C00032,2025-10-01,36956.68,29739.38,29388.05,10,4,5,0,1,1,0,0,,0,22,5,TRUE,26.3,Active,,Valid or active,Valid,FALSE,High Value,Active,1
C00032,2025-11-01,44411.31,33430.78,27194.87,15,7,5,0,0,0,0,0,,0,16,4.2,TRUE,30.9,Active,,Valid or active,Valid,FALSE,High Value,Active,1
C00032,2025-12-01,39891.15,27858.49,22271.94,18,2,5,9,2,0,1,1,2.2,1,23,3.8,TRUE,30.5,Active,,Valid or active,Valid,FALSE,High Value,Active,1
C00033,2025-01-01,37340.51,13366.19,13471.46,21,8,10,7,1,0,0,0,,0,18,3.9,FALSE,44.3,Churned,11/8/2025,Valid or active,Valid,FALSE,High Value,Churned,0
C00033,2025-02-01,39702.29,24272.37,18325.81,18,18,1,1,0,0,0,0,,0,13,4.1,TRUE,38.6,Churned,11/8/2025,Valid or active,Valid,FALSE,High Value,Churned,1
C00033,2025-03-01,37490.23,21672.22,16669.25,16,10,0,3,0,0,1,1,0.8,1,21,3.6,FALSE,32.7,Churned,11/8/2025,Valid or active,Valid,FALSE,High Value,Churned,0
C00033,2025-04-01,36112.5,17726.59,16330.7,17,8,3,5,2,0,1,0,,1,16,4,TRUE,35.2,Churned,11/8/2025,Valid or active,Valid,FALSE,High Value,Churned,1
C00033,2025-05-01,38251.11,27645.53,25895.37,13,1,3,1,3,1,0,1,7.8,1,25,,TRUE,29.5,Churned,11/8/2025,Valid or active,Valid,FALSE,High Value,Churned,1
C00033,2025-06-01,32298.94,19048.85,22277.08,26,22,0,5,0,0,0,0,,0,14,4.4,TRUE,44.5,Churned,11/8/2025,Valid or active,Valid,FALSE,High Value,Churned,1
C00033,2025-07-01,35755.46,21712.06,19441.37,14,8,14,21,2,0,0,0,,1,14,3.6,FALSE,43.6,Churned,11/8/2025,Valid or active,Valid,FALSE,High Value,Churned,0
C00033,2025-08-01,39138.12,25001.21,27197.91,18,10,6,5,0,2,0,0,,0,15,4.2,TRUE,39.6,Churned,11/8/2025,Valid or active,Valid,FALSE,High Value,Churned,1
C00033,2025-09-01,36642.85,20167.19,15143.35,20,4,12,15,1,1,0,0,,2,13,3.5,TRUE,43.7,Churned,11/8/2025,Valid or active,Valid,FALSE,High Value,Churned,1
C00033,2025-10-01,35355.7,27997.65,29967.83,20,11,1,4,1,1,0,0,,0,17,3.5,TRUE,36.6,Churned,11/8/2025,Valid or active,Valid,FALSE,High Value,Churned,1
C00033,2025-11-01,34342.14,26209.77,20246.13,10,2,5,9,1,0,2,2,6.8,2,18,3.2,TRUE,29.9,Churned,11/8/2025,Valid or active,Valid,FALSE,High Value,Churned,1
C00033,2025-12-01,34813.73,27014.38,32373.01,10,1,4,2,0,0,0,0,,0,24,3.4,TRUE,28.5,Churned,11/8/2025,Post-churn activity,Valid,TRUE,High Value,Churned,1
C00034,2025-01-01,21108.59,10385.39,12196.56,40,0,21,18,1,0,0,0,,0,0,3.7,TRUE,53.9,Active,,Valid or active,Valid,FALSE,Lower Value,Active,1
C00034,2025-02-01,22171.5,13809.56,14615.76,32,0,18,18,0,0,0,0,,0,3,4.2,TRUE,46.1,Active,,Valid or active,Valid,FALSE,Lower Value,Active,1
C00034,2025-03-01,22246.33,11725.47,16431.72,30,7,17,12,1,0,1,0,,0,1,3.1,TRUE,47.1,Active,,Valid or active,Valid,FALSE,Lower Value,Active,1
C00034,2025-04-01,19903.51,12266.18,14836.44,37,1,19,26,0,0,0,0,,0,0,3.3,TRUE,50.6,Active,,Valid or active,Valid,FALSE,Lower Value,Active,1
C00034,2025-05-01,21073.28,8227.77,8713.31,39,9,21,17,2,0,0,1,5.1,0,0,3.2,FALSE,57.4,Active,,Valid or active,Valid,FALSE,Lower Value,Active,0
C00034,2025-06-01,25648.75,8736.38,8445.45,35,3,22,25,2,1,0,0,,1,1,4.4,FALSE,53.1,Active,,Valid or active,Valid,FALSE,Lower Value,Active,0
C00034,2025-07-01,22107.98,10586.26,14616.28,46,2,16,4,1,1,0,0,,0,2,3.2,TRUE,54,Active,,Valid or active,Valid,FALSE,Lower Value,Active,1
C00034,2025-08-01,22131.96,10100.24,14259.57,33,12,21,24,1,0,0,0,,1,2,3.6,TRUE,55,Active,,Valid or active,Valid,FALSE,Lower Value,Active,1
C00034,2025-09-01,21199.74,12445.61,16504.46,42,0,17,24,2,0,0,0,,3,3,2.8,TRUE,51.5,Active,,Valid or active,Valid,FALSE,Lower Value,Active,1
C00034,2025-10-01,25047.97,16375.16,13145.88,30,4,19,14,0,0,2,2,3.8,0,0,3.3,TRUE,47.6,Active,,Valid or active,Valid,FALSE,Lower Value,Active,1
C00034,2025-11-01,21170.05,10043.2,11596.67,38,3,26,25,0,2,0,0,,4,0,3.8,FALSE,58.7,Active,,Valid or active,Valid,FALSE,Lower Value,Active,0
C00034,2025-12-01,21089.25,11580.12,17119.15,42,0,24,16,1,0,0,0,,1,0,3.9,TRUE,58,Active,,Valid or active,Valid,FALSE,Lower Value,Active,1
C00035,2025-01-01,85831.94,30682.8,24836.86,27,0,12,15,1,0,0,0,,0,4,4.4,TRUE,32.8,Churned,12/26/2025,Valid or active,Valid,FALSE,High Value,Churned,1
C00035,2025-02-01,71047.21,24964.71,20840.81,32,4,17,15,0,0,0,0,,0,4,4.7,TRUE,42.5,Churned,12/26/2025,Valid or active,Valid,FALSE,High Value,Churned,1
C00035,2025-03-01,72503.6,34572.53,38363.21,28,0,10,6,0,0,0,0,,0,9,5,TRUE,31.6,Churned,12/26/2025,Valid or active,Valid,FALSE,High Value,Churned,1
C00035,2025-04-01,74743.98,30548.87,20443.15,31,5,13,8,0,1,1,1,4.6,0,8,4.4,TRUE,38.6,Churned,12/26/2025,Valid or active,Valid,FALSE,High Value,Churned,1
C00035,2025-05-01,69776.85,27156.35,23513.19,11,0,13,11,0,0,0,0,,0,14,4.3,TRUE,23.6,Churned,12/26/2025,Valid or active,Valid,FALSE,High Value,Churned,1
C00035,2025-06-01,61282.17,20539.06,19790.39,20,0,18,14,1,0,1,0,,0,22,4.6,TRUE,34,Churned,12/26/2025,Valid or active,Valid,FALSE,High Value,Churned,1
C00035,2025-07-01,58815.74,25882.12,27445.84,30,2,9,2,0,0,0,1,2.2,0,0,4.4,TRUE,32.8,Churned,12/26/2025,Valid or active,Valid,FALSE,High Value,Churned,1
C00035,2025-08-01,56110.19,16662.79,13271.32,23,4,12,16,0,1,1,0,,1,10,3.9,FALSE,32.1,Churned,12/26/2025,Valid or active,Valid,FALSE,High Value,Churned,0
C00035,2025-09-01,32244.6,20303.19,13800.46,16,0,11,10,0,0,0,1,1,0,11,4.3,TRUE,24.9,Churned,12/26/2025,Valid or active,Valid,FALSE,High Value,Churned,1
C00035,2025-10-01,32065.37,21698.08,21484.66,19,1,12,15,2,0,0,0,,0,6,3.8,TRUE,28.2,Churned,12/26/2025,Valid or active,Valid,FALSE,High Value,Churned,1
C00035,2025-11-01,33545.26,19557.23,17234.68,11,2,11,8,0,0,2,2,6.5,0,26,4.7,TRUE,22.6,Churned,12/26/2025,Valid or active,Valid,FALSE,High Value,Churned,1
C00035,2025-12-01,29132.69,33072.69,28477.6,21,2,9,14,1,1,0,0,,0,6,4.2,TRUE,27.1,Churned,12/26/2025,Valid or active,Valid,FALSE,High Value,Churned,1
C00036,2025-01-01,35880.15,20800.55,18783.6,50,32,21,29,1,1,0,0,,1,6,4.1,TRUE,79.4,Churned,11/3/2025,Valid or active,Valid,FALSE,High Value,Churned,1
C00036,2025-02-01,35681.07,17327.93,19846.62,66,34,12,7,2,0,0,0,,1,6,4.9,TRUE,78.2,Churned,11/3/2025,Valid or active,Valid,FALSE,High Value,Churned,1
C00036,2025-03-01,29328.91,12739.17,10128.24,51,40,15,16,0,1,0,0,,1,0,4.8,TRUE,75.8,Churned,11/3/2025,Valid or active,Valid,FALSE,High Value,Churned,1
C00036,2025-04-01,31074.89,9957,8941.21,47,27,17,22,0,2,0,0,,1,6,4.6,FALSE,71.5,Churned,11/3/2025,Valid or active,Valid,FALSE,High Value,Churned,0
C00036,2025-05-01,29857.99,11980.2,13696.27,58,38,9,10,0,1,0,0,,0,2,4.6,TRUE,74.6,Churned,11/3/2025,Valid or active,Valid,FALSE,High Value,Churned,1
C00036,2025-06-01,26280.64,20278.97,17267.81,32,16,2,5,0,0,1,1,1.7,0,10,4.1,TRUE,42.9,Churned,11/3/2025,Valid or active,Valid,FALSE,High Value,Churned,1
C00036,2025-07-01,24487.86,13272.65,12129.01,45,26,15,26,1,1,0,0,,1,4,4.3,TRUE,67.9,Churned,11/3/2025,Valid or active,Valid,FALSE,High Value,Churned,1
C00036,2025-08-01,26139.59,20210.06,18701.42,40,21,6,4,1,0,0,0,,1,9,4.4,TRUE,54,Churned,11/3/2025,Valid or active,Valid,FALSE,High Value,Churned,1
C00036,2025-09-01,7398.87,12159.51,15582.83,39,24,10,15,0,1,1,0,,0,10,3.8,TRUE,58.5,Churned,11/3/2025,Valid or active,Valid,FALSE,High Value,Churned,1
C00036,2025-10-01,14453.39,15436.46,16572.13,35,25,13,16,0,2,1,2,1.9,0,3,4.3,TRUE,59.2,Churned,11/3/2025,Valid or active,Valid,FALSE,High Value,Churned,1
C00036,2025-11-01,8081.16,13971.79,13616.1,36,23,10,9,1,0,1,1,12.6,0,7,4.8,TRUE,56.1,Churned,11/3/2025,Valid or active,Valid,FALSE,High Value,Churned,1
C00036,2025-12-01,12025.8,13183.05,13940.77,39,26,5,3,1,0,1,1,9.8,3,2,3.5,FALSE,54.8,Churned,11/3/2025,Post-churn activity,Valid,TRUE,High Value,Churned,0
C00037,2025-01-01,-5559.75,1736.06,3333.14,48,19,31,30,1,0,1,1,8.1,0,0,4.4,FALSE,80.6,Churned,11/26/2025,Valid or active,Valid,FALSE,Lower Value,Churned,0
C00037,2025-02-01,-5366.81,1952.31,6838.43,45,24,27,19,0,1,0,0,,2,3,3.5,FALSE,78.2,Churned,11/26/2025,Valid or active,Valid,FALSE,Lower Value,Churned,0
C00037,2025-03-01,-3571.92,1514.76,3231.39,26,15,28,20,1,1,0,0,,1,10,4.6,FALSE,63,Churned,11/26/2025,Valid or active,Valid,FALSE,Lower Value,Churned,0
C00037,2025-04-01,-3022.51,1364.78,2232.82,30,20,19,20,1,0,1,1,3.6,0,0,4.3,FALSE,59.4,Churned,11/26/2025,Valid or active,Valid,FALSE,Lower Value,Churned,0
C00037,2025-05-01,-5174.59,1351.05,4117.91,26,11,27,14,0,1,1,0,,1,6,4.1,FALSE,60.2,Churned,11/26/2025,Valid or active,Valid,FALSE,Lower Value,Churned,0
C00037,2025-06-01,-3744.65,1737.71,2846.32,33,24,22,20,0,0,0,1,8.8,0,0,4,FALSE,65.9,Churned,11/26/2025,Valid or active,Valid,FALSE,Lower Value,Churned,0
C00037,2025-07-01,-4629.69,1679.11,3882.75,26,20,11,7,1,1,0,0,,1,6,4.2,FALSE,49.4,Churned,11/26/2025,Valid or active,Valid,FALSE,Lower Value,Churned,0
C00037,2025-08-01,-4270.31,1803.35,2881.6,24,13,16,18,1,1,0,0,,1,6,4.8,FALSE,49.6,Churned,11/26/2025,Valid or active,Valid,FALSE,Lower Value,Churned,0
C00037,2025-09-01,-4589.63,1276.97,2919.99,35,18,9,17,1,1,1,0,,2,8,4,FALSE,52.3,Churned,11/26/2025,Valid or active,Valid,FALSE,Lower Value,Churned,0
C00037,2025-10-01,-3296.77,1614.7,4155.28,20,11,20,25,0,3,1,1,0.4,1,13,3.8,FALSE,49.9,Churned,11/26/2025,Valid or active,Valid,FALSE,Lower Value,Churned,0
C00037,2025-11-01,-4513.69,1798.79,2999.56,14,5,11,10,2,0,1,2,3.1,0,18,3.6,FALSE,34.9,Churned,11/26/2025,Valid or active,Valid,FALSE,Lower Value,Churned,0
C00037,2025-12-01,-4835.84,1635.58,1975.18,20,20,18,16,0,1,0,0,,0,8,4.1,FALSE,52.1,Churned,11/26/2025,Post-churn activity,Valid,TRUE,Lower Value,Churned,0
C00038,2025-01-01,-88.25,4677.61,3735.99,6,0,15,10,0,1,0,0,,0,16,4.4,FALSE,22.3,Active,,Valid or active,Valid,FALSE,Lower Value,Active,0
C00038,2025-02-01,1912.18,5266.94,5719.49,12,5,4,0,1,2,0,0,,0,18,4,FALSE,18.1,Active,,Valid or active,Valid,FALSE,Lower Value,Active,0
C00038,2025-03-01,1730.92,3950.12,3335.68,5,5,11,9,0,1,0,0,,0,20,4.5,FALSE,20.2,Active,,Valid or active,Valid,FALSE,Lower Value,Active,0
C00038,2025-04-01,2154.17,4991.34,5522.02,0,0,7,13,0,3,0,0,,0,25,3.7,FALSE,11,Active,,Valid or active,Valid,FALSE,Lower Value,Active,0
C00038,2025-05-01,2576.62,3878.99,3703.65,7,2,5,8,0,1,0,0,,0,30,5,FALSE,14.5,Active,,Valid or active,Valid,FALSE,Lower Value,Active,0
C00038,2025-06-01,2761.69,5404.93,6628.73,18,3,15,10,0,1,0,0,,0,10,4.8,FALSE,31.3,Active,,Valid or active,Valid,FALSE,Lower Value,Active,0
C00038,2025-07-01,2347.88,5960.53,8759.91,20,1,6,7,1,1,0,0,,1,14,4.5,FALSE,23.2,Active,,Valid or active,Valid,FALSE,Lower Value,Active,0
C00038,2025-08-01,2316.37,4720.96,5782.26,18,5,15,10,1,0,0,0,,0,16,4.9,FALSE,32.2,Active,,Valid or active,Valid,FALSE,Lower Value,Active,0
C00038,2025-09-01,1869.32,5448.33,6034.69,11,0,16,18,1,0,0,0,,0,19,5,FALSE,26.4,Active,,Valid or active,Valid,FALSE,Lower Value,Active,0
C00038,2025-10-01,631.18,5933.57,4134.49,11,3,5,6,1,1,0,0,,0,15,4.9,FALSE,17.5,Active,,Valid or active,Valid,FALSE,Lower Value,Active,0
C00038,2025-11-01,1727.86,4833.29,4670.57,10,0,6,0,0,0,0,0,,1,25,4.2,FALSE,16.4,Active,,Valid or active,Valid,FALSE,Lower Value,Active,0
C00038,2025-12-01,2355.16,5718.04,7147.93,14,0,12,11,0,0,0,0,,0,20,4.4,FALSE,24.6,Active,,Valid or active,Valid,FALSE,Lower Value,Active,0
C00039,2025-01-01,158919.93,33950.63,39519.74,33,5,21,34,1,1,0,0,,1,3,3.3,TRUE,56.3,Active,,Valid or active,Valid,FALSE,High Value,Active,1
C00039,2025-02-01,115248.84,36980.88,46755.42,57,4,16,23,1,1,0,0,,2,5,4.1,TRUE,66.4,Active,,Valid or active,Valid,FALSE,High Value,Active,1
C00039,2025-03-01,132844.25,26379.85,28562.88,43,4,26,32,0,1,0,0,,1,0,4,TRUE,66.8,Active,,Valid or active,Valid,FALSE,High Value,Active,1
C00039,2025-04-01,169917.51,21233.64,21576.45,46,0,18,25,2,1,0,0,,1,2,4.1,FALSE,59.4,Active,,Valid or active,Valid,FALSE,High Value,Active,0
C00039,2025-05-01,145832.16,27088.25,32087.46,31,3,23,16,0,0,1,0,,0,8,4.1,FALSE,56,Active,,Valid or active,Valid,FALSE,High Value,Active,0
C00039,2025-06-01,144737.72,32758.71,27779.48,31,2,15,12,0,0,0,1,5.6,1,13,3.6,TRUE,48,Active,,Valid or active,Valid,FALSE,High Value,Active,1
C00039,2025-07-01,134763.83,40514.93,48559.96,30,1,15,21,2,2,0,0,,0,0,3.2,TRUE,47,Active,,Valid or active,Valid,FALSE,High Value,Active,1
C00039,2025-08-01,147697.81,28415.92,34000.99,48,3,17,18,1,0,0,0,,2,1,3.6,FALSE,61.1,Active,,Valid or active,Valid,FALSE,High Value,Active,0
C00039,2025-09-01,137415.42,39602.32,27345.44,44,2,20,18,0,1,0,0,,0,10,4.5,TRUE,60.9,Active,,Valid or active,Valid,FALSE,High Value,Active,1
C00039,2025-10-01,124658.49,26229.06,25662.42,43,3,18,17,1,0,0,0,,0,0,4.6,TRUE,58.9,Active,,Valid or active,Valid,FALSE,High Value,Active,1
C00039,2025-11-01,139952.36,28770.97,23426.74,33,4,19,20,1,0,0,0,,0,5,4.4,FALSE,54,Active,,Valid or active,Valid,FALSE,High Value,Active,0
C00039,2025-12-01,137876.41,26384.4,31134.41,27,5,14,18,2,0,0,0,,1,5,3.4,TRUE,46,Active,,Valid or active,Valid,FALSE,High Value,Active,1
C00040,2025-01-01,14127.03,5715.39,5602.1,19,0,7,8,0,0,0,0,,0,13,3.6,FALSE,23.1,Active,,Valid or active,Valid,FALSE,Lower Value,Active,0
C00040,2025-02-01,16013.01,9319.76,7900.44,20,0,5,0,0,0,0,0,,1,17,3.5,TRUE,21.8,Active,,Valid or active,Valid,FALSE,Lower Value,Active,1
C00040,2025-03-01,15641.65,7090.45,7390.32,20,3,5,8,1,2,0,0,,1,5,3.7,TRUE,23.2,Active,,Valid or active,Valid,FALSE,Lower Value,Active,1
C00040,2025-04-01,14103.73,10250.3,9818.67,20,1,9,6,1,0,0,0,,0,17,3.7,TRUE,26,Active,,Valid or active,Valid,FALSE,Lower Value,Active,1
C00040,2025-05-01,13187.5,9286.74,11752.46,23,13,0,0,4,0,0,0,,0,19,4.1,TRUE,25,Active,,Valid or active,Valid,FALSE,Lower Value,Active,1
C00040,2025-06-01,14288.79,7238.62,9176.95,19,0,2,3,0,0,0,0,,0,18,3.1,TRUE,18.4,Active,,Valid or active,Valid,FALSE,Lower Value,Active,1
C00040,2025-07-01,13837.8,7004.16,7763.86,19,4,0,0,1,0,0,0,,0,13,3.5,TRUE,18.4,Active,,Valid or active,Valid,FALSE,Lower Value,Active,1
C00040,2025-08-01,16318.34,9681.31,11811.97,16,0,6,7,4,0,0,0,,2,18,3.2,TRUE,20.2,Active,,Valid or active,Valid,FALSE,Lower Value,Active,1
C00040,2025-09-01,15548.15,11205.23,13304.87,32,0,12,16,1,1,0,0,,2,0,3.9,TRUE,36,Active,,Valid or active,Valid,FALSE,Lower Value,Active,1
C00040,2025-10-01,13678.07,7513.27,7285.44,20,0,6,10,0,0,0,0,,0,11,3.5,TRUE,22.8,Active,,Valid or active,Valid,FALSE,Lower Value,Active,1
C00040,2025-11-01,13831.29,5959.02,6382.48,16,1,5,2,1,0,0,0,,0,12,3.8,FALSE,19.8,Active,,Valid or active,Valid,FALSE,Lower Value,Active,0
C00040,2025-12-01,14460.38,8380.29,11292.04,29,1,3,5,0,0,1,1,2.4,1,10,3.6,TRUE,26.1,Active,,Valid or active,Valid,FALSE,Lower Value,Active,1
C00041,2025-01-01,37660.72,12737.06,13540.43,37,21,10,0,0,1,0,0,,1,7,4.4,TRUE,55.9,Active,,Valid or active,Valid,FALSE,Lower Value,Active,1
C00041,2025-02-01,36880.83,9015.54,10791.55,44,30,14,12,1,2,0,0,,0,0,3.8,FALSE,68.1,Active,,Valid or active,Valid,FALSE,Lower Value,Active,0
C00041,2025-03-01,33633.68,9066.27,11212.18,35,22,15,11,2,0,0,0,,0,0,3.7,TRUE,59.7,Active,,Valid or active,Valid,FALSE,Lower Value,Active,1
C00041,2025-04-01,35484.54,13598.48,10453.39,20,11,8,18,1,0,0,0,,0,16,4.2,TRUE,38.7,Active,,Valid or active,Valid,FALSE,Lower Value,Active,1
C00041,2025-05-01,32928,12504.96,13472.83,34,19,18,25,0,0,0,0,,1,0,3.8,TRUE,60.5,Active,,Valid or active,Valid,FALSE,Lower Value,Active,1
C00041,2025-06-01,32629.39,8083.64,9796.11,40,24,6,9,2,1,0,0,,3,5,3.5,TRUE,55.4,Active,,Valid or active,Valid,FALSE,Lower Value,Active,1
C00041,2025-07-01,32700.99,11986.61,16831.33,41,25,8,9,1,1,0,0,,0,1,3.5,TRUE,58.4,Active,,Valid or active,Valid,FALSE,Lower Value,Active,1
C00041,2025-08-01,30560.59,13512.77,14387.31,27,13,7,5,0,1,0,0,,0,5,3.7,TRUE,43.1,Active,,Valid or active,Valid,FALSE,Lower Value,Active,1
C00041,2025-09-01,30975.07,10991.45,14599.87,23,10,4,9,0,0,0,0,,0,17,3.9,TRUE,36.4,Active,,Valid or active,Valid,FALSE,Lower Value,Active,1
C00041,2025-10-01,23333.13,8997.23,12427.05,21,5,8,4,1,0,0,0,,1,14,4.2,TRUE,36.6,Active,,Valid or active,Valid,FALSE,Lower Value,Active,1
C00041,2025-11-01,32347.33,13908.81,12536.95,10,6,14,14,1,0,0,0,,0,29,4.3,TRUE,35.6,Active,,Valid or active,Valid,FALSE,Lower Value,Active,1
C00041,2025-12-01,30409.15,11184.16,8325.39,23,16,14,11,1,1,1,1,5.1,0,8,4,TRUE,48.4,Active,,Valid or active,Valid,FALSE,Lower Value,Active,1
C00042,2025-01-01,1680.42,3857.43,10321.88,51,33,30,39,0,0,0,0,,0,1,4.7,FALSE,88.9,Churned,10/19/2025,Valid or active,Valid,FALSE,Lower Value,Churned,0
C00042,2025-02-01,1858.01,2412.39,4469.24,46,21,25,42,2,2,0,0,,2,3,4.6,FALSE,75.6,Churned,10/19/2025,Valid or active,Valid,FALSE,Lower Value,Churned,0
C00042,2025-03-01,1010.51,2262.49,3816.17,47,17,28,35,1,0,0,0,,0,0,4.5,FALSE,77.2,Churned,10/19/2025,Valid or active,Valid,FALSE,Lower Value,Churned,0
C00042,2025-04-01,1545.44,3330.62,6003.07,38,15,21,21,2,0,1,0,,0,2,3.6,FALSE,64,Churned,10/19/2025,Valid or active,Valid,FALSE,Lower Value,Churned,0
C00042,2025-05-01,1104.81,2343.47,5973.31,29,12,29,39,1,1,1,2,3.5,0,0,4.9,FALSE,64.4,Churned,10/19/2025,Valid or active,Valid,FALSE,Lower Value,Churned,0
C00042,2025-06-01,1150.01,3041.31,5157.03,51,32,18,9,0,0,3,3,1.9,1,0,4.6,FALSE,77.2,Churned,10/19/2025,Valid or active,Valid,FALSE,Lower Value,Churned,0
C00042,2025-07-01,465.32,2756.75,7220.86,34,15,8,0,1,0,0,0,,1,6,3.8,FALSE,49.4,Churned,10/19/2025,Valid or active,Valid,FALSE,Lower Value,Churned,0
C00042,2025-08-01,1109.07,2365.65,3595.08,27,14,17,19,0,1,0,0,,1,8,4.7,FALSE,52.9,Churned,10/19/2025,Valid or active,Valid,FALSE,Lower Value,Churned,0
C00042,2025-09-01,-453.19,3603.57,6242.84,34,20,28,35,1,2,0,0,,1,5,4,FALSE,70.3,Churned,10/19/2025,Valid or active,Valid,FALSE,Lower Value,Churned,0
C00042,2025-10-01,-3347.64,2518.47,5501.19,28,22,13,13,1,6,1,1,1.8,1,4,4.3,FALSE,53.4,Churned,10/19/2025,Valid or active,Valid,FALSE,Lower Value,Churned,0
C00042,2025-11-01,-65.41,3235.25,3116.67,27,10,13,16,2,0,0,0,,0,8,3.6,FALSE,47.3,Churned,10/19/2025,Post-churn activity,Valid,TRUE,Lower Value,Churned,0
C00042,2025-12-01,-1483.29,3490.1,5149.99,23,9,16,16,1,0,1,1,4.9,0,9,4.6,FALSE,47.1,Churned,10/19/2025,Post-churn activity,Valid,TRUE,Lower Value,Churned,0
C00043,2025-01-01,5208.66,10825.17,16130.42,54,32,28,21,2,1,0,0,,1,0,3.4,TRUE,88.5,Active,,Valid or active,Valid,FALSE,Lower Value,Active,1
C00043,2025-02-01,4109.85,9313.38,15851.42,64,28,19,18,0,0,0,0,,2,0,2.6,TRUE,82,Active,,Valid or active,Valid,FALSE,Lower Value,Active,1
C00043,2025-03-01,4193.92,8685.47,12703.57,50,36,24,19,0,1,0,0,,0,0,3.3,TRUE,83.6,Active,,Valid or active,Valid,FALSE,Lower Value,Active,1
C00043,2025-04-01,5338.4,8921.96,13823.57,39,15,22,14,0,0,0,0,,0,1,3.6,TRUE,65.6,Active,,Valid or active,Valid,FALSE,Lower Value,Active,1
C00043,2025-05-01,3854.61,6993.6,9053.52,61,33,24,19,1,0,0,0,,1,4,2.6,TRUE,89,Active,,Valid or active,Valid,FALSE,Lower Value,Active,1
C00043,2025-06-01,3811.65,8809.48,9214.22,46,28,29,25,1,0,0,0,,0,2,3.5,TRUE,82.5,Active,,Valid or active,Valid,FALSE,Lower Value,Active,1
C00043,2025-07-01,2547.3,8155.37,8499.57,40,27,15,11,0,0,0,0,,0,2,3.1,FALSE,65.2,Active,,Valid or active,Valid,FALSE,Lower Value,Active,0
C00043,2025-08-01,3252.86,7763.25,10755.85,37,16,10,7,1,1,0,0,,0,9,3.2,TRUE,53.6,Active,,Valid or active,Valid,FALSE,Lower Value,Active,1
C00043,2025-09-01,-2605.56,7350.6,10803.93,56,27,17,22,0,0,0,0,,1,0,3.2,FALSE,77.2,Active,,Valid or active,Valid,FALSE,Lower Value,Active,0
C00043,2025-10-01,-3683.89,7718.8,6904.36,39,23,12,15,0,1,1,0,,0,4,3.1,TRUE,59.9,Active,,Valid or active,Valid,FALSE,Lower Value,Active,1
C00043,2025-11-01,-5659.05,7265.79,12463.08,52,25,3,0,2,0,1,2,0.8,0,13,2.1,FALSE,60.7,Active,,Valid or active,Valid,FALSE,Lower Value,Active,0
C00043,2025-12-01,-1001.15,5677.58,8089.89,31,23,10,8,0,2,0,0,,0,9,2.9,FALSE,53,Active,,Valid or active,Valid,FALSE,Lower Value,Active,0
C00044,2025-01-01,29402.45,8295.32,11622.07,49,28,17,12,1,0,0,0,,3,4,4.7,TRUE,68.7,Churned,10/19/2025,Valid or active,Valid,FALSE,Lower Value,Churned,1
C00044,2025-02-01,37795.52,11185.5,13277.83,52,32,19,19,2,0,0,0,,1,7,4.2,TRUE,74.3,Churned,10/19/2025,Valid or active,Valid,FALSE,Lower Value,Churned,1
C00044,2025-03-01,31881.73,9496.76,10399.28,34,15,24,20,1,1,1,0,,1,0,3.5,TRUE,59.8,Churned,10/19/2025,Valid or active,Valid,FALSE,Lower Value,Churned,1
C00044,2025-04-01,28794.29,12629.38,15394.16,40,23,10,17,3,0,0,1,3.2,0,6,4.1,TRUE,54.2,Churned,10/19/2025,Valid or active,Valid,FALSE,Lower Value,Churned,1
C00044,2025-05-01,32832.31,6919.92,6499.94,24,18,11,9,6,1,0,0,,0,6,3.4,FALSE,42.7,Churned,10/19/2025,Valid or active,Valid,FALSE,Lower Value,Churned,0
C00044,2025-06-01,26029.24,8022.97,11853.87,43,25,12,0,1,1,0,0,,1,1,3.4,TRUE,58.9,Churned,10/19/2025,Valid or active,Valid,FALSE,Lower Value,Churned,1
C00044,2025-07-01,28243.37,11791.81,11445.57,30,18,9,18,0,1,1,1,6.6,1,2,3.6,TRUE,44.6,Churned,10/19/2025,Valid or active,Valid,FALSE,Lower Value,Churned,1
C00044,2025-08-01,22283.32,9049.7,11566.74,36,18,14,19,2,0,0,0,,0,0,3.4,FALSE,53.1,Churned,10/19/2025,Valid or active,Valid,FALSE,Lower Value,Churned,0
C00044,2025-09-01,16395.54,10933.36,8404.39,24,14,3,0,1,1,1,1,3.3,1,10,4,TRUE,33.4,Churned,10/19/2025,Valid or active,Valid,FALSE,Lower Value,Churned,1
C00044,2025-10-01,13776.51,12678.49,15806.46,31,18,7,6,2,2,1,1,4.7,0,6,4.2,TRUE,43.4,Churned,10/19/2025,Valid or active,Valid,FALSE,Lower Value,Churned,1
C00044,2025-11-01,10369.44,8072.24,6854.47,26,19,8,4,2,0,0,0,,0,10,4,FALSE,41.6,Churned,10/19/2025,Post-churn activity,Valid,TRUE,Lower Value,Churned,0
C00044,2025-12-01,12434.88,9320.66,11767.36,26,16,13,7,5,1,2,2,5.1,1,7,3.1,TRUE,44.9,Churned,10/19/2025,Post-churn activity,Valid,TRUE,Lower Value,Churned,1
C00045,2025-01-01,49840.28,19584.44,23633.15,65,36,4,8,7,4,1,0,,1,5,2.3,FALSE,71.2,Active,,Valid or active,Valid,FALSE,Lower Value,Active,0
C00045,2025-02-01,45908.26,22756.32,18045.28,40,36,0,4,5,2,1,0,,3,12,3.6,TRUE,54.8,Active,,Valid or active,Valid,FALSE,Lower Value,Active,1
C00045,2025-03-01,49514.66,16917.7,18860.51,43,21,0,2,2,1,2,1,9.8,3,8,3,TRUE,50.3,Active,,Valid or active,Valid,FALSE,Lower Value,Active,1
C00045,2025-04-01,42313.75,15113.8,22025.78,42,28,1,2,4,2,0,1,17.2,0,8,3.3,TRUE,53.8,Active,,Valid or active,Valid,FALSE,Lower Value,Active,1
C00045,2025-05-01,39703.35,22148.85,22941.82,48,30,0,0,4,1,2,2,7.9,2,10,3,TRUE,57.6,Active,,Valid or active,Valid,FALSE,Lower Value,Active,1
C00045,2025-06-01,40522.96,16022.09,19769.15,57,39,5,8,3,3,1,1,8.4,2,3,2.8,TRUE,70.3,Active,,Valid or active,Valid,FALSE,Lower Value,Active,1
C00045,2025-07-01,36533.11,16536.64,19353.27,43,21,0,1,1,5,1,2,20.7,4,12,3.6,TRUE,50.3,Active,,Valid or active,Valid,FALSE,Lower Value,Active,1
C00045,2025-08-01,42216.01,19991.71,24501.93,45,14,1,0,3,2,1,0,,2,3,3.4,TRUE,49.3,Active,,Valid or active,Valid,FALSE,Lower Value,Active,1
C00045,2025-09-01,39091.61,17504.07,20908.81,51,36,0,0,0,1,1,1,8.1,2,8,3.6,TRUE,61.8,Active,,Valid or active,Valid,FALSE,Lower Value,Active,1
C00045,2025-10-01,40376.26,18197.66,15367.55,50,27,3,0,6,2,0,0,,2,5,3.7,TRUE,60.3,Active,,Valid or active,Valid,FALSE,Lower Value,Active,1
C00045,2025-11-01,35485.62,25678.68,24595.28,32,25,1,0,1,3,2,3,6.5,0,6,2.8,TRUE,46.1,Active,,Valid or active,Valid,FALSE,Lower Value,Active,1
C00045,2025-12-01,34531.69,24149.08,18617.51,30,22,3,0,3,3,2,2,13.9,0,11,3.4,TRUE,45.4,Active,,Valid or active,Valid,FALSE,Lower Value,Active,1
C00046,2025-01-01,43805.96,5898.08,5537.49,28,14,22,26,1,0,0,0,,1,3,3.6,FALSE,58.2,Churned,10/10/2025,Valid or active,Valid,FALSE,Lower Value,Churned,0
C00046,2025-02-01,41926.17,8654.79,7351.2,18,14,24,20,0,1,0,0,,0,11,3.3,FALSE,53.7,Churned,10/10/2025,Valid or active,Valid,FALSE,Lower Value,Churned,0
C00046,2025-03-01,41041.61,8554.04,9925.27,31,21,11,12,0,1,0,0,,2,0,3.5,TRUE,53,Churned,10/10/2025,Valid or active,Valid,FALSE,Lower Value,Churned,1
C00046,2025-04-01,34882.24,5758.14,7282.55,17,7,20,23,0,0,0,0,,0,12,3.6,FALSE,46.1,Churned,10/10/2025,Valid or active,Valid,FALSE,Lower Value,Churned,0
C00046,2025-05-01,38006.88,11841.9,10752.99,15,8,16,18,0,1,0,0,,1,7,4.5,TRUE,41.6,Churned,10/10/2025,Valid or active,Valid,FALSE,Lower Value,Churned,1
C00046,2025-06-01,33256.72,9546.84,9350.83,15,7,19,11,0,1,2,2,4,0,6,2.7,TRUE,43.9,Churned,10/10/2025,Valid or active,Valid,FALSE,Lower Value,Churned,1
C00046,2025-07-01,34667.59,11154.28,14138.28,26,17,20,21,0,0,0,0,,0,8,3.6,TRUE,56.4,Churned,10/10/2025,Valid or active,Valid,FALSE,Lower Value,Churned,1
C00046,2025-08-01,28207.16,10460.69,12915.24,16,10,14,14,0,2,3,3,2,1,8,2.6,TRUE,41.3,Churned,10/10/2025,Valid or active,Valid,FALSE,Lower Value,Churned,1
C00046,2025-09-01,26972.45,7508.1,10353.16,17,10,15,6,0,1,0,0,,2,7,3.2,TRUE,42.8,Churned,10/10/2025,Valid or active,Valid,FALSE,Lower Value,Churned,1
C00046,2025-10-01,19154.21,8906.67,8337.49,4,4,6,3,0,1,1,1,3.5,1,30,3.2,FALSE,23.5,Churned,10/10/2025,Valid or active,Valid,FALSE,Lower Value,Churned,0
C00046,2025-11-01,21935.78,5604.79,6217.28,12,7,9,12,0,0,2,1,6,1,21,2.8,FALSE,32.7,Churned,10/10/2025,Post-churn activity,Valid,TRUE,Lower Value,Churned,0
C00046,2025-12-01,16447.43,8370.66,10514.6,17,13,7,6,2,1,1,2,7.5,0,17,3.6,FALSE,36.7,Churned,10/10/2025,Post-churn activity,Valid,TRUE,Lower Value,Churned,0
C00047,2025-01-01,43393.03,11740.74,13983.22,48,21,13,16,4,2,1,1,6.9,0,4,3.1,TRUE,70.1,Active,,Valid or active,Valid,FALSE,High Value,Active,1
C00047,2025-02-01,40955.24,10492.83,14921.68,38,24,13,2,1,0,0,0,,1,3,3.3,FALSE,65.2,Active,,Valid or active,Valid,FALSE,High Value,Active,0
C00047,2025-03-01,43555.04,18727.3,14016.93,41,15,15,5,2,1,1,0,,1,0,3.2,TRUE,64.8,Active,,Valid or active,Valid,FALSE,High Value,Active,1
C00047,2025-04-01,40828.78,13804.72,14851.38,29,16,16,15,5,5,0,0,,1,0,4,FALSE,58.6,Active,,Valid or active,Valid,FALSE,High Value,Active,0
C00047,2025-05-01,43440.81,19418.61,16000.29,32,10,9,0,0,0,0,0,,1,2,3.5,TRUE,51.2,Active,,Valid or active,Valid,FALSE,High Value,Active,1
C00047,2025-06-01,40419.01,12448.67,12673.67,46,22,5,0,3,1,1,0,,2,5,2.8,TRUE,61.9,Active,,Valid or active,Valid,FALSE,High Value,Active,1
C00047,2025-07-01,38280.94,19424.08,23294.64,33,18,10,6,3,1,0,2,,2,7,3.1,TRUE,56.5,Active,,Valid or active,Valid,FALSE,High Value,Active,1
C00047,2025-08-01,38596.94,13610.26,11838.9,38,22,10,16,3,3,1,1,6.7,3,3,1.9,TRUE,61.5,Active,,Valid or active,Valid,FALSE,High Value,Active,1
C00047,2025-09-01,42049.58,14580.44,17033.08,27,15,4,0,2,2,1,1,10.1,2,4,2.6,TRUE,45.7,Active,,Valid or active,Valid,FALSE,High Value,Active,1
C00047,2025-10-01,38126.18,14386.58,19593.24,40,20,9,2,3,1,1,0,,3,8,2.7,FALSE,60.9,Active,,Valid or active,Valid,FALSE,High Value,Active,0
C00047,2025-11-01,39158,14042.68,15288.47,31,25,7,8,1,4,2,1,10,0,12,2.7,TRUE,55.6,Active,,Valid or active,Valid,FALSE,High Value,Active,1
C00047,2025-12-01,34781.02,11900.84,10442.28,31,22,17,15,4,1,2,2,8.4,1,3,2.6,TRUE,63.6,Active,,Valid or active,Valid,FALSE,High Value,Active,1
C00048,2025-01-01,44970.17,8048.51,11713.94,49,10,4,5,0,1,0,0,,1,11,5,FALSE,43.8,Active,,Valid or active,Valid,FALSE,Lower Value,Active,0
C00048,2025-02-01,48315.93,13566.59,12256.96,50,1,3,5,0,0,0,0,,0,3,5,TRUE,39.4,Active,,Valid or active,Valid,FALSE,Lower Value,Active,1
C00048,2025-03-01,41961.04,13986.65,15820.24,45,0,3,9,0,0,0,0,,0,7,5,TRUE,35.8,Active,,Valid or active,Valid,FALSE,Lower Value,Active,1
C00048,2025-04-01,39083.1,16567.85,24304.11,50,4,8,0,0,1,1,1,4.6,0,5,5,TRUE,45.5,Active,,Valid or active,Valid,FALSE,Lower Value,Active,1
C00048,2025-05-01,48557.94,15158.74,15348.65,54,7,5,6,2,1,0,0,,4,5,4.9,TRUE,46.6,Active,,Valid or active,Valid,FALSE,Lower Value,Active,1
C00048,2025-06-01,51850.11,12586.9,11371.93,39,6,8,10,1,0,1,1,3.3,1,2,3.9,TRUE,39.4,Active,,Valid or active,Valid,FALSE,Lower Value,Active,1
C00048,2025-07-01,48360.93,12346.93,16418.32,52,4,2,0,3,1,0,0,,0,7,4.7,TRUE,41.1,Active,,Valid or active,Valid,FALSE,Lower Value,Active,1
C00048,2025-08-01,45673.84,12147.86,12269.98,65,11,8,0,1,0,0,0,,1,6,5,TRUE,55,Active,,Valid or active,Valid,FALSE,Lower Value,Active,1
C00048,2025-09-01,51658.83,16490.11,15916.94,53,9,12,1,1,1,0,0,,2,0,4.9,TRUE,53.4,Active,,Valid or active,Valid,FALSE,Lower Value,Active,1
C00048,2025-10-01,59427.49,17138.77,16472.57,49,9,5,1,2,0,0,0,,0,10,4.1,TRUE,44.3,Active,,Valid or active,Valid,FALSE,Lower Value,Active,1
C00048,2025-11-01,62282.49,15930.22,21893.61,60,5,10,9,0,1,0,0,,0,5,3.9,TRUE,54.1,Active,,Valid or active,Valid,FALSE,Lower Value,Active,1
C00048,2025-12-01,61166.74,17055.69,20631.13,54,6,15,16,1,1,0,0,,1,1,4.1,TRUE,55.4,Active,,Valid or active,Valid,FALSE,Lower Value,Active,1
C00049,2025-01-01,4468.47,22677.63,22300.64,44,25,15,11,1,0,0,0,,1,3,3.4,TRUE,62.3,Active,,Valid or active,Valid,FALSE,Lower Value,Active,1
C00049,2025-02-01,5446.97,14902.13,17360.28,42,18,9,10,0,0,0,0,,1,8,3.6,TRUE,52.2,Active,,Valid or active,Valid,FALSE,Lower Value,Active,1
C00049,2025-03-01,6638.08,23076.24,22714.55,44,25,21,18,0,0,0,0,,0,3,4.5,TRUE,67.9,Active,,Valid or active,Valid,FALSE,Lower Value,Active,1
C00049,2025-04-01,6960.62,20095.87,17418.32,56,35,20,24,0,0,0,0,,2,0,3.7,TRUE,79.1,Active,,Valid or active,Valid,FALSE,Lower Value,Active,1
C00049,2025-05-01,3262.1,16049.83,17827.01,45,22,17,12,1,1,0,0,,0,0,4.6,FALSE,63.4,Active,,Valid or active,Valid,FALSE,Lower Value,Active,0
C00049,2025-06-01,4493.4,17475.17,13866,39,23,19,16,2,1,0,0,,1,0,3,TRUE,61.9,Active,,Valid or active,Valid,FALSE,Lower Value,Active,1
C00049,2025-07-01,6878.78,14111.96,11799.84,43,22,14,10,1,0,1,1,3.6,3,3,3.3,FALSE,59.4,Active,,Valid or active,Valid,FALSE,Lower Value,Active,0
C00049,2025-08-01,5032.27,16969.83,20341.82,38,22,23,20,1,1,0,0,,1,0,3.8,TRUE,64.6,Active,,Valid or active,Valid,FALSE,Lower Value,Active,1
C00049,2025-09-01,6402.71,22756.13,22034.73,26,11,15,16,0,1,0,0,,1,0,5,TRUE,44.5,Active,,Valid or active,Valid,FALSE,Lower Value,Active,1
C00049,2025-10-01,4170.37,19668.78,26222.13,37,22,17,16,1,0,1,1,5.5,1,0,4.2,TRUE,58.4,Active,,Valid or active,Valid,FALSE,Lower Value,Active,1
C00049,2025-11-01,6785.03,20052.6,21323.07,42,22,27,33,1,1,0,0,,1,6,3.7,TRUE,70.9,Active,,Valid or active,Valid,FALSE,Lower Value,Active,1
C00049,2025-12-01,5346.17,23060.55,25681.43,53,29,14,25,1,0,0,0,,0,2,4.1,TRUE,68.9,Active,,Valid or active,Valid,FALSE,Lower Value,Active,1
C00050,2025-01-01,26356.46,9554.85,13591.04,44,9,8,5,0,1,0,0,,2,4,4.1,TRUE,43.9,Active,,Valid or active,Valid,FALSE,Lower Value,Active,1
C00050,2025-02-01,27497.26,7870.02,12572.56,51,10,5,12,1,1,0,0,,2,7,4.9,TRUE,46,Active,,Valid or active,Valid,FALSE,Lower Value,Active,1
C00050,2025-03-01,31174.21,9456.25,10524.23,48,6,2,1,2,0,0,0,,1,10,4.1,TRUE,39.5,Active,,Valid or active,Valid,FALSE,Lower Value,Active,1
C00050,2025-04-01,30868.87,7233.64,8924.82,44,0,6,11,0,1,0,0,,2,5,4.2,TRUE,38,Active,,Valid or active,Valid,FALSE,Lower Value,Active,1
C00050,2025-05-01,35117.58,9038.66,13785.4,57,2,0,5,1,0,0,0,,0,0,4.6,TRUE,41.5,Active,,Valid or active,Valid,FALSE,Lower Value,Active,1
C00050,2025-06-01,31857.01,8244.53,15940.15,56,3,10,10,3,0,0,0,,2,5,4.3,TRUE,50.7,Active,,Valid or active,Valid,FALSE,Lower Value,Active,1
C00050,2025-07-01,34535.59,5834.94,10403.46,51,7,7,6,3,0,0,0,,1,3,4.8,TRUE,46.5,Active,,Valid or active,Valid,FALSE,Lower Value,Active,1
C00050,2025-08-01,29524.43,5412.13,12122.77,63,6,0,2,2,0,0,0,,3,9,5,TRUE,45.2,Active,,Valid or active,Valid,FALSE,Lower Value,Active,1
C00050,2025-09-01,31882.29,9068.96,14240.03,50,9,9,7,2,0,0,0,,3,8,4.7,TRUE,48.7,Active,,Valid or active,Valid,FALSE,Lower Value,Active,1
C00050,2025-10-01,31465.87,6918.28,12208.19,64,0,0,0,1,0,1,1,4.1,0,6,4.2,TRUE,42.5,Active,,Valid or active,Valid,FALSE,Lower Value,Active,1
C00050,2025-11-01,32298.15,6247.17,8277.93,62,6,8,1,0,0,0,0,,2,7,4.2,TRUE,52.7,Active,,Valid or active,Valid,FALSE,Lower Value,Active,1
C00050,2025-12-01,38076.65,8640.32,16692.92,54,6,1,0,0,0,0,0,,3,12,4.8,TRUE,42.4,Active,,Valid or active,Valid,FALSE,Lower Value,Active,1
C00051,2025-01-01,38076.59,21562.29,14391.97,2,0,14,9,1,0,1,1,1.4,1,18,4,TRUE,23.3,Active,,Valid or active,Valid,FALSE,Lower Value,Active,1
C00051,2025-02-01,34685.35,19631.72,24790.32,19,4,6,4,0,0,1,1,4.9,0,11,4.2,TRUE,28.5,Active,,Valid or active,Valid,FALSE,Lower Value,Active,1
C00051,2025-03-01,28214.24,13165.24,15400.35,9,3,4,0,3,0,0,0,,2,23,3.8,TRUE,19.8,Active,,Valid or active,Valid,FALSE,Lower Value,Active,1
C00051,2025-04-01,32050.73,16794.46,13025.41,4,4,0,0,0,0,0,0,,0,29,5,FALSE,13.4,Active,,Valid or active,Valid,FALSE,Lower Value,Active,0
C00051,2025-05-01,30402.2,13402.89,15882.39,12,5,6,11,2,0,1,1,4.9,0,23,4.3,TRUE,24.5,Active,,Valid or active,Valid,FALSE,Lower Value,Active,1
C00051,2025-06-01,32168.82,20828.07,16659.37,18,8,10,9,1,0,0,0,,0,19,4.4,TRUE,33.4,Active,,Valid or active,Valid,FALSE,Lower Value,Active,1
C00051,2025-07-01,32937.51,13745.92,10569.64,15,8,4,0,3,1,1,1,7.9,0,18,4.6,TRUE,25.9,Active,,Valid or active,Valid,FALSE,Lower Value,Active,1
C00051,2025-08-01,38320.65,11000.08,7887.31,19,5,7,4,1,2,0,0,,0,12,4,FALSE,29.9,Active,,Valid or active,Valid,FALSE,Lower Value,Active,0
C00051,2025-09-01,32505.23,17962.73,15571.28,9,9,10,14,2,0,0,0,,0,20,4.9,TRUE,28.1,Active,,Valid or active,Valid,FALSE,Lower Value,Active,1
C00051,2025-10-01,31575.27,21229.08,17824.81,12,7,6,13,0,0,0,0,,0,24,4.6,TRUE,25.4,Active,,Valid or active,Valid,FALSE,Lower Value,Active,1
C00051,2025-11-01,35277.23,19708.93,23643.79,2,0,12,2,1,1,0,0,,0,22,4.4,TRUE,21.5,Active,,Valid or active,Valid,FALSE,Lower Value,Active,1
C00051,2025-12-01,35411.53,21958.97,19581.93,4,0,16,13,0,2,0,0,,0,22,4.6,TRUE,26.5,Active,,Valid or active,Valid,FALSE,Lower Value,Active,1
C00052,2025-01-01,25971.33,6961.53,8452.6,46,8,20,23,0,1,0,0,,0,0,5,FALSE,60.5,Active,,Valid or active,Valid,FALSE,Lower Value,Active,0
C00052,2025-02-01,27410.33,9398.76,12595.43,52,6,13,20,2,0,1,0,,1,1,4,TRUE,56.8,Active,,Valid or active,Valid,FALSE,Lower Value,Active,1
C00052,2025-03-01,33908.78,10641.26,12262.05,47,14,20,19,0,0,0,1,2.7,0,1,4.3,TRUE,63.8,Active,,Valid or active,Valid,FALSE,Lower Value,Active,1
C00052,2025-04-01,29718.6,12500.17,11235.95,36,0,11,10,1,1,0,0,,1,2,3.9,TRUE,42.1,Active,,Valid or active,Valid,FALSE,Lower Value,Active,1
C00052,2025-05-01,32870.24,11091.94,14831.68,48,0,11,10,1,0,0,0,,2,2,4.5,TRUE,49.7,Active,,Valid or active,Valid,FALSE,Lower Value,Active,1
C00052,2025-06-01,29983.44,11038.44,14980.88,51,4,15,15,0,0,0,0,,1,0,4.1,TRUE,57.1,Active,,Valid or active,Valid,FALSE,Lower Value,Active,1
C00052,2025-07-01,32864.67,12857.01,16325.74,44,3,16,19,1,0,0,0,,1,0,4.6,TRUE,53.2,Active,,Valid or active,Valid,FALSE,Lower Value,Active,1
C00052,2025-08-01,28953.63,8885.57,8912.13,51,6,13,7,2,0,0,0,,2,4,4,FALSE,56.2,Active,,Valid or active,Valid,FALSE,Lower Value,Active,0
C00052,2025-09-01,26471.13,13364.27,17691.41,36,4,11,19,1,0,1,1,5.5,0,0,5,TRUE,43.9,Active,,Valid or active,Valid,FALSE,Lower Value,Active,1
C00052,2025-10-01,30098.56,10202.89,11242.87,26,2,20,16,1,0,0,0,,0,7,5,TRUE,45,Active,,Valid or active,Valid,FALSE,Lower Value,Active,1
C00052,2025-11-01,32153.79,11491.72,10889.57,45,6,14,15,0,0,0,0,,1,2,5,TRUE,53.3,Active,,Valid or active,Valid,FALSE,Lower Value,Active,1
C00052,2025-12-01,26722.51,8287.73,7781.4,41,3,18,38,1,1,0,0,,0,0,4.5,TRUE,53.1,Active,,Valid or active,Valid,FALSE,Lower Value,Active,1
C00053,2025-01-01,99767.73,22616.2,17861.75,71,7,26,36,0,1,0,0,,0,4,5,FALSE,74.5,Churned,9/12/2025,Valid or active,Valid,FALSE,High Value,Churned,0
C00053,2025-02-01,101680.44,22636.6,24603.31,66,4,24,23,1,0,0,0,,2,1,5,TRUE,71.2,Churned,9/12/2025,Valid or active,Valid,FALSE,High Value,Churned,1
C00053,2025-03-01,122467.81,22555.21,19334.93,61,7,26,37,1,0,0,0,,0,0,4.3,FALSE,74.5,Churned,9/12/2025,Valid or active,Valid,FALSE,High Value,Churned,0
C00053,2025-04-01,105851.2,37525.51,38954.1,54,1,29,39,0,1,0,0,,0,2,5,TRUE,70.7,Churned,9/12/2025,Valid or active,Valid,FALSE,High Value,Churned,1
C00053,2025-05-01,122003.02,23319.56,29444.29,64,2,25,22,2,0,0,0,,1,1,4.6,TRUE,71.2,Churned,9/12/2025,Valid or active,Valid,FALSE,High Value,Churned,1
C00053,2025-06-01,109988.22,23728.67,26959.01,75,11,27,36,0,0,0,0,,2,0,5,FALSE,77.2,Churned,9/12/2025,Valid or active,Valid,FALSE,High Value,Churned,0
C00053,2025-07-01,114571.75,37339.88,47896.61,71,9,32,41,1,0,0,0,,1,1,5,TRUE,79.1,Churned,9/12/2025,Valid or active,Valid,FALSE,High Value,Churned,1
C00053,2025-08-01,112868.81,23924.99,36492.01,82,3,30,34,0,0,0,0,,0,0,4.7,TRUE,76.4,Churned,9/12/2025,Valid or active,Valid,FALSE,High Value,Churned,1
C00053,2025-09-01,130510.52,34354.68,28155.41,63,11,33,35,0,3,1,1,3.5,0,0,5,TRUE,80,Churned,9/12/2025,Valid or active,Valid,FALSE,High Value,Churned,1
C00053,2025-10-01,150328.7,27284.7,33063.93,73,7,30,28,1,0,0,0,,1,2,5,TRUE,78.2,Churned,9/12/2025,Post-churn activity,Valid,TRUE,High Value,Churned,1
C00053,2025-11-01,130679.23,24037.06,21181.36,67,6,36,41,2,0,0,0,,0,0,4.7,TRUE,77.7,Churned,9/12/2025,Post-churn activity,Valid,TRUE,High Value,Churned,1
C00053,2025-12-01,137736.72,30141.25,44746.87,73,3,27,33,1,1,0,0,,1,0,5,TRUE,73.6,Churned,9/12/2025,Post-churn activity,Valid,TRUE,High Value,Churned,1
C00054,2025-01-01,98905.16,34183.8,25714.23,64,1,7,3,0,0,0,0,,0,9,3.5,TRUE,49.5,Active,,Valid or active,Valid,FALSE,Lower Value,Active,1
C00054,2025-02-01,101121.12,21332.21,18692.08,57,8,12,17,0,0,0,0,,2,9,3.8,TRUE,55.5,Active,,Valid or active,Valid,FALSE,Lower Value,Active,1
C00054,2025-03-01,102033.53,26236.93,22332.63,64,0,8,10,0,2,0,0,,0,2,3.8,TRUE,50,Active,,Valid or active,Valid,FALSE,Lower Value,Active,1
C00054,2025-04-01,100020.52,29599.65,33414.34,47,4,8,11,2,1,0,0,,0,4,3.2,TRUE,43.6,Active,,Valid or active,Valid,FALSE,Lower Value,Active,1
C00054,2025-05-01,95851.58,21674.15,25671.93,58,4,11,18,1,0,0,0,,3,10,3.5,TRUE,53.3,Active,,Valid or active,Valid,FALSE,Lower Value,Active,1
C00054,2025-06-01,118857.22,21857.72,27534.05,52,7,6,4,0,0,0,0,,0,7,4,TRUE,46.2,Active,,Valid or active,Valid,FALSE,Lower Value,Active,1
C00054,2025-07-01,127915.55,22732.79,29130.53,61,9,11,15,0,0,1,1,2.2,1,6,3.6,FALSE,56.9,Active,,Valid or active,Valid,FALSE,Lower Value,Active,0
C00054,2025-08-01,126414.45,22438.95,26121.69,59,1,16,19,0,0,0,0,,0,9,3.4,TRUE,57.3,Active,,Valid or active,Valid,FALSE,Lower Value,Active,1
C00054,2025-09-01,131864.77,28627.3,22676.57,60,2,14,9,1,1,1,1,4.4,1,3,3.8,TRUE,56.5,Active,,Valid or active,Valid,FALSE,Lower Value,Active,1
C00054,2025-10-01,122227.69,20545.32,20647.96,68,5,11,5,1,0,0,0,,2,4,3.4,TRUE,55.1,Active,,Valid or active,Valid,FALSE,Lower Value,Active,1
C00054,2025-11-01,137375.97,22109.34,23540.55,65,0,21,23,1,0,0,0,,3,5,3.7,TRUE,62.1,Active,,Valid or active,Valid,FALSE,Lower Value,Active,1
C00054,2025-12-01,146332.52,28611.5,26061.78,75,0,17,24,0,3,0,0,,0,0,3.6,TRUE,58.4,Active,,Valid or active,Valid,FALSE,Lower Value,Active,1
C00055,2025-01-01,15945.71,9414.18,12353.88,22,12,13,18,2,0,0,0,,1,12,4.9,TRUE,49.6,Active,,Valid or active,Valid,FALSE,High Value,Active,1
C00055,2025-02-01,12681.79,13308.52,18609.65,30,17,15,7,1,1,0,0,,0,5,4.7,TRUE,58.8,Active,,Valid or active,Valid,FALSE,High Value,Active,1
C00055,2025-03-01,16085.04,8965.94,11294.36,21,8,11,0,0,0,0,0,,0,9,5,TRUE,45.2,Active,,Valid or active,Valid,FALSE,High Value,Active,1
C00055,2025-04-01,16578.91,7627.14,10375.86,23,17,13,12,2,1,0,0,,0,3,5,TRUE,52.5,Active,,Valid or active,Valid,FALSE,High Value,Active,1
C00055,2025-05-01,19189.28,8942.94,9778.87,20,18,17,25,2,0,0,0,,0,19,5,TRUE,54.8,Active,,Valid or active,Valid,FALSE,High Value,Active,1
C00055,2025-06-01,16841.04,12658.21,16195.34,21,17,22,25,0,1,0,0,,1,8,4.5,TRUE,59.6,Active,,Valid or active,Valid,FALSE,High Value,Active,1
C00055,2025-07-01,15521.05,8353.71,9349.94,24,8,11,12,1,1,0,0,,0,16,5,TRUE,47.1,Active,,Valid or active,Valid,FALSE,High Value,Active,1
C00055,2025-08-01,20209.19,10176.58,12143.72,40,23,25,24,0,1,0,0,,0,5,4.6,FALSE,77.2,Active,,Valid or active,Valid,FALSE,High Value,Active,0
C00055,2025-09-01,16428.14,8617.64,10822.74,34,23,22,13,1,0,0,0,,0,0,4.5,TRUE,70.6,Active,,Valid or active,Valid,FALSE,High Value,Active,1
C00055,2025-10-01,16902.18,13163.65,12985.95,35,26,19,17,1,0,0,0,,1,6,5,TRUE,69.8,Active,,Valid or active,Valid,FALSE,High Value,Active,1
C00055,2025-11-01,22330.31,9820.24,7491.52,31,17,23,24,0,0,0,0,,1,3,5,TRUE,66.9,Active,,Valid or active,Valid,FALSE,High Value,Active,1
C00055,2025-12-01,19859.69,13404.48,14866.08,34,18,16,13,2,0,0,0,,0,0,5,TRUE,62.7,Active,,Valid or active,Valid,FALSE,High Value,Active,1
C00056,2025-01-01,35072.87,22285.05,27926.39,57,35,19,22,2,3,1,0,,2,0,1.8,TRUE,83.3,Churned,12/18/2025,Valid or active,Valid,FALSE,Lower Value,Churned,1
C00056,2025-02-01,36436.11,23567.79,31618.68,53,28,18,4,0,1,1,0,,2,2,1,TRUE,76.7,Churned,12/18/2025,Valid or active,Valid,FALSE,Lower Value,Churned,1
C00056,2025-03-01,36445.66,23133.16,24919.26,55,33,22,20,1,0,1,1,8.3,3,1,2.3,TRUE,84,Churned,12/18/2025,Valid or active,Valid,FALSE,Lower Value,Churned,1
C00056,2025-04-01,34084.28,15412.96,14038.84,40,20,18,7,3,1,2,1,14.3,1,0,1.4,TRUE,64.8,Churned,12/18/2025,Valid or active,Valid,FALSE,Lower Value,Churned,1
C00056,2025-05-01,38639.17,16883.88,19024.4,45,32,20,17,2,0,0,3,6.7,1,2,2.2,TRUE,75.3,Churned,12/18/2025,Valid or active,Valid,FALSE,Lower Value,Churned,1
C00056,2025-06-01,34287.1,21752.82,26675.99,44,21,16,13,2,1,0,0,,3,7,1.7,TRUE,65.9,Churned,12/18/2025,Valid or active,Valid,FALSE,Lower Value,Churned,1
C00056,2025-07-01,32191.48,15428.17,13959.67,55,37,20,22,2,1,1,1,8.3,2,2,2.1,FALSE,83,Churned,12/18/2025,Valid or active,Valid,FALSE,Lower Value,Churned,0
C00056,2025-08-01,34214.44,14064.19,15821.88,48,27,19,10,3,0,1,1,7.8,5,6,1.5,TRUE,74,Churned,12/18/2025,Valid or active,Valid,FALSE,Lower Value,Churned,1
C00056,2025-09-01,35995.55,13983.07,15465.27,45,26,15,17,5,1,0,0,,5,0,1.9,TRUE,67.9,Churned,12/18/2025,Valid or active,Valid,FALSE,Lower Value,Churned,1
C00056,2025-10-01,32393.96,19086.88,16551.99,43,23,10,9,4,1,0,0,,2,6,2.1,TRUE,60.6,Churned,12/18/2025,Valid or active,Valid,FALSE,Lower Value,Churned,1
C00056,2025-11-01,36801.57,23892.21,29707.88,33,27,20,18,0,2,0,0,,2,2,1.4,TRUE,65.4,Churned,12/18/2025,Valid or active,Valid,FALSE,Lower Value,Churned,1
C00056,2025-12-01,31191.27,18537.95,22171.52,53,28,15,1,2,3,0,0,,0,1,2.3,TRUE,73.9,Churned,12/18/2025,Valid or active,Valid,FALSE,Lower Value,Churned,1
C00057,2025-01-01,9750.06,4750.27,11034.77,60,3,15,11,1,1,0,0,,0,3,4.8,FALSE,66.9,Active,,Valid or active,Valid,FALSE,High Value,Active,0
C00057,2025-02-01,11074.54,6574.39,9234.75,49,7,9,11,1,0,0,0,,2,0,4.5,FALSE,56.1,Active,,Valid or active,Valid,FALSE,High Value,Active,0
C00057,2025-03-01,9945.23,6413.89,10917.17,48,5,12,15,2,0,0,0,,2,0,5,FALSE,57.4,Active,,Valid or active,Valid,FALSE,High Value,Active,0
C00057,2025-04-01,12217.07,6623.28,10481.84,34,10,14,15,0,0,0,0,,1,7,5,FALSE,52.7,Active,,Valid or active,Valid,FALSE,High Value,Active,0
C00057,2025-05-01,11968.56,4662.48,5624.47,19,3,21,16,0,2,0,0,,1,9,5,FALSE,46.5,Active,,Valid or active,Valid,FALSE,High Value,Active,0
C00057,2025-06-01,11851.84,6114.11,7767.81,34,5,11,10,0,0,0,0,,0,4,4.3,FALSE,47.6,Active,,Valid or active,Valid,FALSE,High Value,Active,0
C00057,2025-07-01,11537.93,4562.98,5490.81,31,4,13,8,0,1,0,0,,0,2,4.5,FALSE,47.1,Active,,Valid or active,Valid,FALSE,High Value,Active,0
C00057,2025-08-01,10985.03,4681.78,5393,33,6,4,4,2,1,0,0,,1,3,4.6,FALSE,40.9,Active,,Valid or active,Valid,FALSE,High Value,Active,0
C00057,2025-09-01,10250.75,5526.29,7928.47,38,12,13,10,1,0,0,0,,1,3,5,FALSE,55.2,Active,,Valid or active,Valid,FALSE,High Value,Active,0
C00057,2025-10-01,10936.59,6652.18,11272.57,28,0,20,17,1,1,0,0,,1,0,5,FALSE,49.9,Active,,Valid or active,Valid,FALSE,High Value,Active,0
C00057,2025-11-01,9388.65,6347.02,9367.16,37,4,18,17,1,1,0,0,,0,5,5,FALSE,55.6,Active,,Valid or active,Valid,FALSE,High Value,Active,0
C00057,2025-12-01,12990.64,6140.22,5526.9,19,2,6,0,2,0,0,0,,1,15,4.4,FALSE,32,Active,,Valid or active,Valid,FALSE,High Value,Active,0
C00058,2025-01-01,21531.04,20203.92,23248.26,58,31,44,49,2,2,2,1,9.5,0,2,2,TRUE,83.4,Active,,Valid or active,Valid,FALSE,High Value,Active,1
C00058,2025-02-01,21344.31,20852.01,20336.93,63,29,41,43,3,0,1,1,11.4,0,5,1.8,TRUE,83.8,Active,,Valid or active,Valid,FALSE,High Value,Active,1
C00058,2025-03-01,20695.09,24563.17,20010.79,52,32,31,40,2,2,1,1,8.4,2,0,2.2,TRUE,80.1,Active,,Valid or active,Valid,FALSE,High Value,Active,1
C00058,2025-04-01,19369.74,18020.57,17542.97,38,23,33,42,0,4,0,0,,1,5,1.9,FALSE,67.1,Active,,Valid or active,Valid,FALSE,High Value,Active,0
C00058,2025-05-01,17475.26,20645.69,19722.46,42,27,36,44,1,2,0,1,11.8,3,0,1.4,TRUE,71.4,Active,,Valid or active,Valid,FALSE,High Value,Active,1
C00058,2025-06-01,17962.63,22718.05,29261.54,41,23,29,39,3,4,3,2,8.2,1,4,2.1,TRUE,68,Active,,Valid or active,Valid,FALSE,High Value,Active,1
C00058,2025-07-01,17608.04,12034.05,15230.13,49,32,40,46,1,4,0,1,8.3,1,0,1.8,FALSE,78.2,Active,,Valid or active,Valid,FALSE,High Value,Active,0
C00058,2025-08-01,18178.98,15429.85,12829.86,48,29,32,34,0,3,2,2,11.2,3,2,1.6,TRUE,76.2,Active,,Valid or active,Valid,FALSE,High Value,Active,1
C00058,2025-09-01,19480.63,25930.59,18962.1,54,35,43,53,2,2,1,1,5.2,1,2,1.6,TRUE,82.7,Active,,Valid or active,Valid,FALSE,High Value,Active,1
C00058,2025-10-01,18594.91,25398.64,24118.13,40,25,34,38,1,1,2,2,11.4,2,0,1.8,TRUE,69.3,Active,,Valid or active,Valid,FALSE,High Value,Active,1
C00058,2025-11-01,17795.01,15206.07,18683.43,37,23,30,37,2,2,1,1,10.2,3,0,2.2,FALSE,66.4,Active,,Valid or active,Valid,FALSE,High Value,Active,0
C00058,2025-12-01,18156.74,23277.53,24000.14,42,25,33,34,0,1,1,1,7.8,3,0,2,TRUE,70.5,Active,,Valid or active,Valid,FALSE,High Value,Active,1
C00059,2025-01-01,32303.62,19363.39,15773.44,16,4,8,10,0,0,0,0,,0,23,,TRUE,32.9,Active,,Valid or active,Valid,FALSE,High Value,Active,1
C00059,2025-02-01,35453.5,20558.84,14673.14,17,0,1,0,0,2,0,0,,0,16,3.8,TRUE,25.2,Active,,Valid or active,Valid,FALSE,High Value,Active,1
C00059,2025-03-01,36131.61,12018.81,13209.18,16,0,8,8,1,0,0,0,,0,16,2.9,FALSE,31.1,Active,,Valid or active,Valid,FALSE,High Value,Active,0
C00059,2025-04-01,28604.78,18168.37,15385.67,23,0,8,10,1,0,1,1,5.2,0,13,4.3,TRUE,35.5,Active,,Valid or active,Valid,FALSE,High Value,Active,1
C00059,2025-05-01,31163.13,21198.55,25956.79,18,0,6,2,0,1,0,0,,1,9,3.2,TRUE,30.5,Active,,Valid or active,Valid,FALSE,High Value,Active,1
C00059,2025-06-01,32521.83,20495.97,21165.32,17,1,5,11,0,0,0,0,,0,12,3.7,TRUE,29.4,Active,,Valid or active,Valid,FALSE,High Value,Active,1
C00059,2025-07-01,30934.4,23405.33,19909.42,14,0,14,9,0,1,1,1,1.6,1,18,3.6,TRUE,35.4,Active,,Valid or active,Valid,FALSE,High Value,Active,1
C00059,2025-08-01,33780.8,13661.41,15154.35,0,0,5,2,0,1,0,0,,0,23,3.7,TRUE,18.2,Active,,Valid or active,Valid,FALSE,High Value,Active,1
C00059,2025-09-01,30095.3,13701.58,15486.16,21,3,5,5,1,0,1,0,,1,17,3.1,TRUE,32.8,Active,,Valid or active,Valid,FALSE,High Value,Active,1
C00059,2025-10-01,30903.14,13655.52,13829.33,10,0,17,14,0,0,1,2,2.2,0,22,3,TRUE,35.7,Active,,Valid or active,Valid,FALSE,High Value,Active,1
C00059,2025-11-01,27460.32,17775.03,11634.66,3,3,6,9,0,1,1,1,5.3,0,23,4.4,TRUE,22.4,Active,,Valid or active,Valid,FALSE,High Value,Active,1
C00059,2025-12-01,29970.24,19087.16,20894.25,20,4,12,4,0,0,0,0,,1,11,3.6,TRUE,39.2,Active,,Valid or active,Valid,FALSE,High Value,Active,1
C00060,2025-01-01,16275.88,2203.84,5908.23,30,16,11,7,4,2,2,1,15.2,2,4,2.9,FALSE,50.1,Churned,12/15/2025,Valid or active,Valid,FALSE,Lower Value,Churned,0
C00060,2025-02-01,12392.58,3781.12,6457.49,28,17,7,0,1,1,0,0,,0,13,3.4,FALSE,45.5,Churned,12/15/2025,Valid or active,Valid,FALSE,Lower Value,Churned,0
C00060,2025-03-01,13983.39,3276.48,5104.24,29,16,6,6,2,2,1,1,13,1,6,2.8,FALSE,44.8,Churned,12/15/2025,Valid or active,Valid,FALSE,Lower Value,Churned,0
C00060,2025-04-01,13565.12,3607.17,6083.15,18,9,14,23,0,1,0,1,9.5,0,1,3.4,FALSE,42.1,Churned,12/15/2025,Valid or active,Valid,FALSE,Lower Value,Churned,0
C00060,2025-05-01,13358.22,2424.46,5499.84,33,18,7,10,6,1,2,1,10.4,2,1,3.3,FALSE,49.2,Churned,12/15/2025,Valid or active,Valid,FALSE,Lower Value,Churned,0
C00060,2025-06-01,12533.78,2323.25,3797.84,21,14,9,7,0,2,0,0,,0,11,3.3,FALSE,41.6,Churned,12/15/2025,Valid or active,Valid,FALSE,Lower Value,Churned,0
C00060,2025-07-01,13360.47,2506.98,2921.53,18,9,3,10,1,3,0,1,13.5,0,14,3.2,FALSE,31.8,Churned,12/15/2025,Valid or active,Valid,FALSE,Lower Value,Churned,0
C00060,2025-08-01,13785.16,3671.5,4824.31,17,8,9,12,0,2,1,0,,0,11,3.6,FALSE,36.3,Churned,12/15/2025,Valid or active,Valid,FALSE,Lower Value,Churned,0
C00060,2025-09-01,13799.35,2291.6,3208.8,20,13,8,4,2,3,1,1,9.7,1,6,3.4,FALSE,39.6,Churned,12/15/2025,Valid or active,Valid,FALSE,Lower Value,Churned,0
C00060,2025-10-01,13837.86,2761.99,5740.75,36,13,6,7,4,3,0,0,,1,4,3.6,FALSE,47.8,Churned,12/15/2025,Valid or active,Valid,FALSE,Lower Value,Churned,0
C00060,2025-11-01,11740.82,3453.09,5929.94,22,15,3,2,2,1,0,1,9,2,4,2.7,FALSE,37.1,Churned,12/15/2025,Valid or active,Valid,FALSE,Lower Value,Churned,0
C00060,2025-12-01,11614.98,2913.43,3602.13,8,1,4,10,1,2,1,0,,0,22,2.7,FALSE,22.8,Churned,12/15/2025,Valid or active,Valid,FALSE,Lower Value,Churned,0
C00061,2025-01-01,12970.29,20083.74,23893.7,68,38,7,5,6,2,0,0,,0,9,4.3,TRUE,69.5,Active,,Valid or active,Valid,FALSE,Lower Value,Active,1
C00061,2025-02-01,12284.8,20579.13,21480.9,72,36,8,13,1,2,0,0,,3,12,3.1,TRUE,70.5,Active,,Valid or active,Valid,FALSE,Lower Value,Active,1
C00061,2025-03-01,13970.64,22495.83,30961.53,61,34,10,0,3,2,0,0,,0,7,4.3,TRUE,71.9,Active,,Valid or active,Valid,FALSE,Lower Value,Active,1
C00061,2025-04-01,12886.3,23592.82,23917.65,46,24,1,5,2,0,0,0,,0,12,4.5,TRUE,50,Active,,Valid or active,Valid,FALSE,Lower Value,Active,1
C00061,2025-05-01,12797.44,22261.47,20666.37,75,40,0,0,5,0,0,0,,0,5,4.9,TRUE,63,Active,,Valid or active,Valid,FALSE,Lower Value,Active,1
C00061,2025-06-01,11498.69,13757.34,17551.66,58,41,9,14,1,2,0,0,,1,3,3.6,TRUE,70.1,Active,,Valid or active,Valid,FALSE,Lower Value,Active,1
C00061,2025-07-01,10640.91,15671.61,15730.23,78,52,6,2,3,1,0,0,,1,11,4.5,TRUE,68.6,Active,,Valid or active,Valid,FALSE,Lower Value,Active,1
C00061,2025-08-01,12392.66,13032.85,23078.51,66,40,8,5,4,0,0,0,,2,4,4.3,FALSE,70.5,Active,,Valid or active,Valid,FALSE,Lower Value,Active,0
C00061,2025-09-01,12047.96,22726.08,32214.99,51,26,7,7,3,0,0,0,,0,4,4.2,TRUE,59.7,Active,,Valid or active,Valid,FALSE,Lower Value,Active,1
C00061,2025-10-01,12413.02,19619.98,20724.46,46,26,11,13,5,0,0,0,,0,1,4.7,TRUE,60.3,Active,,Valid or active,Valid,FALSE,Lower Value,Active,1
C00061,2025-11-01,11078.76,13545.89,15448.58,48,33,3,0,0,0,1,0,,2,7,3.5,FALSE,57.3,Active,,Valid or active,Valid,FALSE,Lower Value,Active,0
C00061,2025-12-01,12998.44,11960.26,13344.84,65,43,9,15,2,0,0,0,,2,3,4,FALSE,71.4,Active,,Valid or active,Valid,FALSE,Lower Value,Active,0
C00062,2025-01-01,24361.11,9248.87,12684.69,34,18,10,15,1,0,0,0,,1,6,4.8,TRUE,57.1,Churned,9/9/2025,Valid or active,Valid,FALSE,Lower Value,Churned,1
C00062,2025-02-01,20033.95,14938.75,17075.13,23,17,8,1,2,1,0,0,,0,9,4.4,TRUE,47.8,Churned,9/9/2025,Valid or active,Valid,FALSE,Lower Value,Churned,1
C00062,2025-03-01,21577.63,12400.75,11987.27,25,17,7,8,1,0,0,0,,1,15,4.7,TRUE,48.1,Churned,9/9/2025,Valid or active,Valid,FALSE,Lower Value,Churned,1
C00062,2025-04-01,21181.08,13053.48,18324.3,34,16,7,13,0,1,0,0,,1,4,5,TRUE,53.4,Churned,9/9/2025,Valid or active,Valid,FALSE,Lower Value,Churned,1
C00062,2025-05-01,20595.97,9587.05,10546.15,26,12,5,0,0,1,0,0,,0,10,5,TRUE,44.6,Churned,9/9/2025,Valid or active,Valid,FALSE,Lower Value,Churned,1
C00062,2025-06-01,20013.71,13316.31,11327.8,28,9,6,13,1,1,0,0,,2,3,4.3,TRUE,45.4,Churned,9/9/2025,Valid or active,Valid,FALSE,Lower Value,Churned,1
C00062,2025-07-01,17038.69,12331.26,13393.9,23,11,12,13,1,2,0,0,,0,15,4,FALSE,48.8,Churned,9/9/2025,Valid or active,Valid,FALSE,Lower Value,Churned,0
C00062,2025-08-01,14873.79,12177.15,15285.33,11,3,5,9,1,0,0,0,,0,22,4.2,TRUE,31,Churned,9/9/2025,Valid or active,Valid,FALSE,Lower Value,Churned,1
C00062,2025-09-01,4960.59,15871.91,15626.13,14,2,4,7,0,3,1,1,1.8,0,16,3.7,TRUE,31.5,Churned,9/9/2025,Valid or active,Valid,FALSE,Lower Value,Churned,1
C00062,2025-10-01,9620.18,9798.51,9404.16,18,10,7,8,1,1,2,2,1.2,0,11,4,FALSE,40.5,Churned,9/9/2025,Post-churn activity,Valid,TRUE,Lower Value,Churned,0
C00062,2025-11-01,5482.41,10782.15,8185.14,14,10,7,0,0,0,1,0,,1,13,3.8,FALSE,38,Churned,9/9/2025,Post-churn activity,Valid,TRUE,Lower Value,Churned,0
C00062,2025-12-01,4123.49,15722.09,13349.31,15,14,2,3,1,0,1,1,3.4,0,25,4.2,TRUE,35.8,Churned,9/9/2025,Post-churn activity,Valid,TRUE,Lower Value,Churned,1
C00063,2025-01-01,138307.55,33714.53,28313.35,27,13,14,19,0,1,0,0,,0,9,4.7,TRUE,49.6,Active,,Valid or active,Valid,FALSE,High Value,Active,1
C00063,2025-02-01,117671.63,29485.63,22089.52,32,20,16,8,0,0,0,0,,1,2,3.2,TRUE,57.8,Active,,Valid or active,Valid,FALSE,High Value,Active,1
C00063,2025-03-01,119182.05,37941.14,29440.63,35,11,13,10,0,0,0,0,,0,3,4.7,TRUE,52.8,Active,,Valid or active,Valid,FALSE,High Value,Active,1
C00063,2025-04-01,153150,27442.91,32026.45,41,24,9,11,0,1,0,0,,0,5,4.4,TRUE,58.8,Active,,Valid or active,Valid,FALSE,High Value,Active,1
C00063,2025-05-01,126269.03,23686.75,18463.9,37,24,9,15,1,0,0,0,,0,5,4.3,TRUE,56.3,Active,,Valid or active,Valid,FALSE,High Value,Active,1
C00063,2025-06-01,125755.41,19623.01,18964.71,41,25,6,8,2,3,0,0,,0,8,4.2,FALSE,56.5,Active,,Valid or active,Valid,FALSE,High Value,Active,0
C00063,2025-07-01,130389.01,41832.49,44826.21,29,13,10,11,1,0,0,0,,0,10,3.7,TRUE,47.1,Active,,Valid or active,Valid,FALSE,High Value,Active,1
C00063,2025-08-01,118004.57,23783.47,26972.16,32,13,17,27,0,1,0,0,,0,0,4,TRUE,55.6,Active,,Valid or active,Valid,FALSE,High Value,Active,1
C00063,2025-09-01,140117.81,30483.64,29099.7,40,23,16,16,0,0,0,0,,1,11,4.1,TRUE,64.3,Active,,Valid or active,Valid,FALSE,High Value,Active,1
C00063,2025-10-01,145350.75,41898.67,32418.07,30,13,18,24,0,1,0,0,,1,0,4.3,TRUE,55.2,Active,,Valid or active,Valid,FALSE,High Value,Active,1
C00063,2025-11-01,129129.83,41303.29,49026.08,28,19,16,11,1,1,0,0,,1,6,4.2,TRUE,54.9,Active,,Valid or active,Valid,FALSE,High Value,Active,1
C00063,2025-12-01,122092.59,25898.96,22515.83,25,14,16,20,2,2,0,0,,1,9,3.9,TRUE,50.7,Active,,Valid or active,Valid,FALSE,High Value,Active,1
C00064,2025-01-01,93877.2,37648.49,32986.87,66,2,7,6,2,0,1,1,18.9,3,7,3.5,TRUE,49.9,Churned,10/19/2025,Valid or active,Valid,FALSE,Lower Value,Churned,1
C00064,2025-02-01,78833.06,23268.93,18176.37,53,5,14,14,0,2,0,0,,1,6,3.8,FALSE,53.4,Churned,10/19/2025,Valid or active,Valid,FALSE,Lower Value,Churned,0
C00064,2025-03-01,83778.83,29477.88,37795.62,49,1,9,6,0,1,0,0,,1,8,3.8,TRUE,44.4,Churned,10/19/2025,Valid or active,Valid,FALSE,Lower Value,Churned,1
C00064,2025-04-01,70170.27,37397.25,47617.4,51,6,11,19,2,1,1,1,11.5,1,3,4,TRUE,49.8,Churned,10/19/2025,Valid or active,Valid,FALSE,Lower Value,Churned,1
C00064,2025-05-01,75862.39,31010.08,31497.04,56,7,13,17,1,0,1,0,,1,0,3.7,TRUE,55.3,Churned,10/19/2025,Valid or active,Valid,FALSE,Lower Value,Churned,1
C00064,2025-06-01,78744.03,39211.75,36799.81,54,0,6,2,2,3,2,2,15,3,11,3.4,TRUE,44.3,Churned,10/19/2025,Valid or active,Valid,FALSE,Lower Value,Churned,1
C00064,2025-07-01,70366.14,28707.34,28953.91,64,0,7,19,1,1,0,0,,3,5,3.8,TRUE,49,Churned,10/19/2025,Valid or active,Valid,FALSE,Lower Value,Churned,1
C00064,2025-08-01,79898.49,29158.75,34730.91,50,2,4,6,1,3,1,1,7.3,5,10,3.4,TRUE,40.8,Churned,10/19/2025,Valid or active,Valid,FALSE,Lower Value,Churned,1
C00064,2025-09-01,76588.47,28989.15,40071.52,50,1,8,9,3,1,1,1,11.5,1,8,3.4,TRUE,44.1,Churned,10/19/2025,Valid or active,Valid,FALSE,Lower Value,Churned,1
C00064,2025-10-01,73135.65,26490.47,22108.14,45,2,8,3,2,2,0,0,,1,2,4,FALSE,41.4,Churned,10/19/2025,Valid or active,Valid,FALSE,Lower Value,Churned,0
C00064,2025-11-01,65574.77,29192.78,28369.78,46,6,2,0,2,4,0,1,11.8,0,2,3.8,TRUE,38.2,Churned,10/19/2025,Post-churn activity,Valid,TRUE,Lower Value,Churned,1
C00064,2025-12-01,67806.24,19244.5,24593,53,3,11,15,1,4,0,0,,1,2,3.9,FALSE,49.7,Churned,10/19/2025,Post-churn activity,Valid,TRUE,Lower Value,Churned,0
C00065,2025-01-01,61994.97,15254.62,13643.02,43,34,23,26,1,0,0,0,,1,1,4.5,TRUE,77.7,Churned,11/18/2025,Valid or active,Valid,FALSE,High Value,Churned,1
C00065,2025-02-01,64539.37,21512.39,28117.07,54,32,19,17,1,0,1,1,7.1,0,1,3.8,TRUE,80.1,Churned,11/18/2025,Valid or active,Valid,FALSE,High Value,Churned,1
C00065,2025-03-01,71035.29,15330.01,18179.83,45,32,20,16,0,0,0,0,,0,2,4.3,TRUE,75.3,Churned,11/18/2025,Valid or active,Valid,FALSE,High Value,Churned,1
C00065,2025-04-01,66561.72,16673.98,18526.53,50,26,21,11,0,0,1,1,3.1,1,2,4.3,TRUE,76.7,Churned,11/18/2025,Valid or active,Valid,FALSE,High Value,Churned,1
C00065,2025-05-01,70525.76,24641.29,31622.17,45,27,26,15,0,0,0,0,,0,4,4.4,TRUE,78.6,Churned,11/18/2025,Valid or active,Valid,FALSE,High Value,Churned,1
C00065,2025-06-01,71792.91,22583.97,27368,40,26,32,33,2,0,0,0,,1,1,4.3,TRUE,78.7,Churned,11/18/2025,Valid or active,Valid,FALSE,High Value,Churned,1
C00065,2025-07-01,76649.11,16220.95,17426.66,44,27,22,15,2,0,0,0,,1,4,4.5,FALSE,74.2,Churned,11/18/2025,Valid or active,Valid,FALSE,High Value,Churned,0
C00065,2025-08-01,64501.26,21898.6,26475.22,48,36,24,19,0,1,0,0,,0,0,4.5,TRUE,82.3,Churned,11/18/2025,Valid or active,Valid,FALSE,High Value,Churned,1
C00065,2025-09-01,67109.57,16210.25,15572.22,45,26,10,2,2,0,0,0,,0,8,4.8,TRUE,63.2,Churned,11/18/2025,Valid or active,Valid,FALSE,High Value,Churned,1
C00065,2025-10-01,66029.81,21860.36,25597.02,47,30,16,19,0,1,0,0,,0,2,4.2,TRUE,71.9,Churned,11/18/2025,Valid or active,Valid,FALSE,High Value,Churned,1
C00065,2025-11-01,68283.65,20755.53,17719.08,52,33,20,17,0,0,1,0,,1,6,3.5,FALSE,80.2,Churned,11/18/2025,Valid or active,Valid,FALSE,High Value,Churned,0
C00065,2025-12-01,60807.43,16074.05,15738.11,47,23,17,15,2,0,0,1,1.1,4,0,4.5,TRUE,69.6,Churned,11/18/2025,Post-churn activity,Valid,TRUE,High Value,Churned,1
C00066,2025-01-01,83801,14815.37,16196.09,50,29,28,30,4,1,0,0,,0,0,3.7,TRUE,84.6,Active,,Valid or active,Valid,FALSE,Lower Value,Active,1
C00066,2025-02-01,76932.83,23560.05,23624.58,63,36,19,22,0,2,2,1,8,0,4,3.7,TRUE,85.2,Active,,Valid or active,Valid,FALSE,Lower Value,Active,1
C00066,2025-03-01,71351.62,14999.44,12902.95,48,35,23,27,1,2,0,0,,3,5,3.3,TRUE,81.4,Active,,Valid or active,Valid,FALSE,Lower Value,Active,1
C00066,2025-04-01,74523.31,18158.02,17916.56,44,27,23,29,1,1,1,1,12.7,3,2,2.9,TRUE,75.2,Active,,Valid or active,Valid,FALSE,Lower Value,Active,1
C00066,2025-05-01,69352.28,23146.65,28784.27,49,30,19,25,3,0,0,0,,1,0,3.8,TRUE,76,Active,,Valid or active,Valid,FALSE,Lower Value,Active,1
C00066,2025-06-01,88649.44,22467.4,27846.03,54,27,20,26,1,0,1,1,8.9,4,0,3.1,TRUE,78.7,Active,,Valid or active,Valid,FALSE,Lower Value,Active,1
C00066,2025-07-01,81099.33,14765.95,18931.38,45,30,19,29,2,1,0,0,,1,0,3.6,FALSE,73.4,Active,,Valid or active,Valid,FALSE,Lower Value,Active,0
C00066,2025-08-01,75135.47,18938.91,17580.02,55,36,27,28,6,2,2,3,10.8,2,2,3.3,FALSE,89.5,Active,,Valid or active,Valid,FALSE,Lower Value,Active,0
C00066,2025-09-01,64357.59,19570.07,28570.09,40,23,19,27,0,1,1,1,6,2,0,4,TRUE,67.1,Active,,Valid or active,Valid,FALSE,Lower Value,Active,1
C00066,2025-10-01,76616.08,14671.67,12539.3,36,23,24,32,4,1,2,1,18.6,2,0,3.5,TRUE,69.2,Active,,Valid or active,Valid,FALSE,Lower Value,Active,1
C00066,2025-11-01,86001.38,17527.58,24990.53,49,24,24,33,2,1,3,3,6.2,2,7,3.2,TRUE,77.9,Active,,Valid or active,Valid,FALSE,Lower Value,Active,1
C00066,2025-12-01,63148.4,11453.28,9961.92,45,28,23,25,3,3,0,1,6.4,1,0,4.3,FALSE,76.3,Active,,Valid or active,Valid,FALSE,Lower Value,Active,0
C00067,2025-01-01,68687.78,19477.24,16094.27,29,0,7,10,1,0,0,0,,1,6,4.4,TRUE,33.9,Churned,12/8/2025,Valid or active,Valid,FALSE,Lower Value,Churned,1
C00067,2025-02-01,76925.65,32531.28,39706.33,26,2,5,0,0,0,0,0,,1,7,4.9,TRUE,31,Churned,12/8/2025,Valid or active,Valid,FALSE,Lower Value,Churned,1
C00067,2025-03-01,62380.09,25880.91,33953.92,35,2,11,5,1,0,0,0,,0,0,4.2,TRUE,42.3,Churned,12/8/2025,Valid or active,Valid,FALSE,Lower Value,Churned,1
C00067,2025-04-01,66704.48,32419.43,29279.97,26,5,8,6,5,0,0,0,,1,12,4.2,TRUE,35.2,Churned,12/8/2025,Valid or active,Valid,FALSE,Lower Value,Churned,1
C00067,2025-05-01,54470.65,23596.06,25996.22,14,3,8,1,5,0,0,0,,1,14,4.3,FALSE,26.7,Churned,12/8/2025,Valid or active,Valid,FALSE,Lower Value,Churned,0
C00067,2025-06-01,50585.61,32684.97,37467.65,31,0,5,7,0,2,0,0,,2,15,4,TRUE,33.3,Churned,12/8/2025,Valid or active,Valid,FALSE,Lower Value,Churned,1
C00067,2025-07-01,51469.69,25064.17,32613.42,32,0,2,0,2,0,0,0,,1,7,3.5,TRUE,31.1,Churned,12/8/2025,Valid or active,Valid,FALSE,Lower Value,Churned,1
C00067,2025-08-01,39037.14,29452.91,30064.75,36,0,2,12,0,0,1,1,7.6,0,6,3.3,TRUE,33.7,Churned,12/8/2025,Valid or active,Valid,FALSE,Lower Value,Churned,1
C00067,2025-09-01,31329.96,24433.2,24736.36,18,0,3,2,2,1,1,1,7.7,1,20,3.7,TRUE,23.2,Churned,12/8/2025,Valid or active,Valid,FALSE,Lower Value,Churned,1
C00067,2025-10-01,30437.25,15540.76,13822.33,15,0,0,4,0,1,0,0,,1,19,4.1,FALSE,18.5,Churned,12/8/2025,Valid or active,Valid,FALSE,Lower Value,Churned,0
C00067,2025-11-01,22425.46,24801.64,27372.03,24,0,0,2,2,0,0,0,,3,18,3.2,FALSE,24.2,Churned,12/8/2025,Valid or active,Valid,FALSE,Lower Value,Churned,0
C00067,2025-12-01,11683.95,24312.42,24463.53,19,0,3,0,0,1,1,0,,0,11,4.1,FALSE,23.8,Churned,12/8/2025,Valid or active,Valid,FALSE,Lower Value,Churned,0
C00068,2025-01-01,44360.77,10853.81,10533.08,32,13,13,13,0,1,0,0,,0,0,,FALSE,51.8,Active,,Valid or active,Valid,FALSE,Lower Value,Active,0
C00068,2025-02-01,50694.88,9578.26,10556.99,42,23,13,7,1,0,0,0,,2,6,4.8,FALSE,62.7,Active,,Valid or active,Valid,FALSE,Lower Value,Active,0
C00068,2025-03-01,44602.03,9812.82,13442.61,44,30,13,14,1,0,0,0,,2,3,5,TRUE,67.2,Active,,Valid or active,Valid,FALSE,Lower Value,Active,1
C00068,2025-04-01,50704.34,12081.62,13598.37,22,14,13,16,0,1,0,0,,0,10,5,TRUE,46,Active,,Valid or active,Valid,FALSE,Lower Value,Active,1
C00068,2025-05-01,47121.61,10637.07,10333.27,33,13,13,16,1,1,0,0,,0,2,5,TRUE,52.5,Active,,Valid or active,Valid,FALSE,Lower Value,Active,1
C00068,2025-06-01,48140.28,9353.76,13194.79,35,21,19,21,0,0,0,0,,1,0,5,TRUE,63,Active,,Valid or active,Valid,FALSE,Lower Value,Active,1
C00068,2025-07-01,56494.77,12630.19,13230.17,28,13,11,12,0,0,0,0,,0,2,5,TRUE,47.4,Active,,Valid or active,Valid,FALSE,Lower Value,Active,1
C00068,2025-08-01,46363.94,11926.68,14054.44,38,33,9,5,1,0,0,0,,1,7,5,TRUE,61.1,Active,,Valid or active,Valid,FALSE,Lower Value,Active,1
C00068,2025-09-01,42500,10763.26,14482.23,46,23,17,3,1,0,0,0,,2,2,4.6,TRUE,69,Active,,Valid or active,Valid,FALSE,Lower Value,Active,1
C00068,2025-10-01,50754.53,9862.46,7902.52,28,18,12,9,3,1,0,0,,0,15,5,TRUE,50.7,Active,,Valid or active,Valid,FALSE,Lower Value,Active,1
C00068,2025-11-01,54688.19,13544.07,18291.52,36,20,12,18,0,2,0,0,,1,2,5,TRUE,56.6,Active,,Valid or active,Valid,FALSE,Lower Value,Active,1
C00068,2025-12-01,45385.56,8689.58,10989.73,47,23,12,9,0,1,0,0,,1,0,5,TRUE,65,Active,,Valid or active,Valid,FALSE,Lower Value,Active,1
C00069,2025-01-01,3524.48,10276.71,15311.86,60,40,7,4,2,0,0,0,,0,5,4,TRUE,74,Active,,Valid or active,Valid,FALSE,Lower Value,Active,1
C00069,2025-02-01,4203.3,6560.51,11066.72,56,30,12,16,2,0,0,0,,0,1,3.2,FALSE,73.9,Active,,Valid or active,Valid,FALSE,Lower Value,Active,0
C00069,2025-03-01,4195.29,10601.65,21488.53,75,39,10,12,1,1,0,0,,1,0,3.2,TRUE,76.8,Active,,Valid or active,Valid,FALSE,Lower Value,Active,1
C00069,2025-04-01,3990.49,7096.19,12961.19,47,30,16,15,1,0,0,0,,3,0,3.9,TRUE,71.9,Active,,Valid or active,Valid,FALSE,Lower Value,Active,1
C00069,2025-05-01,4671.12,9492.62,12991.69,41,27,21,26,1,1,0,0,,2,3,3.9,TRUE,71.4,Active,,Valid or active,Valid,FALSE,Lower Value,Active,1
C00069,2025-06-01,3901.71,10167.89,12256.53,51,30,12,16,1,2,0,0,,0,1,3.7,TRUE,70.7,Active,,Valid or active,Valid,FALSE,Lower Value,Active,1
C00069,2025-07-01,4568.14,6231.35,8548.23,64,34,10,9,0,0,0,0,,5,7,3.1,TRUE,76.4,Active,,Valid or active,Valid,FALSE,Lower Value,Active,1
C00069,2025-08-01,5484.92,9332.64,15278.95,54,33,10,15,0,1,0,0,,2,8,3.9,TRUE,72.1,Active,,Valid or active,Valid,FALSE,Lower Value,Active,1
C00069,2025-09-01,3021.32,8311.08,15041.43,44,21,11,11,1,0,0,0,,0,8,3.6,TRUE,61.2,Active,,Valid or active,Valid,FALSE,Lower Value,Active,1
C00069,2025-10-01,4672.07,6366.9,6807.97,42,21,11,7,0,0,0,0,,0,4,4.2,TRUE,60,Active,,Valid or active,Valid,FALSE,Lower Value,Active,1
C00069,2025-11-01,4164.97,8898.31,10687.9,49,25,15,19,0,1,0,0,,0,3,3.6,TRUE,70,Active,,Valid or active,Valid,FALSE,Lower Value,Active,1
C00069,2025-12-01,4105.23,7609.64,12989.41,52,36,6,9,2,1,0,0,,1,4,3.6,TRUE,68,Active,,Valid or active,Valid,FALSE,Lower Value,Active,1
C00070,2025-01-01,39982.44,9616.03,12787.56,45,4,9,6,2,1,0,0,,0,0,5,FALSE,52.2,Active,,Valid or active,Valid,FALSE,Lower Value,Active,0
C00070,2025-02-01,41888.13,13054.21,13124.59,45,2,11,15,0,0,0,0,,0,11,4.9,TRUE,53.2,Active,,Valid or active,Valid,FALSE,Lower Value,Active,1
C00070,2025-03-01,38054.78,8128.94,11626.42,54,1,10,7,0,0,0,0,,0,2,4.8,FALSE,57.5,Active,,Valid or active,Valid,FALSE,Lower Value,Active,0
C00070,2025-04-01,49700.39,17567.94,22169.91,47,6,5,4,1,1,1,0,,0,8,5,TRUE,50.7,Active,,Valid or active,Valid,FALSE,Lower Value,Active,1
C00070,2025-05-01,41008.68,15717.78,21264.2,65,4,5,14,2,3,1,2,2.5,0,9,5,TRUE,58,Active,,Valid or active,Valid,FALSE,Lower Value,Active,1
C00070,2025-06-01,39996.33,11670.45,14609.9,48,1,0,0,1,0,0,0,,0,14,4.8,TRUE,44.4,Active,,Valid or active,Valid,FALSE,Lower Value,Active,1
C00070,2025-07-01,40590.74,8742.33,8083.7,58,1,1,0,0,0,0,0,,1,0,5,FALSE,51.6,Active,,Valid or active,Valid,FALSE,Lower Value,Active,0
C00070,2025-08-01,41186.44,10932.15,15250.31,51,0,5,16,2,0,0,0,,2,5,4.8,TRUE,50.5,Active,,Valid or active,Valid,FALSE,Lower Value,Active,1
C00070,2025-09-01,36965.49,14471.89,13414.29,41,1,12,14,1,1,0,0,,0,1,5,TRUE,51.1,Active,,Valid or active,Valid,FALSE,Lower Value,Active,1
C00070,2025-10-01,39665.36,12394.81,14979.93,51,2,9,16,0,1,0,0,,0,0,4.8,TRUE,55.1,Active,,Valid or active,Valid,FALSE,Lower Value,Active,1
C00070,2025-11-01,35321.42,12929.51,18062.73,48,1,2,0,0,1,0,0,,1,2,4.7,TRUE,46.2,Active,,Valid or active,Valid,FALSE,Lower Value,Active,1
C00070,2025-12-01,39251.13,12713.67,15903.96,50,4,7,3,1,0,0,0,,0,7,5,TRUE,53.5,Active,,Valid or active,Valid,FALSE,Lower Value,Active,1
C00071,2025-01-01,34034.84,12959.45,16595.53,29,18,29,18,0,0,0,0,,1,0,4.4,TRUE,62.7,Churned,11/25/2025,Valid or active,Valid,FALSE,High Value,Churned,1
C00071,2025-02-01,31511.32,16378.84,19511.91,23,16,27,21,1,0,0,0,,0,0,3.4,TRUE,56.1,Churned,11/25/2025,Valid or active,Valid,FALSE,High Value,Churned,1
C00071,2025-03-01,28302.31,17282.8,17803.3,22,22,18,10,0,0,1,0,,0,13,3.9,TRUE,49.8,Churned,11/25/2025,Valid or active,Valid,FALSE,High Value,Churned,1
C00071,2025-04-01,26420.72,13740.65,14893.46,28,19,24,27,0,1,0,1,1.3,0,1,3.4,TRUE,57.8,Churned,11/25/2025,Valid or active,Valid,FALSE,High Value,Churned,1
C00071,2025-05-01,29202.56,11268.08,13987.65,13,11,21,10,0,1,0,0,,1,15,3.1,TRUE,41.9,Churned,11/25/2025,Valid or active,Valid,FALSE,High Value,Churned,1
C00071,2025-06-01,27284.51,11383.86,13973.21,21,13,6,0,0,1,1,0,,1,11,3.6,FALSE,33.8,Churned,11/25/2025,Valid or active,Valid,FALSE,High Value,Churned,0
C00071,2025-07-01,23979.67,16846.1,16371.97,19,15,19,16,1,0,1,0,,1,16,3.8,TRUE,45.6,Churned,11/25/2025,Valid or active,Valid,FALSE,High Value,Churned,1
C00071,2025-08-01,23935.59,13891.66,11847.66,10,10,16,8,0,0,2,1,1.1,1,7,2.8,TRUE,34.8,Churned,11/25/2025,Valid or active,Valid,FALSE,High Value,Churned,1
C00071,2025-09-01,11776.27,16353.2,17288.86,32,14,22,19,2,0,0,3,0.4,0,0,3,TRUE,56.2,Churned,11/25/2025,Valid or active,Valid,FALSE,High Value,Churned,1
C00071,2025-10-01,7896.95,8591.42,7531.73,8,8,17,16,3,2,3,3,7.1,0,17,2.5,FALSE,33.6,Churned,11/25/2025,Valid or active,Valid,FALSE,High Value,Churned,0
C00071,2025-11-01,10766.97,12276.97,15196.32,8,8,11,17,1,1,0,0,,0,20,3.2,FALSE,28,Churned,11/25/2025,Valid or active,Valid,FALSE,High Value,Churned,0
C00071,2025-12-01,10595.06,9210.71,11051.4,21,4,12,12,1,1,1,1,13,0,8,3.1,FALSE,35.3,Churned,11/25/2025,Post-churn activity,Valid,TRUE,High Value,Churned,0
C00072,2025-01-01,16654.77,4460.77,6894.99,34,6,27,30,0,1,1,0,,0,6,4.5,FALSE,58.5,Churned,10/3/2025,Valid or active,Valid,FALSE,Lower Value,Churned,0
C00072,2025-02-01,17271.99,5401.21,10384.25,44,10,21,24,1,2,0,0,,0,7,4.6,FALSE,61,Churned,10/3/2025,Valid or active,Valid,FALSE,Lower Value,Churned,0
C00072,2025-03-01,16384.58,4574.38,5587.97,35,0,26,26,1,1,0,1,2.5,0,0,4.7,FALSE,55.4,Churned,10/3/2025,Valid or active,Valid,FALSE,Lower Value,Churned,0
C00072,2025-04-01,16742.94,6335.55,10173.8,31,0,21,29,0,1,1,1,1.9,0,0,4.2,FALSE,48.2,Churned,10/3/2025,Valid or active,Valid,FALSE,Lower Value,Churned,0
C00072,2025-05-01,13378.27,5169.99,8649.91,24,1,18,19,1,2,0,0,,1,6,4.3,FALSE,41.5,Churned,10/3/2025,Valid or active,Valid,FALSE,Lower Value,Churned,0
C00072,2025-06-01,14678.6,3942.15,7946.46,45,5,23,27,1,1,0,0,,1,6,3.8,FALSE,61.3,Churned,10/3/2025,Valid or active,Valid,FALSE,Lower Value,Churned,0
C00072,2025-07-01,14447.2,4917.98,5866.93,20,0,15,23,0,0,0,0,,2,8,4,FALSE,35.7,Churned,10/3/2025,Valid or active,Valid,FALSE,Lower Value,Churned,0
C00072,2025-08-01,11497.42,4771.84,9532.04,50,5,12,8,0,0,1,1,6.1,0,1,3.9,FALSE,54.2,Churned,10/3/2025,Valid or active,Valid,FALSE,Lower Value,Churned,0
C00072,2025-09-01,7463.04,4610.95,3635.01,27,5,20,28,0,2,0,0,,0,2,4.2,FALSE,47.1,Churned,10/3/2025,Valid or active,Valid,FALSE,Lower Value,Churned,0
C00072,2025-10-01,5130.84,5885.72,7108.15,12,1,2,8,1,0,1,1,3.5,0,19,4,FALSE,18.9,Churned,10/3/2025,Valid or active,Valid,FALSE,Lower Value,Churned,0
C00072,2025-11-01,3957.74,6189.28,8601.06,18,2,15,20,1,1,0,0,,0,13,4,FALSE,35.3,Churned,10/3/2025,Post-churn activity,Valid,TRUE,Lower Value,Churned,0
C00072,2025-12-01,3294.83,5897.6,6229.33,12,0,12,15,1,1,0,0,,1,17,,FALSE,27.8,Churned,10/3/2025,Post-churn activity,Valid,TRUE,Lower Value,Churned,0
C00073,2025-01-01,41701.68,9246.64,15543.97,60,35,34,31,0,0,0,0,,1,6,5,FALSE,91,Active,,Valid or active,Valid,FALSE,Lower Value,Active,0
C00073,2025-02-01,40059.13,14548.86,12480.66,55,31,28,28,1,0,0,0,,2,5,5,TRUE,84.1,Active,,Valid or active,Valid,FALSE,Lower Value,Active,1
C00073,2025-03-01,46204.58,12196.34,19648.77,58,26,34,29,0,0,0,0,,0,5,5,TRUE,85.6,Active,,Valid or active,Valid,FALSE,Lower Value,Active,1
C00073,2025-04-01,40763.44,15507.24,17760.04,48,31,40,38,0,0,0,0,,1,3,5,FALSE,81.6,Active,,Valid or active,Valid,FALSE,Lower Value,Active,0
C00073,2025-05-01,41690.04,15667.32,17125.16,62,38,32,28,0,0,0,0,,0,0,5,TRUE,91,Active,,Valid or active,Valid,FALSE,Lower Value,Active,1
C00073,2025-06-01,38732.71,16938.78,14737.74,45,29,28,21,0,0,0,0,,0,7,4.8,TRUE,76.9,Active,,Valid or active,Valid,FALSE,Lower Value,Active,1
C00073,2025-07-01,35401.96,11257.22,13210.62,55,37,35,33,1,0,0,0,,1,0,5,TRUE,87.8,Active,,Valid or active,Valid,FALSE,Lower Value,Active,1
C00073,2025-08-01,44025.43,11578.58,17432.93,54,37,40,27,2,0,0,0,,0,0,5,TRUE,87.2,Active,,Valid or active,Valid,FALSE,Lower Value,Active,1
C00073,2025-09-01,39922.9,18839.41,19386.15,57,29,32,33,0,2,1,1,9.3,1,8,5,TRUE,86.4,Active,,Valid or active,Valid,FALSE,Lower Value,Active,1
C00073,2025-10-01,35323.36,15076.11,22053.89,51,24,30,27,1,1,0,0,,1,0,5,TRUE,80.3,Active,,Valid or active,Valid,FALSE,Lower Value,Active,1
C00073,2025-11-01,34153.09,11995.45,12167.53,49,27,27,29,0,0,1,1,6.6,1,3,5,TRUE,77.6,Active,,Valid or active,Valid,FALSE,Lower Value,Active,1
C00073,2025-12-01,40303.33,12466.74,13187.35,56,35,32,29,1,0,0,0,,1,4,5,TRUE,88.5,Active,,Valid or active,Valid,FALSE,Lower Value,Active,1
C00074,2025-01-01,650.04,1692.85,6901.62,48,24,18,18,5,2,0,0,,2,5,4.4,FALSE,71.7,Active,,Valid or active,Valid,FALSE,Lower Value,Active,0
C00074,2025-02-01,-1020.02,1365.96,4753.25,35,17,15,21,2,1,0,0,,1,0,4.6,FALSE,57.4,Active,,Valid or active,Valid,FALSE,Lower Value,Active,0
C00074,2025-03-01,-873.16,1237.68,2166.48,37,17,16,21,0,0,1,1,2.2,0,1,3.5,FALSE,59.6,Active,,Valid or active,Valid,FALSE,Lower Value,Active,0
C00074,2025-04-01,174.23,2075.7,3101.94,26,16,17,22,1,0,0,0,,0,3,5,FALSE,53.1,Active,,Valid or active,Valid,FALSE,Lower Value,Active,0
C00074,2025-05-01,590.12,1248.22,2564.22,42,20,8,5,0,0,0,0,,2,4,5,FALSE,56.7,Active,,Valid or active,Valid,FALSE,Lower Value,Active,0
C00074,2025-06-01,1189.97,1647.47,5788.63,40,24,18,14,0,0,0,0,,1,6,4.3,FALSE,66.6,Active,,Valid or active,Valid,FALSE,Lower Value,Active,0
C00074,2025-07-01,1005.64,1733.65,7991.28,47,31,17,24,1,0,0,0,,2,6,3.6,FALSE,73.3,Active,,Valid or active,Valid,FALSE,Lower Value,Active,0
C00074,2025-08-01,1491.41,2164.61,3813.72,36,9,17,12,1,0,1,0,,0,3,3.6,FALSE,56.3,Active,,Valid or active,Valid,FALSE,Lower Value,Active,0
C00074,2025-09-01,-1409.63,1413.72,2216.48,23,14,10,18,0,0,0,1,3.5,0,13,4.8,FALSE,43.8,Active,,Valid or active,Valid,FALSE,Lower Value,Active,0
C00074,2025-10-01,-1917.13,2097.68,2352.33,17,16,13,19,0,1,1,1,4.7,0,11,4.2,FALSE,43.7,Active,,Valid or active,Valid,FALSE,Lower Value,Active,0
C00074,2025-11-01,225.32,1411.17,2769.69,13,13,16,25,0,0,0,0,,0,10,3.6,FALSE,42.6,Active,,Valid or active,Valid,FALSE,Lower Value,Active,0
C00074,2025-12-01,-2794.71,1407.16,4408.45,27,21,12,16,1,0,0,0,,0,4,3.9,FALSE,51.4,Active,,Valid or active,Valid,FALSE,Lower Value,Active,0
C00075,2025-01-01,59858.21,18308.97,22660.57,49,26,5,3,1,0,0,0,,2,9,2.6,TRUE,61.1,Active,,Valid or active,Valid,FALSE,High Value,Active,1
C00075,2025-02-01,50529.31,24571.59,20342.79,53,30,7,0,1,0,0,0,,2,8,4.4,TRUE,67.3,Active,,Valid or active,Valid,FALSE,High Value,Active,1
C00075,2025-03-01,65892.75,18590.43,23344.79,58,32,7,7,1,0,0,0,,2,3,3.8,FALSE,71.4,Active,,Valid or active,Valid,FALSE,High Value,Active,0
C00075,2025-04-01,60283.62,16003.79,20771.48,63,31,14,11,3,1,0,0,,0,1,3.6,TRUE,78.7,Active,,Valid or active,Valid,FALSE,High Value,Active,1
C00075,2025-05-01,59406.27,23652.93,18936.57,44,27,12,6,1,1,0,0,,0,8,2.8,TRUE,64.9,Active,,Valid or active,Valid,FALSE,High Value,Active,1
C00075,2025-06-01,66898.78,15676.56,18206.51,57,37,6,7,2,0,0,0,,0,10,3.6,FALSE,71.2,Active,,Valid or active,Valid,FALSE,High Value,Active,0
C00075,2025-07-01,56524,18912.63,27833.56,58,30,1,6,0,0,0,0,,1,3,,TRUE,64.9,Active,,Valid or active,Valid,FALSE,High Value,Active,1
C00075,2025-08-01,62153.38,24672.13,35345.49,52,23,12,6,0,0,0,0,,1,7,2.7,TRUE,68.1,Active,,Valid or active,Valid,FALSE,High Value,Active,1
C00075,2025-09-01,64696.02,20828.97,28149,69,40,2,5,0,0,0,0,,2,9,3.7,TRUE,69.4,Active,,Valid or active,Valid,FALSE,High Value,Active,1
C00075,2025-10-01,71061.06,21816.64,21231.93,61,41,8,2,0,3,0,0,,1,4,3.3,TRUE,75,Active,,Valid or active,Valid,FALSE,High Value,Active,1
C00075,2025-11-01,71662.18,19532.28,28563.32,66,39,5,8,1,0,0,0,,1,6,3.9,FALSE,72.2,Active,,Valid or active,Valid,FALSE,High Value,Active,0
C00075,2025-12-01,68609.12,21887.23,28060.1,74,29,19,17,0,1,0,0,,3,0,3.2,TRUE,82.5,Active,,Valid or active,Valid,FALSE,High Value,Active,1
C00076,2025-01-01,16588.65,2135.76,3988.05,35,8,11,16,0,2,0,0,,0,0,3.9,FALSE,49.6,Active,,Valid or active,Valid,FALSE,Lower Value,Active,0
C00076,2025-02-01,13268.83,1858.15,5216.88,37,8,16,25,0,1,0,0,,1,1,3.3,FALSE,55.5,Active,,Valid or active,Valid,FALSE,Lower Value,Active,0
C00076,2025-03-01,18013.99,1849.72,4847.47,37,2,12,15,0,1,0,0,,0,9,3.6,FALSE,49,Active,,Valid or active,Valid,FALSE,Lower Value,Active,0
C00076,2025-04-01,17951.56,1962.15,4738.4,36,0,15,17,0,0,1,1,15,0,0,3.4,FALSE,50.3,Active,,Valid or active,Valid,FALSE,Lower Value,Active,0
C00076,2025-05-01,17525.11,2045.33,4639.34,27,0,22,27,0,0,0,0,,0,0,4.2,FALSE,51.1,Active,,Valid or active,Valid,FALSE,Lower Value,Active,0
C00076,2025-06-01,16157.44,1514.3,4610.3,34,6,17,18,1,2,0,0,,0,2,4.4,FALSE,53.6,Active,,Valid or active,Valid,FALSE,Lower Value,Active,0
C00076,2025-07-01,16442.54,1411.13,7617.93,52,5,19,22,0,1,0,0,,0,0,3.6,FALSE,66.5,Active,,Valid or active,Valid,FALSE,Lower Value,Active,0
C00076,2025-08-01,17675.69,1641.95,6911.54,47,1,19,27,1,0,0,0,,4,0,2.8,FALSE,61.5,Active,,Valid or active,Valid,FALSE,Lower Value,Active,0
C00076,2025-09-01,19433.6,1262.64,3024.65,46,2,26,32,0,1,0,0,,1,0,3.8,FALSE,67.8,Active,,Valid or active,Valid,FALSE,Lower Value,Active,0
C00076,2025-10-01,20089.88,1345.21,7191.75,53,6,14,17,2,0,0,0,,1,0,3.5,FALSE,62.9,Active,,Valid or active,Valid,FALSE,Lower Value,Active,0
C00076,2025-11-01,19796.61,1293.11,3834.22,44,5,23,29,1,0,1,1,1.4,0,0,4,FALSE,65.1,Active,,Valid or active,Valid,FALSE,Lower Value,Active,0
C00076,2025-12-01,20698.34,1593.42,4252.67,50,1,22,27,0,0,0,0,,1,0,3.9,FALSE,66.2,Active,,Valid or active,Valid,FALSE,Lower Value,Active,0
C00077,2025-01-01,23045.17,13423,15267.73,50,5,18,34,1,0,0,0,,1,0,4.9,FALSE,59.8,Churned,12/4/2025,Valid or active,Valid,FALSE,Lower Value,Churned,0
C00077,2025-02-01,22976.22,20948.58,28341.48,44,1,18,15,1,0,0,0,,0,0,4.4,TRUE,54.1,Churned,12/4/2025,Valid or active,Valid,FALSE,Lower Value,Churned,1
C00077,2025-03-01,22805.01,21401.59,23362.05,43,2,17,23,1,1,0,0,,0,4,5,TRUE,53,Churned,12/4/2025,Valid or active,Valid,FALSE,Lower Value,Churned,1
C00077,2025-04-01,26413.12,17911,14312.81,32,3,20,25,0,0,2,2,11.6,0,0,3.6,FALSE,49.3,Churned,12/4/2025,Valid or active,Valid,FALSE,Lower Value,Churned,0
C00077,2025-05-01,22386,18016.11,14758.04,43,5,24,30,2,2,0,0,,0,0,4.1,TRUE,60.9,Churned,12/4/2025,Valid or active,Valid,FALSE,Lower Value,Churned,1
C00077,2025-06-01,25610.26,17720.75,22485.36,38,0,23,32,0,1,0,0,,0,0,4.3,TRUE,54.5,Churned,12/4/2025,Valid or active,Valid,FALSE,Lower Value,Churned,1
C00077,2025-07-01,26857.55,20837.09,19850.62,40,2,22,17,0,2,0,0,,0,0,4.5,TRUE,55.8,Churned,12/4/2025,Valid or active,Valid,FALSE,Lower Value,Churned,1
C00077,2025-08-01,25472.41,19655.99,27047.87,41,8,16,26,0,0,1,0,,1,0,4.3,TRUE,53.6,Churned,12/4/2025,Valid or active,Valid,FALSE,Lower Value,Churned,1
C00077,2025-09-01,21451.25,11652.76,15370.98,30,5,16,16,3,1,0,0,,1,0,4,FALSE,45.2,Churned,12/4/2025,Valid or active,Valid,FALSE,Lower Value,Churned,0
C00077,2025-10-01,22261.59,25785.77,32053.69,41,6,20,16,0,0,0,0,,1,2,3.5,TRUE,56.4,Churned,12/4/2025,Valid or active,Valid,FALSE,Lower Value,Churned,1
C00077,2025-11-01,20740.73,19466.64,21604.32,45,0,17,23,1,0,0,1,1,2,0,4.5,TRUE,53.4,Churned,12/4/2025,Valid or active,Valid,FALSE,Lower Value,Churned,1
C00077,2025-12-01,23469.01,15857.49,14177.31,33,5,20,28,0,1,0,0,,1,0,4.4,TRUE,50.9,Churned,12/4/2025,Valid or active,Valid,FALSE,Lower Value,Churned,1
C00078,2025-01-01,40849.9,17418.31,17722.86,41,16,29,29,0,1,0,0,,0,0,3.7,FALSE,78.3,Churned,9/21/2025,Valid or active,Valid,FALSE,Lower Value,Churned,0
C00078,2025-02-01,42252.92,23177.83,28353.1,58,38,23,15,0,0,0,0,,0,6,3.5,TRUE,92.2,Churned,9/21/2025,Valid or active,Valid,FALSE,Lower Value,Churned,1
C00078,2025-03-01,43183.57,16855.88,19122.53,49,35,32,34,0,0,1,0,,2,3,4.4,TRUE,93,Churned,9/21/2025,Valid or active,Valid,FALSE,Lower Value,Churned,1
C00078,2025-04-01,45011.28,14036.64,14552.11,43,27,29,20,1,1,0,1,4.5,0,0,3.4,FALSE,84.6,Churned,9/21/2025,Valid or active,Valid,FALSE,Lower Value,Churned,0
C00078,2025-05-01,43579.57,20852.07,28366.64,43,20,31,26,0,1,0,0,,0,1,3.6,TRUE,82.4,Churned,9/21/2025,Valid or active,Valid,FALSE,Lower Value,Churned,1
C00078,2025-06-01,42816.93,22534.18,26106.74,51,23,31,24,1,0,0,0,,0,7,4.4,TRUE,88.8,Churned,9/21/2025,Valid or active,Valid,FALSE,Lower Value,Churned,1
C00078,2025-07-01,40612.64,24230.16,27955.57,57,35,28,22,1,0,0,0,,0,6,3.9,TRUE,96.2,Churned,9/21/2025,Valid or active,Valid,FALSE,Lower Value,Churned,1
C00078,2025-08-01,38969.34,19366.14,22837.29,48,25,32,22,0,0,0,0,,0,1,4,TRUE,87.8,Churned,9/21/2025,Valid or active,Valid,FALSE,Lower Value,Churned,1
C00078,2025-09-01,38396.44,15760.37,19362.84,35,18,23,27,2,0,0,0,,0,0,4.4,TRUE,69.9,Churned,9/21/2025,Valid or active,Valid,FALSE,Lower Value,Churned,1
C00078,2025-10-01,40475.15,19494.47,18309.15,39,21,27,17,1,0,2,1,8.5,0,3,4.1,TRUE,77.5,Churned,9/21/2025,Post-churn activity,Valid,TRUE,Lower Value,Churned,1
C00078,2025-11-01,39939.63,22930.68,17492.1,28,23,30,27,1,0,0,1,4.9,0,5,4.7,TRUE,74.2,Churned,9/21/2025,Post-churn activity,Valid,TRUE,Lower Value,Churned,1
C00078,2025-12-01,43280.59,14846.4,17986.9,41,28,31,29,1,1,0,0,,1,0,4.1,TRUE,84.8,Churned,9/21/2025,Post-churn activity,Valid,TRUE,Lower Value,Churned,1
C00079,2025-01-01,12642.74,5891.4,9477.58,41,0,9,5,1,4,0,0,,1,6,4.6,FALSE,38.9,Active,,Valid or active,Valid,FALSE,Lower Value,Active,0
C00079,2025-02-01,14699.52,5210.67,9246.64,51,4,7,3,0,1,0,0,,0,12,5,FALSE,45.2,Active,,Valid or active,Valid,FALSE,Lower Value,Active,0
C00079,2025-03-01,15027.6,4001.82,4448.84,32,1,7,9,1,0,0,0,,1,1,5,FALSE,31.8,Active,,Valid or active,Valid,FALSE,Lower Value,Active,0
C00079,2025-04-01,15723.72,5899.96,9114.99,36,2,10,11,1,1,0,0,,1,1,5,FALSE,37.5,Active,,Valid or active,Valid,FALSE,Lower Value,Active,0
C00079,2025-05-01,16015.87,3925.88,4917.97,39,0,8,2,1,0,0,0,,1,7,5,FALSE,36.7,Active,,Valid or active,Valid,FALSE,Lower Value,Active,0
C00079,2025-06-01,16281.36,4182.33,9485.51,43,0,9,7,2,0,0,0,,0,0,4.5,FALSE,40.1,Active,,Valid or active,Valid,FALSE,Lower Value,Active,0
C00079,2025-07-01,19836.79,5616.26,9431.64,44,0,5,14,0,0,0,0,,1,5,4.9,FALSE,37,Active,,Valid or active,Valid,FALSE,Lower Value,Active,0
C00079,2025-08-01,19124.98,4566.18,8517.02,55,4,4,7,2,1,0,0,,1,12,5,FALSE,44.9,Active,,Valid or active,Valid,FALSE,Lower Value,Active,0
C00079,2025-09-01,17644.11,5079.08,8287.79,36,3,12,4,0,1,0,0,,0,5,5,FALSE,39.9,Active,,Valid or active,Valid,FALSE,Lower Value,Active,0
C00079,2025-10-01,17668.19,6142.21,10680.26,42,4,11,2,1,0,0,0,,0,5,4.9,FALSE,43.2,Active,,Valid or active,Valid,FALSE,Lower Value,Active,0
C00079,2025-11-01,18048.59,5484.72,5585.27,48,0,12,12,0,0,0,0,,1,1,5,FALSE,46.1,Active,,Valid or active,Valid,FALSE,Lower Value,Active,0
C00079,2025-12-01,19295.31,5263.59,9757.19,53,2,14,11,0,0,0,0,,2,1,5,FALSE,52,Active,,Valid or active,Valid,FALSE,Lower Value,Active,0
C00080,2025-01-01,10716.19,12597.99,16930.18,45,24,21,7,1,0,0,0,,1,7,4.2,TRUE,68.1,Active,,Valid or active,Valid,FALSE,Lower Value,Active,1
C00080,2025-02-01,13981.45,8958.55,11237.07,43,26,22,25,0,1,0,0,,1,0,4.5,TRUE,68.7,Active,,Valid or active,Valid,FALSE,Lower Value,Active,1
C00080,2025-03-01,14723.65,10748.47,12875.76,39,18,23,17,0,0,0,0,,2,0,4.5,TRUE,63.4,Active,,Valid or active,Valid,FALSE,Lower Value,Active,1
C00080,2025-04-01,15714.99,8650.58,13627.27,31,19,21,11,0,0,1,1,2.2,0,0,4.1,FALSE,56.9,Active,,Valid or active,Valid,FALSE,Lower Value,Active,0
C00080,2025-05-01,12860.11,8391.66,7377.3,36,29,24,13,0,0,0,0,,1,2,4,TRUE,67.5,Active,,Valid or active,Valid,FALSE,Lower Value,Active,1
C00080,2025-06-01,16563.26,9576.88,15367.04,52,27,24,17,0,1,0,0,,0,4,4.3,FALSE,76.7,Active,,Valid or active,Valid,FALSE,Lower Value,Active,0
C00080,2025-07-01,16936.21,11279.12,16135.21,40,16,20,14,1,0,0,0,,0,0,4.6,TRUE,60.3,Active,,Valid or active,Valid,FALSE,Lower Value,Active,1
C00080,2025-08-01,17922.58,9850.81,12160.14,36,15,24,31,1,1,0,0,,0,5,5,TRUE,61.1,Active,,Valid or active,Valid,FALSE,Lower Value,Active,1
C00080,2025-09-01,16702.91,14511.33,20857.28,46,22,26,25,1,1,0,0,,3,1,3.9,TRUE,72.5,Active,,Valid or active,Valid,FALSE,Lower Value,Active,1
C00080,2025-10-01,17139.63,10083.13,12330.33,47,31,30,22,1,0,0,0,,0,1,4,FALSE,80.9,Active,,Valid or active,Valid,FALSE,Lower Value,Active,0
C00080,2025-11-01,17085.43,9891.12,12944.18,45,24,24,20,0,0,0,0,,2,2,4.3,TRUE,70.9,Active,,Valid or active,Valid,FALSE,Lower Value,Active,1
C00080,2025-12-01,16713.27,9755.78,9528.09,55,31,23,17,1,0,0,0,,1,3,,TRUE,79.5,Active,,Valid or active,Valid,FALSE,Lower Value,Active,1
C00081,2025-01-01,27904.06,10558.02,12298.73,31,17,17,17,1,0,0,0,,0,4,4.8,TRUE,52.3,Active,,Valid or active,Valid,FALSE,Lower Value,Active,1
C00081,2025-02-01,31489.33,7310.83,7045.18,16,10,25,23,0,1,0,0,,0,15,5,TRUE,47,Active,,Valid or active,Valid,FALSE,Lower Value,Active,1
C00081,2025-03-01,31227.4,9549.26,11946.65,31,24,17,11,3,1,1,1,4,4,0,4.2,FALSE,55.5,Active,,Valid or active,Valid,FALSE,Lower Value,Active,0
C00081,2025-04-01,33413.94,12424.53,10353.14,24,18,16,13,0,0,0,0,,1,4,4.1,TRUE,47.4,Active,,Valid or active,Valid,FALSE,Lower Value,Active,1
C00081,2025-05-01,31296.98,8365.52,8909.03,27,14,24,20,2,1,1,0,,0,0,5,TRUE,54.9,Active,,Valid or active,Valid,FALSE,Lower Value,Active,1
C00081,2025-06-01,27412.93,8083.73,11298.82,24,14,22,15,1,0,0,1,1.4,0,8,4.6,TRUE,51.1,Active,,Valid or active,Valid,FALSE,Lower Value,Active,1
C00081,2025-07-01,24918.92,12251.52,17397.79,35,19,19,25,0,0,0,0,,0,3,5,TRUE,57.6,Active,,Valid or active,Valid,FALSE,Lower Value,Active,1
C00081,2025-08-01,29034.7,11897.76,9980.95,21,16,21,11,0,1,0,0,,0,9,4.8,TRUE,49.2,Active,,Valid or active,Valid,FALSE,Lower Value,Active,1
C00081,2025-09-01,30501.25,11879.64,14645.12,32,18,18,21,0,0,0,0,,0,0,5,TRUE,54.3,Active,,Valid or active,Valid,FALSE,Lower Value,Active,1
C00081,2025-10-01,25423.86,10573.58,12407.55,19,13,16,7,0,1,1,1,7.7,0,3,5,TRUE,41.9,Active,,Valid or active,Valid,FALSE,Lower Value,Active,1
C00081,2025-11-01,30536.9,11700.77,13707.18,17,17,19,24,1,0,0,0,,0,8,4.9,TRUE,45.3,Active,,Valid or active,Valid,FALSE,Lower Value,Active,1
C00081,2025-12-01,28381.82,10669.18,11497.83,31,21,23,20,1,1,1,1,4.1,0,0,5,TRUE,59.7,Active,,Valid or active,Valid,FALSE,Lower Value,Active,1
C00082,2025-01-01,-1505,3666.59,4380.55,4,2,12,10,1,1,1,1,1.8,0,21,3.6,FALSE,23.6,Churned,12/20/2025,Valid or active,Valid,FALSE,Lower Value,Churned,0
C00082,2025-02-01,-1932.45,3777.51,4598.6,14,6,5,3,0,0,0,0,,0,17,3.5,FALSE,25.3,Churned,12/20/2025,Valid or active,Valid,FALSE,Lower Value,Churned,0
C00082,2025-03-01,-2768.54,2497.43,2629.84,11,6,10,7,0,0,0,0,,1,15,3.3,FALSE,28,Churned,12/20/2025,Valid or active,Valid,FALSE,Lower Value,Churned,0
C00082,2025-04-01,-3068.13,3690.12,4259.92,15,0,1,6,0,1,1,1,3.2,2,16,2.6,FALSE,19.4,Churned,12/20/2025,Valid or active,Valid,FALSE,Lower Value,Churned,0
C00082,2025-05-01,-198.29,2885.89,2862.05,13,1,4,2,0,0,1,1,0.4,0,18,3.8,FALSE,21.4,Churned,12/20/2025,Valid or active,Valid,FALSE,Lower Value,Churned,0
C00082,2025-06-01,-1783.15,2215.81,3280.76,13,2,3,0,0,0,0,0,,0,19,4.1,FALSE,20.9,Churned,12/20/2025,Valid or active,Valid,FALSE,Lower Value,Churned,0
C00082,2025-07-01,-1717.2,2588.82,3383.83,26,8,9,13,1,0,0,0,,0,0,3.6,FALSE,37.5,Churned,12/20/2025,Valid or active,Valid,FALSE,Lower Value,Churned,0
C00082,2025-08-01,-807.43,3891.39,4114.65,21,0,10,18,1,1,0,0,,0,17,4.2,FALSE,31.6,Churned,12/20/2025,Valid or active,Valid,FALSE,Lower Value,Churned,0
C00082,2025-09-01,-3136.67,2515.46,3127.14,5,0,9,6,0,0,0,0,,0,24,3.4,FALSE,20.6,Churned,12/20/2025,Valid or active,Valid,FALSE,Lower Value,Churned,0
C00082,2025-10-01,-2882.84,2554.82,3432,9,0,6,3,2,1,0,0,,0,18,3.8,FALSE,20.3,Churned,12/20/2025,Valid or active,Valid,FALSE,Lower Value,Churned,0
C00082,2025-11-01,-1865.72,2560.03,5137.44,18,4,0,0,0,0,0,0,,1,8,3.9,FALSE,22.2,Churned,12/20/2025,Valid or active,Valid,FALSE,Lower Value,Churned,0
C00082,2025-12-01,-1090.01,3174.93,3418.27,7,0,13,9,1,0,1,1,3.7,0,21,4.1,FALSE,25.6,Churned,12/20/2025,Valid or active,Valid,FALSE,Lower Value,Churned,0
C00083,2025-01-01,14948.42,10762.54,14024.23,28,23,15,3,0,1,0,0,,0,1,4.4,TRUE,51.2,Active,,Valid or active,Valid,FALSE,Lower Value,Active,1
C00083,2025-02-01,15683.68,12191.46,9486.33,30,14,15,6,1,0,0,0,,1,0,4.1,FALSE,48.4,Active,,Valid or active,Valid,FALSE,Lower Value,Active,0
C00083,2025-03-01,17445.63,12114,15191.86,17,10,17,18,0,0,0,0,,1,13,3.8,TRUE,40.2,Active,,Valid or active,Valid,FALSE,Lower Value,Active,1
C00083,2025-04-01,17409.48,14341.74,12301.71,37,26,17,22,0,0,0,0,,0,6,4.9,TRUE,60.2,Active,,Valid or active,Valid,FALSE,Lower Value,Active,1
C00083,2025-05-01,15574.85,11417.23,10610.87,28,19,17,16,1,1,0,0,,1,3,4.4,FALSE,51.3,Active,,Valid or active,Valid,FALSE,Lower Value,Active,0
C00083,2025-06-01,16546.15,9293.13,11810.3,37,22,17,8,0,0,0,0,,0,14,4.4,TRUE,58.4,Active,,Valid or active,Valid,FALSE,Lower Value,Active,1
C00083,2025-07-01,13942,7824.49,8566.42,38,21,17,24,3,1,0,0,,1,0,4.3,FALSE,58.5,Active,,Valid or active,Valid,FALSE,Lower Value,Active,0
C00083,2025-08-01,16632.99,11869.54,16220.36,33,13,12,4,0,0,0,0,,0,5,4,TRUE,47,Active,,Valid or active,Valid,FALSE,Lower Value,Active,1
C00083,2025-09-01,16666.82,12191.62,14563.88,33,24,13,8,0,1,0,0,,1,7,3.9,TRUE,53,Active,,Valid or active,Valid,FALSE,Lower Value,Active,1
C00083,2025-10-01,11817.38,13684.52,10448.99,22,12,17,18,0,0,0,0,,0,5,4,TRUE,44.3,Active,,Valid or active,Valid,FALSE,Lower Value,Active,1
C00083,2025-11-01,14823.83,11783.24,11707.22,29,14,21,11,0,1,1,0,,1,0,4,TRUE,53.4,Active,,Valid or active,Valid,FALSE,Lower Value,Active,1
C00083,2025-12-01,15878.62,11706.7,14564.42,26,11,10,15,1,0,0,0,,1,6,3.6,TRUE,39.8,Active,,Valid or active,Valid,FALSE,Lower Value,Active,1
C00084,2025-01-01,36434.94,6529.59,11499.28,57,6,16,26,2,1,0,0,,0,6,3.8,TRUE,58.3,Active,,Valid or active,Valid,FALSE,Lower Value,Active,1
C00084,2025-02-01,38005.98,7466.39,9430.1,40,0,15,24,0,0,0,0,,2,0,4.6,TRUE,43.8,Active,,Valid or active,Valid,FALSE,Lower Value,Active,1
C00084,2025-03-01,33425.68,7353.74,11134.69,28,0,23,33,0,0,0,0,,0,9,4.6,TRUE,43.7,Active,,Valid or active,Valid,FALSE,Lower Value,Active,1
C00084,2025-04-01,36718.99,6581.53,5990.02,41,4,28,31,1,1,0,0,,0,0,4.3,TRUE,58.4,Active,,Valid or active,Valid,FALSE,Lower Value,Active,1
C00084,2025-05-01,37587.36,8648.86,10622.89,39,3,19,25,0,0,0,0,,1,1,4,TRUE,48.3,Active,,Valid or active,Valid,FALSE,Lower Value,Active,1
C00084,2025-06-01,31892.07,6298.54,7444.23,42,4,20,19,0,0,0,0,,1,9,4.3,TRUE,51.6,Active,,Valid or active,Valid,FALSE,Lower Value,Active,1
C00084,2025-07-01,33461.29,10180.28,10846.89,51,12,19,21,1,0,0,0,,1,3,4.6,TRUE,60,Active,,Valid or active,Valid,FALSE,Lower Value,Active,1
C00084,2025-08-01,33395.27,7762.04,15514.67,55,2,18,26,0,0,0,0,,2,0,4.1,TRUE,57,Active,,Valid or active,Valid,FALSE,Lower Value,Active,1
C00084,2025-09-01,26223.48,6651.27,9816.28,29,0,22,26,0,0,0,0,,0,8,4.2,TRUE,43.4,Active,,Valid or active,Valid,FALSE,Lower Value,Active,1
C00084,2025-10-01,34513.49,6047.66,9173.63,28,0,19,24,0,0,0,0,,0,6,4.2,FALSE,40,Active,,Valid or active,Valid,FALSE,Lower Value,Active,0
C00084,2025-11-01,33143.51,8078.4,9893.61,39,9,14,32,0,1,0,0,,0,2,4,TRUE,46.4,Active,,Valid or active,Valid,FALSE,Lower Value,Active,1
C00084,2025-12-01,37248.55,5895.15,10319.88,39,11,18,30,0,0,0,0,,0,3,4,TRUE,51,Active,,Valid or active,Valid,FALSE,Lower Value,Active,1
C00085,2025-01-01,61863.97,21935.62,16531.4,59,4,9,15,1,0,1,1,4.8,1,6,4,FALSE,61.1,Churned,10/23/2025,Valid or active,Valid,FALSE,Lower Value,Churned,0
C00085,2025-02-01,76279.16,24679.31,22119.9,74,6,11,6,1,1,0,0,,0,0,4.3,TRUE,64.5,Churned,10/23/2025,Valid or active,Valid,FALSE,Lower Value,Churned,1
C00085,2025-03-01,73261.35,24351.72,27621.56,60,1,12,6,2,0,0,0,,0,6,3.8,TRUE,63.2,Churned,10/23/2025,Valid or active,Valid,FALSE,Lower Value,Churned,1
C00085,2025-04-01,70123.49,32016.25,31532.65,57,8,14,11,4,1,0,0,,1,7,4.8,TRUE,66.3,Churned,10/23/2025,Valid or active,Valid,FALSE,Lower Value,Churned,1
C00085,2025-05-01,68391.09,25834.57,20463.81,62,0,8,14,3,0,0,0,,0,5,4.3,TRUE,59,Churned,10/23/2025,Valid or active,Valid,FALSE,Lower Value,Churned,1
C00085,2025-06-01,76915.21,32883.99,29026.11,73,9,16,7,2,0,0,0,,1,0,3.7,TRUE,70.5,Churned,10/23/2025,Valid or active,Valid,FALSE,Lower Value,Churned,1
C00085,2025-07-01,67450.44,24497.85,30316.52,61,6,10,6,2,0,0,0,,0,4,4.9,FALSE,63.6,Churned,10/23/2025,Valid or active,Valid,FALSE,Lower Value,Churned,0
C00085,2025-08-01,72935.33,37379.68,32794.52,62,0,10,12,4,1,0,0,,0,7,4,TRUE,60.8,Churned,10/23/2025,Valid or active,Valid,FALSE,Lower Value,Churned,1
C00085,2025-09-01,62921.86,24487.89,33208.75,53,0,8,8,3,0,0,0,,0,17,4.8,TRUE,54.5,Churned,10/23/2025,Valid or active,Valid,FALSE,Lower Value,Churned,1
C00085,2025-10-01,66753.09,33566.24,44800.15,60,2,16,14,1,1,0,0,,0,4,3.6,TRUE,67.3,Churned,10/23/2025,Valid or active,Valid,FALSE,Lower Value,Churned,1
C00085,2025-11-01,73797.14,19114.89,16276.41,50,3,11,9,2,0,0,0,,0,7,3.1,FALSE,56.8,Churned,10/23/2025,Post-churn activity,Valid,TRUE,Lower Value,Churned,0
C00085,2025-12-01,67582.83,22818.02,21181.88,60,6,9,12,2,0,0,0,,1,6,4.1,FALSE,62.6,Churned,10/23/2025,Post-churn activity,Valid,TRUE,Lower Value,Churned,0
C00086,2025-01-01,23180.88,7755.44,11037.67,44,9,13,2,0,0,0,0,,1,5,4.6,TRUE,48.6,Churned,11/14/2025,Valid or active,Valid,FALSE,Lower Value,Churned,1
C00086,2025-02-01,23497.05,7390.76,10254.53,31,0,13,9,0,0,0,0,,2,3,4.9,TRUE,36.3,Churned,11/14/2025,Valid or active,Valid,FALSE,Lower Value,Churned,1
C00086,2025-03-01,23707.54,8370.58,7805.21,33,1,11,17,0,0,1,1,4,1,1,5,TRUE,36.1,Churned,11/14/2025,Valid or active,Valid,FALSE,Lower Value,Churned,1
C00086,2025-04-01,20651.01,6022.51,8186.41,21,0,16,20,1,1,0,0,,2,2,3.7,TRUE,32.7,Churned,11/14/2025,Valid or active,Valid,FALSE,Lower Value,Churned,1
C00086,2025-05-01,20415.99,6492.74,8488.38,32,3,10,4,1,1,1,1,4,0,2,3.9,TRUE,35.5,Churned,11/14/2025,Valid or active,Valid,FALSE,Lower Value,Churned,1
C00086,2025-06-01,21350.99,5503.93,5020.34,26,3,2,13,1,0,1,1,2.2,0,17,4.5,FALSE,24.2,Churned,11/14/2025,Valid or active,Valid,FALSE,Lower Value,Churned,0
C00086,2025-07-01,17497.4,7745.45,11658.05,24,0,1,7,0,1,0,0,,0,15,4.3,TRUE,20.6,Churned,11/14/2025,Valid or active,Valid,FALSE,Lower Value,Churned,1
C00086,2025-08-01,19031.28,9839.25,12333.4,31,6,2,2,1,2,2,2,4.5,1,20,4.2,TRUE,28.7,Churned,11/14/2025,Valid or active,Valid,FALSE,Lower Value,Churned,1
C00086,2025-09-01,12796.54,9341.05,11499.52,16,0,8,7,0,2,2,1,14,0,11,4.2,TRUE,22.1,Churned,11/14/2025,Valid or active,Valid,FALSE,Lower Value,Churned,1
C00086,2025-10-01,10086.32,4857.15,6835.63,12,0,13,14,0,2,0,1,1.4,0,14,3.5,FALSE,24.2,Churned,11/14/2025,Valid or active,Valid,FALSE,Lower Value,Churned,0
C00086,2025-11-01,6875.98,8587.03,8082.64,16,0,0,5,1,1,0,0,,1,18,4.5,TRUE,14.6,Churned,11/14/2025,Valid or active,Valid,FALSE,Lower Value,Churned,1
C00086,2025-12-01,7690.11,5788.23,5424.09,10,5,14,20,1,2,1,1,4.3,0,17,3.2,FALSE,26.2,Churned,11/14/2025,Post-churn activity,Valid,TRUE,Lower Value,Churned,0
C00087,2025-01-01,27732.65,13433.07,19523.29,35,20,30,39,1,0,0,0,,2,1,4,FALSE,72.8,Active,,Valid or active,Valid,FALSE,Lower Value,Active,0
C00087,2025-02-01,30454.26,16136.67,16460.7,39,20,30,33,3,0,1,1,7.2,0,0,3.7,TRUE,75.3,Active,,Valid or active,Valid,FALSE,Lower Value,Active,1
C00087,2025-03-01,28225.85,15393.61,18085.24,35,24,25,29,0,1,0,0,,1,0,4.3,TRUE,70,Active,,Valid or active,Valid,FALSE,Lower Value,Active,1
C00087,2025-04-01,25823.34,14699.98,19445.93,26,18,34,39,0,1,0,0,,1,0,4.8,TRUE,66.2,Active,,Valid or active,Valid,FALSE,Lower Value,Active,1
C00087,2025-05-01,37020.83,16801.23,14328.52,37,25,25,35,1,0,0,0,,1,2,,TRUE,71.7,Active,,Valid or active,Valid,FALSE,Lower Value,Active,1
C00087,2025-06-01,29698.17,14052.3,14115.98,38,26,21,31,0,1,0,0,,1,0,5,TRUE,69.1,Active,,Valid or active,Valid,FALSE,Lower Value,Active,1
C00087,2025-07-01,33509.88,11867.92,9884.4,42,19,28,25,0,0,0,0,,0,1,4.3,TRUE,74.9,Active,,Valid or active,Valid,FALSE,Lower Value,Active,1
C00087,2025-08-01,38085.7,15080.08,13867.28,38,23,37,45,2,1,1,1,3.2,1,1,3.4,TRUE,76.1,Active,,Valid or active,Valid,FALSE,Lower Value,Active,1
C00087,2025-09-01,40854.24,11433.71,16827.06,47,24,28,24,1,1,0,0,,1,0,3.5,FALSE,80.4,Active,,Valid or active,Valid,FALSE,Lower Value,Active,0
C00087,2025-10-01,36189.67,12276.89,14106.97,36,26,29,37,1,0,0,0,,1,0,4.6,TRUE,75.3,Active,,Valid or active,Valid,FALSE,Lower Value,Active,1
C00087,2025-11-01,35759.53,10615.93,9565.31,36,29,37,46,0,0,0,0,,0,0,5,TRUE,77.6,Active,,Valid or active,Valid,FALSE,Lower Value,Active,1
C00087,2025-12-01,42370.52,11112.93,13122.98,52,36,34,39,0,0,0,0,,0,9,4.3,TRUE,90.4,Active,,Valid or active,Valid,FALSE,Lower Value,Active,1
C00088,2025-01-01,48172.68,18325.29,23818.12,58,32,26,19,0,0,0,0,,2,7,2.1,TRUE,84.6,Churned,12/7/2025,Valid or active,Valid,FALSE,High Value,Churned,1
C00088,2025-02-01,52978.65,19314.74,23891.44,65,43,30,33,0,0,0,0,,1,0,3.3,TRUE,91,Churned,12/7/2025,Valid or active,Valid,FALSE,High Value,Churned,1
C00088,2025-03-01,53856.53,16723.66,15567.12,61,28,23,15,0,0,0,0,,1,0,3.1,TRUE,81.3,Churned,12/7/2025,Valid or active,Valid,FALSE,High Value,Churned,1
C00088,2025-04-01,56521.8,22802.03,17775.82,53,26,33,29,1,1,0,0,,1,0,3.6,TRUE,82.5,Churned,12/7/2025,Valid or active,Valid,FALSE,High Value,Churned,1
C00088,2025-05-01,50909.73,15682.9,20969.19,50,36,30,20,0,0,0,0,,0,0,3.1,TRUE,84.7,Churned,12/7/2025,Valid or active,Valid,FALSE,High Value,Churned,1
C00088,2025-06-01,48730.98,16790.34,25530.14,51,22,17,15,0,0,0,0,,0,2,3.1,TRUE,67.2,Churned,12/7/2025,Valid or active,Valid,FALSE,High Value,Churned,1
C00088,2025-07-01,43398.47,23056.67,18202.53,57,28,25,25,0,1,0,0,,1,0,2.8,TRUE,81.2,Churned,12/7/2025,Valid or active,Valid,FALSE,High Value,Churned,1
C00088,2025-08-01,46154.4,16746.77,16437.36,52,27,31,29,1,2,0,0,,0,1,3.6,FALSE,82.3,Churned,12/7/2025,Valid or active,Valid,FALSE,High Value,Churned,0
C00088,2025-09-01,45011.66,16985.17,16921.93,59,30,31,25,2,0,0,0,,1,5,2.9,TRUE,88.1,Churned,12/7/2025,Valid or active,Valid,FALSE,High Value,Churned,1
C00088,2025-10-01,50197.4,25547.4,28138.51,58,31,25,13,0,0,0,0,,0,1,3,TRUE,83.2,Churned,12/7/2025,Valid or active,Valid,FALSE,High Value,Churned,1
C00088,2025-11-01,42137.73,26702.51,20559.18,36,19,17,17,1,0,0,0,,0,0,2.9,TRUE,56.4,Churned,12/7/2025,Valid or active,Valid,FALSE,High Value,Churned,1
C00088,2025-12-01,48343.08,25501.89,29234.52,53,29,32,32,0,0,0,0,,0,0,4.3,TRUE,83.8,Churned,12/7/2025,Valid or active,Valid,FALSE,High Value,Churned,1
C00089,2025-01-01,28244.55,8805.63,15492.86,68,11,16,24,2,0,0,0,,0,5,2.8,FALSE,62.5,Active,,Valid or active,Valid,FALSE,Lower Value,Active,0
C00089,2025-02-01,23617.96,15694.6,23089.7,56,1,13,14,0,0,0,0,,1,9,3.6,TRUE,52.6,Active,,Valid or active,Valid,FALSE,Lower Value,Active,1
C00089,2025-03-01,22296.78,16404.44,19491.41,65,1,23,22,0,2,0,0,,1,2,3.5,TRUE,64.4,Active,,Valid or active,Valid,FALSE,Lower Value,Active,1
C00089,2025-04-01,21853.58,10085.46,16735.63,41,1,20,25,1,0,1,0,,1,0,2.4,TRUE,49.6,Active,,Valid or active,Valid,FALSE,Lower Value,Active,1
C00089,2025-05-01,20789.43,9915.3,10917.98,47,7,18,22,0,0,0,1,1.1,0,0,2.7,TRUE,54.3,Active,,Valid or active,Valid,FALSE,Lower Value,Active,1
C00089,2025-06-01,18754.61,17052.76,22552.9,54,1,15,14,1,0,0,0,,0,1,3,TRUE,53.2,Active,,Valid or active,Valid,FALSE,Lower Value,Active,1
C00089,2025-07-01,16263.58,13861.73,14319.88,58,5,14,12,0,1,0,0,,0,1,3,TRUE,56.6,Active,,Valid or active,Valid,FALSE,Lower Value,Active,1
C00089,2025-08-01,15978.63,13729.38,14729.46,34,2,12,18,2,0,0,0,,0,2,2.1,TRUE,38.1,Active,,Valid or active,Valid,FALSE,Lower Value,Active,1
C00089,2025-09-01,3292.48,11059.73,15449.13,34,3,8,4,0,1,1,1,0.9,1,0,2.9,TRUE,34.9,Active,,Valid or active,Valid,FALSE,Lower Value,Active,1
C00089,2025-10-01,10469.4,11308.6,10275.91,30,2,12,19,3,1,1,1,9.5,0,6,2.2,FALSE,35.6,Active,,Valid or active,Valid,FALSE,Lower Value,Active,0
C00089,2025-11-01,1742.8,15159.27,18172.32,33,0,4,11,1,1,2,2,7.2,1,7,2.5,TRUE,29.1,Active,,Valid or active,Valid,FALSE,Lower Value,Active,1
C00089,2025-12-01,4047.53,12939.34,15922.47,30,0,8,8,2,3,1,1,17.6,2,9,1.6,TRUE,31,Active,,Valid or active,Valid,FALSE,Lower Value,Active,1
C00090,2025-01-01,6868.26,1674.39,3961.58,29,9,16,13,0,1,0,0,,1,3,4.4,FALSE,55.4,Active,,Valid or active,Valid,FALSE,Lower Value,Active,0
C00090,2025-02-01,6000.9,1294.83,4796.01,40,25,13,6,0,0,0,0,,2,7,4.9,FALSE,66.9,Active,,Valid or active,Valid,FALSE,Lower Value,Active,0
C00090,2025-03-01,6894.9,1529.72,2434.59,27,9,12,12,0,0,0,0,,0,0,4.5,FALSE,50.4,Active,,Valid or active,Valid,FALSE,Lower Value,Active,0
C00090,2025-04-01,7384.38,2041.35,5075.76,27,21,17,14,1,0,0,0,,1,4,4.2,FALSE,60.6,Active,,Valid or active,Valid,FALSE,Lower Value,Active,0
C00090,2025-05-01,7989.69,1633.24,3087.28,39,20,15,16,0,0,1,1,1.8,0,3,5,FALSE,65.8,Active,,Valid or active,Valid,FALSE,Lower Value,Active,0
C00090,2025-06-01,5097.51,1668.8,4247.74,33,13,18,18,0,0,0,0,,0,2,4.6,FALSE,61.6,Active,,Valid or active,Valid,FALSE,Lower Value,Active,0
C00090,2025-07-01,5508.9,2124.51,2483.27,35,20,9,9,3,0,0,0,,1,6,4.8,FALSE,57.7,Active,,Valid or active,Valid,FALSE,Lower Value,Active,0
C00090,2025-08-01,7039.11,1883.58,3037.4,29,16,16,15,1,1,1,1,0.6,0,2,4.1,FALSE,58.6,Active,,Valid or active,Valid,FALSE,Lower Value,Active,0
C00090,2025-09-01,4285.92,1506.8,3049.35,39,19,17,14,1,0,0,0,,1,0,5,FALSE,67.3,Active,,Valid or active,Valid,FALSE,Lower Value,Active,0
C00090,2025-10-01,6462.17,1571.8,3766.48,20,16,10,9,0,1,0,0,,0,2,4.8,FALSE,47.3,Active,,Valid or active,Valid,FALSE,Lower Value,Active,0
C00090,2025-11-01,7314.18,1360.07,1948.97,14,12,16,8,2,1,0,0,,0,14,4.6,FALSE,47.3,Active,,Valid or active,Valid,FALSE,Lower Value,Active,0
C00090,2025-12-01,7320.54,1263.05,2123.85,29,17,11,11,0,0,0,0,,0,6,4.9,FALSE,54.4,Active,,Valid or active,Valid,FALSE,Lower Value,Active,0
C00091,2025-01-01,28861.78,11447.87,11195.11,20,15,16,12,1,2,0,0,,0,12,2.8,TRUE,52.5,Active,,Valid or active,Valid,FALSE,Lower Value,Active,1
C00091,2025-02-01,29860.88,12368.26,9948.29,20,18,17,14,0,0,0,0,,1,7,3,TRUE,54.8,Active,,Valid or active,Valid,FALSE,Lower Value,Active,1
C00091,2025-03-01,33322.94,10174.88,8960.62,20,13,10,9,0,0,1,1,2.5,0,18,2.9,TRUE,45.9,Active,,Valid or active,Valid,FALSE,Lower Value,Active,1
C00091,2025-04-01,34900.17,8331.52,9616.05,0,0,17,19,1,1,0,0,,1,28,2.5,FALSE,33.9,Active,,Valid or active,Valid,FALSE,Lower Value,Active,0
C00091,2025-05-01,38866.19,10461.33,8867.54,23,6,22,21,1,0,0,0,,0,0,3,TRUE,55.8,Active,,Valid or active,Valid,FALSE,Lower Value,Active,1
C00091,2025-06-01,40882.26,10964.09,12802.37,21,8,16,10,0,0,0,0,,0,12,3,TRUE,49.9,Active,,Valid or active,Valid,FALSE,Lower Value,Active,1
C00091,2025-07-01,32082.5,10138.5,8927.56,20,18,17,13,0,2,0,0,,0,14,3,TRUE,54.8,Active,,Valid or active,Valid,FALSE,Lower Value,Active,1
C00091,2025-08-01,37227.76,6474.13,5318.93,28,12,11,4,0,0,0,0,,0,0,2.8,FALSE,51.5,Active,,Valid or active,Valid,FALSE,Lower Value,Active,0
C00091,2025-09-01,34232.77,9619.19,8884.16,23,15,20,16,1,1,0,0,,0,10,2.9,TRUE,58.1,Active,,Valid or active,Valid,FALSE,Lower Value,Active,1
C00091,2025-10-01,41427.31,8690.62,6350.93,6,1,21,22,1,1,0,0,,2,21,2.8,FALSE,41.9,Active,,Valid or active,Valid,FALSE,Lower Value,Active,0
C00091,2025-11-01,36544.1,8800.26,8119.67,18,3,22,22,0,0,0,0,,1,11,3.1,TRUE,51.3,Active,,Valid or active,Valid,FALSE,Lower Value,Active,1
C00091,2025-12-01,40815.67,7019.88,8474.3,31,18,19,18,0,0,0,0,,0,0,3.2,FALSE,63.6,Active,,Valid or active,Valid,FALSE,Lower Value,Active,0
C00092,2025-01-01,24008.72,13411.08,17310.83,51,0,12,14,2,0,1,1,1.6,0,2,3.8,TRUE,52.5,Active,,Valid or active,Valid,FALSE,Lower Value,Active,1
C00092,2025-02-01,20385.93,11917.15,8873.54,51,5,8,10,0,1,0,0,,1,3,4.3,FALSE,51.1,Active,,Valid or active,Valid,FALSE,Lower Value,Active,0
C00092,2025-03-01,24118.75,11361.96,15591.4,49,0,17,18,0,1,0,0,,1,0,4.5,FALSE,55.9,Active,,Valid or active,Valid,FALSE,Lower Value,Active,0
C00092,2025-04-01,24273.21,14949.57,18106.18,42,0,15,19,0,1,0,0,,0,2,3.8,TRUE,49.6,Active,,Valid or active,Valid,FALSE,Lower Value,Active,1
C00092,2025-05-01,21397.54,11127.23,17331.49,45,6,19,17,0,0,1,0,,0,0,4.3,TRUE,58,Active,,Valid or active,Valid,FALSE,Lower Value,Active,1
C00092,2025-06-01,25075.31,8985.02,15486.03,50,0,22,14,2,0,0,1,6.6,1,4,4.3,FALSE,61.2,Active,,Valid or active,Valid,FALSE,Lower Value,Active,0
C00092,2025-07-01,22214.25,9754.28,14882.28,63,11,12,12,1,0,0,0,,0,2,4.1,TRUE,63.2,Active,,Valid or active,Valid,FALSE,Lower Value,Active,1
C00092,2025-08-01,27007.35,10964.73,16823.96,51,4,16,22,3,1,0,0,,2,1,3.8,TRUE,58.1,Active,,Valid or active,Valid,FALSE,Lower Value,Active,1
C00092,2025-09-01,30036.11,15792.94,17796.82,48,0,18,27,2,1,0,0,,1,0,4.8,TRUE,56.2,Active,,Valid or active,Valid,FALSE,Lower Value,Active,1
C00092,2025-10-01,28459.91,12902.7,16206.7,54,4,22,25,0,1,0,0,,3,0,4.1,TRUE,65.6,Active,,Valid or active,Valid,FALSE,Lower Value,Active,1
C00092,2025-11-01,27536.31,12637.4,18300.63,66,9,20,23,0,0,0,0,,2,10,4.2,TRUE,69.8,Active,,Valid or active,Valid,FALSE,Lower Value,Active,1
C00092,2025-12-01,29124.44,11002.34,10596.13,64,8,20,27,1,0,0,0,,0,7,4.9,FALSE,69.3,Active,,Valid or active,Valid,FALSE,Lower Value,Active,0
C00093,2025-01-01,4172.75,12932.99,13711.55,16,3,9,10,0,1,0,0,,0,15,3.2,FALSE,28.9,Active,,Valid or active,Valid,FALSE,Lower Value,Active,0
C00093,2025-02-01,5128.66,11257.02,11111.25,26,10,1,0,1,2,0,0,,1,18,3.3,TRUE,31,Active,,Valid or active,Valid,FALSE,Lower Value,Active,1
C00093,2025-03-01,3764.09,11863.99,11854.29,12,5,7,11,2,1,0,0,,0,24,3,FALSE,25.4,Active,,Valid or active,Valid,FALSE,Lower Value,Active,0
C00093,2025-04-01,3848.17,16903.77,14678.41,3,0,13,8,1,4,0,0,,0,30,2.9,TRUE,23,Active,,Valid or active,Valid,FALSE,Lower Value,Active,1
C00093,2025-05-01,4979.44,17263.5,20995.36,26,18,13,20,0,1,0,0,,0,4,3.7,TRUE,45.8,Active,,Valid or active,Valid,FALSE,Lower Value,Active,1
C00093,2025-06-01,6012.02,14482.1,17616.18,14,14,8,9,1,0,0,0,,0,14,3.1,TRUE,31.7,Active,,Valid or active,Valid,FALSE,Lower Value,Active,1
C00093,2025-07-01,4870.73,17647.8,18496.72,11,4,7,18,1,0,1,1,1.4,1,23,2.9,TRUE,24.3,Active,,Valid or active,Valid,FALSE,Lower Value,Active,1
C00093,2025-08-01,4836.48,10464.7,10709.1,27,15,9,1,2,0,0,0,,0,5,3,TRUE,41.4,Active,,Valid or active,Valid,FALSE,Lower Value,Active,1
C00093,2025-09-01,4939.14,8066.28,9697.32,11,5,7,13,1,0,0,0,,1,18,3.5,FALSE,24.8,Active,,Valid or active,Valid,FALSE,Lower Value,Active,0
C00093,2025-10-01,4744.27,8713.51,11073.15,17,6,8,11,0,0,0,0,,1,10,3.4,FALSE,30,Active,,Valid or active,Valid,FALSE,Lower Value,Active,0
C00093,2025-11-01,3152.46,8541,9418.09,15,12,8,4,1,2,1,1,4.2,3,15,2.2,FALSE,31.5,Active,,Valid or active,Valid,FALSE,Lower Value,Active,0
C00093,2025-12-01,3076.64,14666.21,13022.57,12,3,11,12,1,0,0,0,,0,20,3.2,TRUE,28.2,Active,,Valid or active,Valid,FALSE,Lower Value,Active,1
C00094,2025-01-01,1151.62,2336.21,2302.19,4,3,4,3,2,0,1,1,1,0,24,4.8,FALSE,21.1,Active,,Valid or active,Valid,FALSE,Lower Value,Active,0
C00094,2025-02-01,-2074.6,1882.03,2338,11,9,5,5,3,1,0,0,,0,14,4.5,FALSE,29.2,Active,,Valid or active,Valid,FALSE,Lower Value,Active,0
C00094,2025-03-01,1058.24,1809.04,3761.11,16,5,3,0,2,0,0,0,,0,12,5,FALSE,28.7,Active,,Valid or active,Valid,FALSE,Lower Value,Active,0
C00094,2025-04-01,915.3,1914.83,1916.93,2,2,6,9,2,1,0,0,,0,23,5,FALSE,21.3,Active,,Valid or active,Valid,FALSE,Lower Value,Active,0
C00094,2025-05-01,208.61,2512.46,2549.66,0,0,11,5,1,0,0,0,,0,26,5,FALSE,23.8,Active,,Valid or active,Valid,FALSE,Lower Value,Active,0
C00094,2025-06-01,742.55,1787.33,1981.54,7,4,16,17,1,0,0,0,,1,15,5,FALSE,34.7,Active,,Valid or active,Valid,FALSE,Lower Value,Active,0
C00094,2025-07-01,-458.66,1898.7,2682.63,9,3,1,2,1,1,0,0,,0,16,4.9,FALSE,21.5,Active,,Valid or active,Valid,FALSE,Lower Value,Active,0
C00094,2025-08-01,1340.05,1855.89,2188.64,8,5,13,10,0,1,0,0,,0,22,5,FALSE,33,Active,,Valid or active,Valid,FALSE,Lower Value,Active,0
C00094,2025-09-01,2482.67,2222.62,3649.23,11,0,14,9,2,0,0,0,,0,15,5,FALSE,33.5,Active,,Valid or active,Valid,FALSE,Lower Value,Active,0
C00094,2025-10-01,518.3,1929.95,3538.04,25,15,9,7,2,1,0,0,,1,5,4.6,FALSE,44.6,Active,,Valid or active,Valid,FALSE,Lower Value,Active,0
C00094,2025-11-01,774.31,2611.09,3357.13,12,7,7,0,2,1,1,1,12.1,0,20,4.2,FALSE,30.8,Active,,Valid or active,Valid,FALSE,Lower Value,Active,0
C00094,2025-12-01,-705.48,2003.96,3000.13,16,16,8,13,0,0,0,0,,1,16,4.8,FALSE,38.4,Active,,Valid or active,Valid,FALSE,Lower Value,Active,0
C00095,2025-01-01,43992.48,47986.08,52671.32,63,31,23,18,0,0,0,0,,0,5,5,TRUE,87.1,Active,,Valid or active,Valid,FALSE,Lower Value,Active,1
C00095,2025-02-01,52325.09,50510.63,44718.74,53,33,29,21,0,0,0,0,,0,0,5,TRUE,89.2,Active,,Valid or active,Valid,FALSE,Lower Value,Active,1
C00095,2025-03-01,47542.07,44758.05,39721.65,72,55,23,15,2,1,0,0,,2,0,4.3,FALSE,89,Active,,Valid or active,Valid,FALSE,Lower Value,Active,0
C00095,2025-04-01,43001.08,37075.61,45017.16,63,38,21,22,0,0,0,0,,3,3,5,TRUE,87.1,Active,,Valid or active,Valid,FALSE,Lower Value,Active,1
C00095,2025-05-01,49089.72,28361.73,30304.84,60,30,29,24,1,0,1,1,3.1,0,3,4.8,FALSE,92.3,Active,,Valid or active,Valid,FALSE,Lower Value,Active,0
C00095,2025-06-01,46857.71,42053.19,34733.11,68,33,29,21,0,0,0,0,,2,0,5,TRUE,93.7,Active,,Valid or active,Valid,FALSE,Lower Value,Active,1
C00095,2025-07-01,44720.09,29096.17,29861.29,70,35,22,25,1,1,0,0,,0,4,5,FALSE,88,Active,,Valid or active,Valid,FALSE,Lower Value,Active,0
C00095,2025-08-01,52741.56,34045.96,35487.38,65,41,24,25,1,0,0,0,,1,3,4.6,TRUE,89.9,Active,,Valid or active,Valid,FALSE,Lower Value,Active,1
C00095,2025-09-01,38931.81,60562.35,72634.01,60,33,24,13,2,1,0,0,,1,4,5,TRUE,89,Active,,Valid or active,Valid,FALSE,Lower Value,Active,1
C00095,2025-10-01,45245.81,37239.73,37964.66,53,29,23,26,1,1,0,0,,1,4,4.7,FALSE,81.8,Active,,Valid or active,Valid,FALSE,Lower Value,Active,0
C00095,2025-11-01,41731.72,31859.36,26191.53,58,29,25,25,2,2,0,0,,2,10,5,FALSE,86.8,Active,,Valid or active,Valid,FALSE,Lower Value,Active,0
C00095,2025-12-01,43391.72,52166.36,64345.67,50,29,29,22,0,0,0,0,,0,0,5,TRUE,85.5,Active,,Valid or active,Valid,FALSE,Lower Value,Active,1
C00096,2025-01-01,8193.4,9746.97,11989.94,28,0,25,19,0,1,0,0,,0,12,4.2,TRUE,50.1,Active,,Valid or active,Valid,FALSE,High Value,Active,1
C00096,2025-02-01,9597.69,10345.11,11892.93,41,5,20,5,3,2,0,0,,0,0,3.8,TRUE,55.9,Active,,Valid or active,Valid,FALSE,High Value,Active,1
C00096,2025-03-01,6608.33,10931.48,11823.77,34,1,12,11,0,1,0,0,,1,9,4.1,TRUE,42.2,Active,,Valid or active,Valid,FALSE,High Value,Active,1
C00096,2025-04-01,9114.31,12274.97,14322.74,29,2,16,18,1,0,0,0,,0,0,3.8,TRUE,43.2,Active,,Valid or active,Valid,FALSE,High Value,Active,1
C00096,2025-05-01,7638.05,13120.99,17861.89,31,1,28,21,3,1,0,0,,0,3,3.9,TRUE,55.2,Active,,Valid or active,Valid,FALSE,High Value,Active,1
C00096,2025-06-01,9049.32,11885.08,12122.49,44,12,29,31,2,0,0,0,,2,4,4.3,TRUE,69.4,Active,,Valid or active,Valid,FALSE,High Value,Active,1
C00096,2025-07-01,8582.76,9782.12,12425.46,28,0,17,18,4,0,0,0,,1,3,3.3,TRUE,42.6,Active,,Valid or active,Valid,FALSE,High Value,Active,1
C00096,2025-08-01,7607.05,6764.66,12131.51,42,1,20,6,1,0,0,0,,0,8,4,FALSE,54.7,Active,,Valid or active,Valid,FALSE,High Value,Active,0
C00096,2025-09-01,8117.13,13565.29,18868.51,44,1,19,22,1,0,0,0,,1,0,3.8,TRUE,55.1,Active,,Valid or active,Valid,FALSE,High Value,Active,1
C00096,2025-10-01,8017.74,11445.62,13395.5,39,0,20,12,3,0,0,0,,0,0,3.8,TRUE,52.4,Active,,Valid or active,Valid,FALSE,High Value,Active,1
C00096,2025-11-01,8991,8897.27,10708.13,45,3,20,17,4,0,0,0,,2,2,4.3,TRUE,57.5,Active,,Valid or active,Valid,FALSE,High Value,Active,1
C00096,2025-12-01,9152.95,11872.1,16693.41,30,0,22,22,0,0,0,0,,1,8,3.9,TRUE,48.5,Active,,Valid or active,Valid,FALSE,High Value,Active,1
C00097,2025-01-01,10276.56,7740.45,8795.91,27,8,13,12,1,0,0,0,,0,4,4.5,TRUE,46.4,Active,,Valid or active,Valid,FALSE,Lower Value,Active,1
C00097,2025-02-01,10620.88,8298.2,7548.67,21,15,16,11,1,0,1,1,7.8,0,12,4.6,TRUE,48.6,Active,,Valid or active,Valid,FALSE,Lower Value,Active,1
C00097,2025-03-01,11323.43,9047.73,10996.48,27,15,18,18,1,0,0,0,,0,3,4.3,TRUE,54.3,Active,,Valid or active,Valid,FALSE,Lower Value,Active,1
C00097,2025-04-01,13087.57,10098.49,12283.83,30,19,19,22,0,0,0,0,,0,7,4.9,TRUE,58.9,Active,,Valid or active,Valid,FALSE,Lower Value,Active,1
C00097,2025-05-01,13294.2,8073.22,13345.49,37,20,15,23,0,0,0,0,,0,0,3.5,TRUE,60.1,Active,,Valid or active,Valid,FALSE,Lower Value,Active,1
C00097,2025-06-01,13159.46,11362.68,11048.14,34,17,16,22,0,0,0,0,,0,2,,TRUE,57.7,Active,,Valid or active,Valid,FALSE,Lower Value,Active,1
C00097,2025-07-01,16844.13,12621.96,11339.41,39,19,7,4,0,0,0,0,,2,1,3.7,TRUE,53.4,Active,,Valid or active,Valid,FALSE,Lower Value,Active,1
C00097,2025-08-01,11688.11,8558.06,15282.67,56,35,20,28,0,0,0,0,,1,0,4.2,TRUE,83.6,Active,,Valid or active,Valid,FALSE,Lower Value,Active,1
C00097,2025-09-01,13108.43,13561.24,14545.22,53,25,24,32,1,0,2,1,7.1,0,0,4.1,TRUE,80.9,Active,,Valid or active,Valid,FALSE,Lower Value,Active,1
C00097,2025-10-01,14503.33,6738.49,7597.91,28,11,24,26,2,0,0,1,5.6,0,0,4,FALSE,58.7,Active,,Valid or active,Valid,FALSE,Lower Value,Active,0
C00097,2025-11-01,17790.71,11502.12,15308.5,42,29,20,22,1,0,0,0,,0,0,4.3,TRUE,72,Active,,Valid or active,Valid,FALSE,Lower Value,Active,1
C00097,2025-12-01,16366.52,9728.3,11167.59,37,23,20,25,2,2,0,0,,3,5,4,TRUE,66.1,Active,,Valid or active,Valid,FALSE,Lower Value,Active,1
C00098,2025-01-01,51155.83,6063.31,7445.67,10,2,20,20,1,0,0,0,,0,11,4.1,FALSE,30.4,Churned,9/21/2025,Valid or active,Valid,FALSE,Lower Value,Churned,0
C00098,2025-02-01,52210.69,9305,11473.35,18,0,20,19,2,1,0,0,,0,11,4.2,TRUE,34.6,Churned,9/21/2025,Valid or active,Valid,FALSE,Lower Value,Churned,1
C00098,2025-03-01,45159.67,11182.69,9068.2,15,2,7,3,1,0,0,0,,1,15,3.3,TRUE,21.4,Churned,9/21/2025,Valid or active,Valid,FALSE,Lower Value,Churned,1
C00098,2025-04-01,44591.12,7482.23,5680.88,18,0,18,15,3,0,1,1,10.7,1,10,3.6,TRUE,32.7,Churned,9/21/2025,Valid or active,Valid,FALSE,Lower Value,Churned,1
C00098,2025-05-01,38595.83,8920.71,8624.63,8,0,20,22,1,0,0,0,,0,15,3.4,FALSE,28.2,Churned,9/21/2025,Valid or active,Valid,FALSE,Lower Value,Churned,0
C00098,2025-06-01,38607.99,10504.87,13024.82,8,0,14,9,0,1,0,0,,0,11,3.1,TRUE,22.6,Churned,9/21/2025,Valid or active,Valid,FALSE,Lower Value,Churned,1
C00098,2025-07-01,31602.08,9458.51,6882.92,9,7,15,15,0,0,0,0,,1,9,3.5,TRUE,27.4,Churned,9/21/2025,Valid or active,Valid,FALSE,Lower Value,Churned,1
C00098,2025-08-01,38908.8,6129.49,5306.92,12,0,11,4,2,0,1,1,4.2,0,16,3.9,FALSE,22.4,Churned,9/21/2025,Valid or active,Valid,FALSE,Lower Value,Churned,0
C00098,2025-09-01,22481.53,11219.9,13300.66,10,0,12,12,2,1,2,2,2.1,1,16,2.5,TRUE,22,Churned,9/21/2025,Valid or active,Valid,FALSE,Lower Value,Churned,1
C00098,2025-10-01,32033.17,7914.39,6402.55,11,3,10,14,1,0,0,0,,0,21,2.8,FALSE,22.2,Churned,9/21/2025,Post-churn activity,Valid,TRUE,Lower Value,Churned,0
C00098,2025-11-01,22581.7,10262.53,9867.63,14,1,7,1,0,3,2,1,10,0,18,3.2,TRUE,20.4,Churned,9/21/2025,Post-churn activity,Valid,TRUE,Lower Value,Churned,1
C00098,2025-12-01,23036.33,7357.88,8312.32,21,1,12,18,2,1,1,2,8.2,0,4,2.4,FALSE,29.5,Churned,9/21/2025,Post-churn activity,Valid,TRUE,Lower Value,Churned,0
C00099,2025-01-01,39357.81,11455.26,17484.69,39,2,17,16,0,0,0,0,,0,3,3,TRUE,50.5,Churned,12/12/2025,Valid or active,Valid,FALSE,Lower Value,Churned,1
C00099,2025-02-01,36702.57,6234.06,7375.5,39,6,19,25,1,0,0,0,,0,2,3.3,FALSE,54.2,Churned,12/12/2025,Valid or active,Valid,FALSE,Lower Value,Churned,0
C00099,2025-03-01,36906.31,8987.98,8171.46,32,0,11,0,1,0,0,0,,0,8,2.9,TRUE,39.5,Churned,12/12/2025,Valid or active,Valid,FALSE,Lower Value,Churned,1
C00099,2025-04-01,33851.87,10879.21,9166.04,38,6,11,8,0,2,0,0,,0,5,2.8,FALSE,46.1,Churned,12/12/2025,Valid or active,Valid,FALSE,Lower Value,Churned,0
C00099,2025-05-01,30621.88,7735.05,8821.4,32,0,10,3,0,0,0,0,,2,3,2.7,FALSE,38.6,Churned,12/12/2025,Valid or active,Valid,FALSE,Lower Value,Churned,0
C00099,2025-06-01,31667.22,9607.63,8957.94,21,7,15,13,0,0,1,1,1.9,0,11,2,TRUE,39.5,Churned,12/12/2025,Valid or active,Valid,FALSE,Lower Value,Churned,1
C00099,2025-07-01,25012.8,12509.24,18033.13,31,0,6,6,3,0,0,0,,0,12,3,TRUE,34.2,Churned,12/12/2025,Valid or active,Valid,FALSE,Lower Value,Churned,1
C00099,2025-08-01,29152.79,12309.55,15815.32,26,2,8,8,1,1,0,0,,1,6,2.9,TRUE,33.8,Churned,12/12/2025,Valid or active,Valid,FALSE,Lower Value,Churned,1
C00099,2025-09-01,19761.78,9198.51,11901.58,25,1,12,7,0,1,0,0,,0,12,2.2,TRUE,36.5,Churned,12/12/2025,Valid or active,Valid,FALSE,Lower Value,Churned,1
C00099,2025-10-01,12908.33,8453.8,7189.02,27,8,4,15,0,2,1,0,,1,14,1.9,FALSE,33.5,Churned,12/12/2025,Valid or active,Valid,FALSE,Lower Value,Churned,0
C00099,2025-11-01,13064.07,10814.57,10353.5,18,0,6,1,2,0,1,1,6.7,1,14,2.8,FALSE,26,Churned,12/12/2025,Valid or active,Valid,FALSE,Lower Value,Churned,0
C00099,2025-12-01,14800.75,13202.56,17151.86,25,0,1,0,4,1,1,0,,0,5,1.9,TRUE,25.8,Churned,12/12/2025,Valid or active,Valid,FALSE,Lower Value,Churned,1
C00100,2025-01-01,23172.48,3812.08,8494.47,67,4,1,2,0,2,0,0,,1,10,4.9,FALSE,49.8,Churned,9/25/2025,Valid or active,Valid,FALSE,Lower Value,Churned,0
C00100,2025-02-01,21771.43,3471.29,6435.32,47,4,8,10,1,0,2,2,0.7,0,9,4,FALSE,48.1,Churned,9/25/2025,Valid or active,Valid,FALSE,Lower Value,Churned,0
C00100,2025-03-01,22241.2,3992.62,5717.79,49,5,11,6,0,0,0,0,,1,6,4.6,FALSE,52.6,Churned,9/25/2025,Valid or active,Valid,FALSE,Lower Value,Churned,0
C00100,2025-04-01,16633.41,3108.91,5907.91,36,0,11,9,0,0,1,1,4,1,13,4.3,FALSE,42.1,Churned,9/25/2025,Valid or active,Valid,FALSE,Lower Value,Churned,0
C00100,2025-05-01,18353.98,3157.54,5161.04,29,1,9,6,1,0,0,0,,1,3,4.7,FALSE,36.2,Churned,9/25/2025,Valid or active,Valid,FALSE,Lower Value,Churned,0
C00100,2025-06-01,20310.59,4436.65,7944.01,37,0,0,0,2,0,0,0,,1,10,5,FALSE,32.4,Churned,9/25/2025,Valid or active,Valid,FALSE,Lower Value,Churned,0
C00100,2025-07-01,16464.89,4198.1,5828.18,40,8,10,11,0,0,1,0,,1,5,3.4,FALSE,47.3,Churned,9/25/2025,Valid or active,Valid,FALSE,Lower Value,Churned,0
C00100,2025-08-01,14598.16,4621.32,7645.03,37,2,4,3,0,0,0,1,3.3,0,10,4,FALSE,37.1,Churned,9/25/2025,Valid or active,Valid,FALSE,Lower Value,Churned,0
C00100,2025-09-01,11326.83,3128.58,7272.07,43,0,0,6,1,0,1,0,,1,13,3.1,FALSE,36.2,Churned,9/25/2025,Valid or active,Valid,FALSE,Lower Value,Churned,0
C00100,2025-10-01,11521.35,4975.3,6574,25,1,3,2,0,2,0,1,5.1,0,16,3.9,FALSE,28.1,Churned,9/25/2025,Post-churn activity,Valid,TRUE,Lower Value,Churned,0
C00100,2025-11-01,7934.73,2985.39,3861.45,10,2,3,0,0,0,0,0,,2,21,4,FALSE,19,Churned,9/25/2025,Post-churn activity,Valid,TRUE,Lower Value,Churned,0
C00100,2025-12-01,7338.6,3215.93,5964.07,23,7,3,0,0,1,1,1,2.7,1,18,4,FALSE,29.6,Churned,9/25/2025,Post-churn activity,Valid,TRUE,Lower Value,Churned,0
C00101,2025-01-01,594.92,27925.01,27803.97,23,16,6,4,0,0,0,0,,0,14,5,FALSE,36.5,Active,,Valid or active,Valid,FALSE,Lower Value,Active,0
C00101,2025-02-01,233.54,29195.94,24071.99,25,10,8,9,2,0,0,0,,0,6,4.8,TRUE,36.9,Active,,Valid or active,Valid,FALSE,Lower Value,Active,1
C00101,2025-03-01,704.08,30466.48,37351.8,34,22,6,3,0,1,0,0,,1,9,4.8,TRUE,46.2,Active,,Valid or active,Valid,FALSE,Lower Value,Active,1
C00101,2025-04-01,608.26,32678.16,31997.82,12,12,0,0,0,0,0,0,,0,23,4.5,TRUE,22.1,Active,,Valid or active,Valid,FALSE,Lower Value,Active,1
C00101,2025-05-01,-19.23,19891.96,22573.84,23,15,10,15,0,0,0,0,,1,6,4.3,TRUE,39.8,Active,,Valid or active,Valid,FALSE,Lower Value,Active,1
C00101,2025-06-01,-898.58,30936.59,35586.37,25,11,4,9,0,1,0,0,,1,5,5,TRUE,33.6,Active,,Valid or active,Valid,FALSE,Lower Value,Active,1
C00101,2025-07-01,547.53,34739.97,27947.88,9,2,10,13,1,0,0,0,,0,22,5,TRUE,24.9,Active,,Valid or active,Valid,FALSE,Lower Value,Active,1
C00101,2025-08-01,1120.52,31927.94,25651.6,25,16,8,7,0,0,0,0,,0,10,4.6,TRUE,39.6,Active,,Valid or active,Valid,FALSE,Lower Value,Active,1
C00101,2025-09-01,101.1,35037.26,35439.69,18,7,13,9,0,1,0,0,,1,17,5,TRUE,35.7,Active,,Valid or active,Valid,FALSE,Lower Value,Active,1
C00101,2025-10-01,1823.72,23317.98,20600.17,17,16,8,2,0,0,0,0,,1,17,4.9,TRUE,34.5,Active,,Valid or active,Valid,FALSE,Lower Value,Active,1
C00101,2025-11-01,1076.84,27828,25048.19,17,8,5,5,0,0,0,0,,1,27,5,TRUE,28.1,Active,,Valid or active,Valid,FALSE,Lower Value,Active,1
C00101,2025-12-01,522.72,20989.83,16628.99,20,15,7,12,1,0,0,0,,0,17,4.7,TRUE,35.1,Active,,Valid or active,Valid,FALSE,Lower Value,Active,1
C00102,2025-01-01,43032.98,8561.1,9774.75,38,18,4,0,3,0,0,0,,0,12,4.8,TRUE,45,Active,,Valid or active,Valid,FALSE,Lower Value,Active,1
C00102,2025-02-01,39097.65,13098.42,13342.43,42,19,1,6,2,0,0,0,,0,1,4.7,TRUE,45.2,Active,,Valid or active,Valid,FALSE,Lower Value,Active,1
C00102,2025-03-01,47195.45,10269.98,9668.78,26,22,8,14,3,1,1,1,11,0,8,5,TRUE,43,Active,,Valid or active,Valid,FALSE,Lower Value,Active,1
C00102,2025-04-01,47439.95,11479.4,12021.79,36,20,2,4,2,2,0,0,,0,5,4.8,TRUE,42.8,Active,,Valid or active,Valid,FALSE,Lower Value,Active,1
C00102,2025-05-01,37242.77,12380.66,15187.55,34,13,1,4,2,0,0,0,,1,7,4.2,TRUE,37.4,Active,,Valid or active,Valid,FALSE,Lower Value,Active,1
C00102,2025-06-01,40198.32,13479.72,17374.9,28,14,0,9,2,0,0,0,,0,3,5,TRUE,33.1,Active,,Valid or active,Valid,FALSE,Lower Value,Active,1
C00102,2025-07-01,45012.21,10157.47,13556.57,47,21,0,0,0,0,0,0,,2,9,5,TRUE,48.4,Active,,Valid or active,Valid,FALSE,Lower Value,Active,1
C00102,2025-08-01,32803.1,10845.17,16069.95,51,22,0,1,4,0,0,0,,0,7,4.7,TRUE,51.4,Active,,Valid or active,Valid,FALSE,Lower Value,Active,1
C00102,2025-09-01,40866.43,9053.03,12558.92,33,16,4,0,1,0,0,0,,0,3,3.9,TRUE,40.9,Active,,Valid or active,Valid,FALSE,Lower Value,Active,1
C00102,2025-10-01,41500.77,12519.02,17102.04,36,25,3,4,0,0,0,0,,1,9,4.1,TRUE,46,Active,,Valid or active,Valid,FALSE,Lower Value,Active,1
C00102,2025-11-01,44186.35,9507.49,12701.61,31,19,0,0,2,1,0,0,,1,9,4.7,TRUE,37.3,Active,,Valid or active,Valid,FALSE,Lower Value,Active,1
C00102,2025-12-01,39995.62,9996.58,10687.11,38,24,9,11,0,1,0,0,,1,7,5,FALSE,52.4,Active,,Valid or active,Valid,FALSE,Lower Value,Active,0
C00103,2025-01-01,60723.9,20842.28,20281.97,31,22,27,29,2,3,0,0,,0,0,4.9,TRUE,63.9,Churned,10/5/2025,Valid or active,Valid,FALSE,High Value,Churned,1
C00103,2025-02-01,48603.19,18448.39,17427.32,25,12,22,27,2,0,0,0,,1,1,3.8,TRUE,50.9,Churned,10/5/2025,Valid or active,Valid,FALSE,High Value,Churned,1
C00103,2025-03-01,48824.6,16367.96,14077.16,23,15,29,25,0,2,0,0,,1,3,4.4,FALSE,57.5,Churned,10/5/2025,Valid or active,Valid,FALSE,High Value,Churned,0
C00103,2025-04-01,42876.15,17384.71,12776.67,13,5,25,36,1,0,0,0,,0,21,3.4,TRUE,42.9,Churned,10/5/2025,Valid or active,Valid,FALSE,High Value,Churned,1
C00103,2025-05-01,41749.85,18292.64,19056.7,20,17,24,28,1,0,0,0,,0,9,4.4,TRUE,51.8,Churned,10/5/2025,Valid or active,Valid,FALSE,High Value,Churned,1
C00103,2025-06-01,34181.71,21573.27,18209.54,20,11,23,29,0,0,0,0,,0,5,3.9,TRUE,48.2,Churned,10/5/2025,Valid or active,Valid,FALSE,High Value,Churned,1
C00103,2025-07-01,33273.01,14198.09,18587.95,31,27,22,27,0,1,1,1,4.2,2,0,4.2,TRUE,61.5,Churned,10/5/2025,Valid or active,Valid,FALSE,High Value,Churned,1
C00103,2025-08-01,35531.48,12177.1,10551.91,17,6,23,24,1,0,0,0,,0,10,3.4,TRUE,44,Churned,10/5/2025,Valid or active,Valid,FALSE,High Value,Churned,1
C00103,2025-09-01,22237.12,21568.06,25741.15,26,17,17,17,2,1,0,0,,1,0,3.6,TRUE,49.1,Churned,10/5/2025,Valid or active,Valid,FALSE,High Value,Churned,1
C00103,2025-10-01,15049.74,17611.27,12606.2,13,10,17,24,0,1,1,1,2.3,0,16,3.3,TRUE,37.7,Churned,10/5/2025,Valid or active,Valid,FALSE,High Value,Churned,1
C00103,2025-11-01,15075.34,15088.53,14300.51,20,10,17,15,0,2,1,0,,0,5,3.8,FALSE,42.1,Churned,10/5/2025,Post-churn activity,Valid,TRUE,High Value,Churned,0
C00103,2025-12-01,18956.05,12717.73,16841.66,21,11,10,17,0,0,2,0,,1,7,2.2,FALSE,36.7,Churned,10/5/2025,Post-churn activity,Valid,TRUE,High Value,Churned,0
C00104,2025-01-01,46970.64,12298,15135.71,61,29,25,25,2,2,0,0,,0,0,4.1,TRUE,88.1,Churned,10/19/2025,Valid or active,Valid,FALSE,Lower Value,Churned,1
C00104,2025-02-01,46000.13,16734.57,28028.77,75,41,23,32,0,0,0,0,,2,5,4.9,TRUE,89,Churned,10/19/2025,Valid or active,Valid,FALSE,Lower Value,Churned,1
C00104,2025-03-01,44018.31,17640.63,13963.01,42,17,25,36,1,0,0,0,,0,0,4.7,TRUE,71.2,Churned,10/19/2025,Valid or active,Valid,FALSE,Lower Value,Churned,1
C00104,2025-04-01,39847.65,15341.63,18937.32,63,34,16,22,0,0,0,0,,1,0,5,FALSE,82,Churned,10/19/2025,Valid or active,Valid,FALSE,Lower Value,Churned,0
C00104,2025-05-01,39808.95,20740.73,17026.97,47,27,21,32,1,1,0,0,,2,0,4.6,TRUE,75.2,Churned,10/19/2025,Valid or active,Valid,FALSE,Lower Value,Churned,1
C00104,2025-06-01,43421.99,15055.41,16372.43,57,33,26,28,1,1,0,0,,0,0,4.8,TRUE,89,Churned,10/19/2025,Valid or active,Valid,FALSE,Lower Value,Churned,1
C00104,2025-07-01,46796.03,20197.29,26983.56,55,33,18,26,0,0,0,0,,0,1,4.6,TRUE,80.2,Churned,10/19/2025,Valid or active,Valid,FALSE,Lower Value,Churned,1
C00104,2025-08-01,44173.27,19307.12,18080.7,59,36,27,33,1,0,0,0,,2,0,4.4,TRUE,92.1,Churned,10/19/2025,Valid or active,Valid,FALSE,Lower Value,Churned,1
C00104,2025-09-01,43603.99,20871.35,20650.62,50,19,21,23,1,2,0,0,,0,0,4.1,TRUE,73.5,Churned,10/19/2025,Valid or active,Valid,FALSE,Lower Value,Churned,1
C00104,2025-10-01,46455.61,14432.51,11029.15,51,32,25,28,0,0,0,0,,0,1,5,FALSE,83.8,Churned,10/19/2025,Valid or active,Valid,FALSE,Lower Value,Churned,0
C00104,2025-11-01,45672.54,12203.49,13868.91,46,24,25,35,0,0,0,0,,0,2,4.8,TRUE,76.9,Churned,10/19/2025,Post-churn activity,Valid,TRUE,Lower Value,Churned,1
C00104,2025-12-01,39298.09,17613.94,21903.24,49,28,21,17,1,1,0,0,,0,0,4,TRUE,76.9,Churned,10/19/2025,Post-churn activity,Valid,TRUE,Lower Value,Churned,1
C00105,2025-01-01,-3339.8,1687.16,4351.29,26,0,19,20,1,0,0,0,,0,3,4.4,FALSE,47.7,Churned,10/22/2025,Valid or active,Valid,FALSE,Lower Value,Churned,0
C00105,2025-02-01,-3207.5,1474.46,4595.21,31,3,13,17,1,0,1,1,3.9,0,8,4,FALSE,46.6,Churned,10/22/2025,Valid or active,Valid,FALSE,Lower Value,Churned,0
C00105,2025-03-01,-2671.49,2149.01,3242.52,24,7,13,15,1,0,1,1,6.2,1,8,4,FALSE,44,Churned,10/22/2025,Valid or active,Valid,FALSE,Lower Value,Churned,0
C00105,2025-04-01,-4503.57,1806.92,5357.08,35,0,25,22,1,0,0,0,,2,1,4.4,FALSE,59,Churned,10/22/2025,Valid or active,Valid,FALSE,Lower Value,Churned,0
C00105,2025-05-01,-3310.68,1988.22,3274.79,24,0,23,30,0,1,1,1,2,0,1,4.1,FALSE,50.2,Churned,10/22/2025,Valid or active,Valid,FALSE,Lower Value,Churned,0
C00105,2025-06-01,-1350.32,1325.48,4602.75,28,7,12,2,1,0,0,0,,0,8,3.7,FALSE,45.6,Churned,10/22/2025,Valid or active,Valid,FALSE,Lower Value,Churned,0
C00105,2025-07-01,-1000.42,2091.78,4775.21,38,6,18,8,1,1,2,1,2.2,1,0,3.6,FALSE,57.1,Churned,10/22/2025,Valid or active,Valid,FALSE,Lower Value,Churned,0
C00105,2025-08-01,-2207.17,1610.5,3332.58,23,8,14,12,0,0,0,0,,0,8,3.8,FALSE,44.8,Churned,10/22/2025,Valid or active,Valid,FALSE,Lower Value,Churned,0
C00105,2025-09-01,-3685.98,1355.43,2140.68,26,0,21,25,0,1,0,1,2.4,1,0,4,FALSE,49.6,Churned,10/22/2025,Valid or active,Valid,FALSE,Lower Value,Churned,0
C00105,2025-10-01,-3695.72,1852.53,2726.78,13,0,18,2,1,1,2,2,3.6,1,12,4.5,FALSE,38.5,Churned,10/22/2025,Valid or active,Valid,FALSE,Lower Value,Churned,0
C00105,2025-11-01,-3801.44,1794.93,2941.72,13,8,11,6,1,1,0,0,,1,23,3.9,FALSE,35.7,Churned,10/22/2025,Post-churn activity,Valid,TRUE,Lower Value,Churned,0
C00105,2025-12-01,-1829.47,1954.62,2018.8,3,1,9,8,0,0,0,0,,0,25,4.3,FALSE,24.3,Churned,10/22/2025,Post-churn activity,Valid,TRUE,Lower Value,Churned,0
C00106,2025-01-01,50094.04,14611.88,17399.28,68,9,16,8,1,1,0,0,,1,6,5,TRUE,61.5,Churned,12/11/2025,Valid or active,Valid,FALSE,Lower Value,Churned,1
C00106,2025-02-01,45124.75,10155.85,12668.15,56,7,12,7,0,0,2,2,3.2,0,0,5,FALSE,54.4,Churned,12/11/2025,Valid or active,Valid,FALSE,Lower Value,Churned,0
C00106,2025-03-01,46820.08,19145.87,27849.22,60,5,16,6,0,1,0,0,,0,1,4.9,TRUE,59.7,Churned,12/11/2025,Valid or active,Valid,FALSE,Lower Value,Churned,1
C00106,2025-04-01,43552.42,16800.89,17857.74,41,0,12,9,0,0,0,0,,1,0,4.4,TRUE,41.7,Churned,12/11/2025,Valid or active,Valid,FALSE,Lower Value,Churned,1
C00106,2025-05-01,37037.31,16261.3,17082.36,33,1,8,0,1,0,0,0,,0,2,5,TRUE,33.3,Churned,12/11/2025,Valid or active,Valid,FALSE,Lower Value,Churned,1
C00106,2025-06-01,32519.05,11920.77,10850.8,46,4,3,0,0,1,1,1,6.2,0,2,4.7,FALSE,38.3,Churned,12/11/2025,Valid or active,Valid,FALSE,Lower Value,Churned,0
C00106,2025-07-01,32675.6,14764.93,14994.72,49,4,10,13,0,1,1,0,,1,5,4.3,TRUE,46.7,Churned,12/11/2025,Valid or active,Valid,FALSE,Lower Value,Churned,1
C00106,2025-08-01,32490.61,10773.17,13123.37,46,2,11,15,0,0,0,0,,0,0,4.1,FALSE,44.8,Churned,12/11/2025,Valid or active,Valid,FALSE,Lower Value,Churned,0
C00106,2025-09-01,14118.88,19299.86,16848.24,36,4,11,13,1,1,0,1,1.7,2,9,4.7,TRUE,39.4,Churned,12/11/2025,Valid or active,Valid,FALSE,Lower Value,Churned,1
C00106,2025-10-01,15318.09,12649.4,14100.58,26,5,6,8,0,0,0,0,,3,13,4,FALSE,28.9,Churned,12/11/2025,Valid or active,Valid,FALSE,Lower Value,Churned,0
C00106,2025-11-01,18102.92,16390.12,15703.19,23,4,5,5,0,1,2,2,12,0,13,3.9,TRUE,25.6,Churned,12/11/2025,Valid or active,Valid,FALSE,Lower Value,Churned,1
C00106,2025-12-01,17756.65,20405.55,19928.66,28,3,1,1,0,1,0,0,,0,17,4.8,TRUE,24.5,Churned,12/11/2025,Valid or active,Valid,FALSE,Lower Value,Churned,1
C00107,2025-01-01,52701.15,22380.57,27231.95,59,28,10,16,1,0,0,0,,0,3,4,TRUE,68.5,Churned,9/12/2025,Valid or active,Valid,FALSE,Lower Value,Churned,1
C00107,2025-02-01,56669.63,27817.08,21529.61,51,28,6,7,1,1,0,0,,2,7,3.6,TRUE,59.7,Churned,9/12/2025,Valid or active,Valid,FALSE,Lower Value,Churned,1
C00107,2025-03-01,47362.88,24215.31,17875,40,21,14,16,1,0,0,0,,0,4,3.1,TRUE,57,Churned,9/12/2025,Valid or active,Valid,FALSE,Lower Value,Churned,1
C00107,2025-04-01,47305.14,22024.29,23128.52,41,22,6,8,1,1,0,0,,0,1,4.2,TRUE,50.6,Churned,9/12/2025,Valid or active,Valid,FALSE,Lower Value,Churned,1
C00107,2025-05-01,47391.65,28841.89,29359.46,27,17,11,14,1,0,1,0,,0,4,2.8,TRUE,44.1,Churned,9/12/2025,Valid or active,Valid,FALSE,Lower Value,Churned,1
C00107,2025-06-01,41864.61,18087.22,15772.29,38,21,11,15,0,0,1,1,6.3,0,11,3,TRUE,52.9,Churned,9/12/2025,Valid or active,Valid,FALSE,Lower Value,Churned,1
C00107,2025-07-01,37047.66,26241.4,25704.85,41,19,21,21,1,1,1,2,8.6,1,2,3.2,TRUE,63.3,Churned,9/12/2025,Valid or active,Valid,FALSE,Lower Value,Churned,1
C00107,2025-08-01,34366.61,21698.96,19091.83,27,13,11,13,0,2,0,0,,0,6,2.8,TRUE,42.3,Churned,9/12/2025,Valid or active,Valid,FALSE,Lower Value,Churned,1
C00107,2025-09-01,20305.08,25885.52,26965.74,24,19,6,10,2,0,1,1,8,0,18,3.5,TRUE,38.5,Churned,9/12/2025,Valid or active,Valid,FALSE,Lower Value,Churned,1
C00107,2025-10-01,17489.34,22068.35,22171.23,17,8,2,0,1,1,0,0,,1,12,4.1,TRUE,25.3,Churned,9/12/2025,Post-churn activity,Valid,TRUE,Lower Value,Churned,1
C00107,2025-11-01,14636.96,19169.28,23288.57,22,20,13,11,0,2,1,0,,0,2,3,TRUE,44.2,Churned,9/12/2025,Post-churn activity,Valid,TRUE,Lower Value,Churned,1
C00107,2025-12-01,15226.93,18565.74,21499.78,22,11,12,15,1,1,0,1,1.6,0,17,3.3,FALSE,39.2,Churned,9/12/2025,Post-churn activity,Valid,TRUE,Lower Value,Churned,0
C00108,2025-01-01,-5005.76,3060.43,7042.1,37,20,15,7,2,1,0,0,,1,0,3.6,FALSE,60.1,Active,,Valid or active,Valid,FALSE,Lower Value,Active,0
C00108,2025-02-01,-6117.85,3134.91,4083.38,40,28,10,3,3,3,1,1,3.6,0,0,3.2,FALSE,61,Active,,Valid or active,Valid,FALSE,Lower Value,Active,0
C00108,2025-03-01,-4451.43,3812.37,3769.94,22,7,13,9,2,0,0,0,,1,11,3,FALSE,42.8,Active,,Valid or active,Valid,FALSE,Lower Value,Active,0
C00108,2025-04-01,-4687.84,2821.56,4829.46,28,13,13,19,5,0,0,0,,0,3,3.8,FALSE,49.3,Active,,Valid or active,Valid,FALSE,Lower Value,Active,0
C00108,2025-05-01,-4386.1,4688.68,4250.13,20,7,9,0,2,1,0,0,,1,5,3.5,FALSE,37.8,Active,,Valid or active,Valid,FALSE,Lower Value,Active,0
C00108,2025-06-01,-6143.67,3269.72,5971.16,38,25,14,13,7,1,0,0,,2,5,3.2,FALSE,62.1,Active,,Valid or active,Valid,FALSE,Lower Value,Active,0
C00108,2025-07-01,-4602.65,3639.94,4394.31,29,11,12,11,1,0,1,1,1.3,0,12,2.8,FALSE,48.1,Active,,Valid or active,Valid,FALSE,Lower Value,Active,0
C00108,2025-08-01,-5491.58,4204.44,3942.12,26,10,10,11,3,0,0,0,,0,10,3.3,FALSE,43.9,Active,,Valid or active,Valid,FALSE,Lower Value,Active,0
C00108,2025-09-01,-6064,4065.18,4967.48,26,10,9,13,1,0,0,0,,0,15,3.1,FALSE,42.9,Active,,Valid or active,Valid,FALSE,Lower Value,Active,0
C00108,2025-10-01,-3767.24,3089.26,5211.78,31,18,11,9,3,0,0,0,,1,8,3.2,FALSE,51.6,Active,,Valid or active,Valid,FALSE,Lower Value,Active,0
C00108,2025-11-01,-4118.78,2990.04,3288.17,17,17,13,3,0,0,0,0,,1,13,3.5,FALSE,44.2,Active,,Valid or active,Valid,FALSE,Lower Value,Active,0
C00108,2025-12-01,-4660.01,3613.18,4920.49,23,11,10,5,5,0,0,0,,1,12,3.2,FALSE,42.4,Active,,Valid or active,Valid,FALSE,Lower Value,Active,0
C00109,2025-01-01,20807.03,21480.9,23863.57,61,5,10,0,0,2,0,0,,2,11,5,TRUE,54.1,Active,,Valid or active,Valid,FALSE,Lower Value,Active,1
C00109,2025-02-01,19304.81,22819.3,27177.89,52,5,16,16,1,0,0,0,,1,5,5,TRUE,54.7,Active,,Valid or active,Valid,FALSE,Lower Value,Active,1
C00109,2025-03-01,20600.84,17765.1,21593.25,51,6,15,14,0,1,0,0,,0,0,5,TRUE,53.5,Active,,Valid or active,Valid,FALSE,Lower Value,Active,1
C00109,2025-04-01,22044.13,11329.16,17690.8,59,2,21,20,0,0,1,0,,1,1,4.1,FALSE,62.4,Active,,Valid or active,Valid,FALSE,Lower Value,Active,0
C00109,2025-05-01,22278.49,22501.55,28503.74,64,6,20,24,0,1,0,0,,2,0,5,TRUE,63.9,Active,,Valid or active,Valid,FALSE,Lower Value,Active,1
C00109,2025-06-01,24617.22,14031.32,18699.75,83,10,15,17,0,0,1,2,0.5,0,0,5,TRUE,61.1,Active,,Valid or active,Valid,FALSE,Lower Value,Active,1
C00109,2025-07-01,23292.09,12248.42,20528.37,75,12,13,9,0,0,0,0,,1,5,4.7,FALSE,60.1,Active,,Valid or active,Valid,FALSE,Lower Value,Active,0
C00109,2025-08-01,24261.55,14806.84,19715.43,62,0,12,11,1,0,0,0,,2,0,4.9,TRUE,53.7,Active,,Valid or active,Valid,FALSE,Lower Value,Active,1
C00109,2025-09-01,21237.85,14841.52,24095.79,74,0,22,15,1,0,0,0,,0,0,5,TRUE,63,Active,,Valid or active,Valid,FALSE,Lower Value,Active,1
C00109,2025-10-01,25686.2,22330.66,23640.21,68,6,20,23,1,0,0,0,,0,7,4.9,TRUE,63.9,Active,,Valid or active,Valid,FALSE,Lower Value,Active,1
C00109,2025-11-01,29725.34,19796.8,21668.57,88,5,19,15,1,1,0,0,,0,0,5,TRUE,62.5,Active,,Valid or active,Valid,FALSE,Lower Value,Active,1
C00109,2025-12-01,25786.03,24030.26,25563.56,70,5,22,18,0,1,0,0,,0,1,5,TRUE,65.3,Active,,Valid or active,Valid,FALSE,Lower Value,Active,1
C00110,2025-01-01,103200.62,18273.6,14626.91,21,12,22,15,0,1,0,0,,0,4,3.9,TRUE,52.8,Active,,Valid or active,Valid,FALSE,Lower Value,Active,1
C00110,2025-02-01,119350.06,13617.76,11030.35,23,12,23,6,0,0,0,0,,0,12,,FALSE,55,Active,,Valid or active,Valid,FALSE,Lower Value,Active,0
C00110,2025-03-01,103140.25,20645.05,22065.73,24,15,21,19,1,2,0,0,,1,8,4.9,TRUE,55.2,Active,,Valid or active,Valid,FALSE,Lower Value,Active,1
C00110,2025-04-01,91265.92,19771.62,15238.59,25,13,17,14,0,0,0,0,,0,5,4.4,TRUE,51.1,Active,,Valid or active,Valid,FALSE,Lower Value,Active,1
C00110,2025-05-01,111588.23,27724.07,36822.71,40,25,21,23,1,1,0,0,,0,5,5,TRUE,69.9,Active,,Valid or active,Valid,FALSE,Lower Value,Active,1
C00110,2025-06-01,96448.13,25346.05,31402.28,31,16,17,15,1,1,0,0,,0,4,3.9,TRUE,56.3,Active,,Valid or active,Valid,FALSE,Lower Value,Active,1
C00110,2025-07-01,98768.24,22498.27,19576.07,25,8,23,18,1,0,0,0,,1,9,4.1,TRUE,54.5,Active,,Valid or active,Valid,FALSE,Lower Value,Active,1
C00110,2025-08-01,89966.26,24610.71,22677.38,41,31,26,20,1,0,0,0,,1,0,3.6,TRUE,77.9,Active,,Valid or active,Valid,FALSE,Lower Value,Active,1
C00110,2025-09-01,101310.54,22392.03,20122.2,18,6,20,21,0,1,0,0,,2,7,4.1,FALSE,46.3,Active,,Valid or active,Valid,FALSE,Lower Value,Active,0
C00110,2025-10-01,110258.12,19641.32,15673.64,28,14,18,10,0,0,0,0,,0,5,5,TRUE,54.4,Active,,Valid or active,Valid,FALSE,Lower Value,Active,1
C00110,2025-11-01,100808.69,19031.13,15473.16,14,10,23,22,1,0,0,0,,0,15,3.8,TRUE,48.4,Active,,Valid or active,Valid,FALSE,Lower Value,Active,1
C00110,2025-12-01,112761.37,24761.59,25174.06,32,20,27,17,2,0,0,0,,0,4,3.9,TRUE,68.1,Active,,Valid or active,Valid,FALSE,Lower Value,Active,1
C00111,2025-01-01,-6406.57,13571.25,17675.73,32,1,15,22,0,0,1,1,1.6,1,7,3.2,TRUE,43.7,Active,,Valid or active,Valid,FALSE,Lower Value,Active,1
C00111,2025-02-01,-5665.53,9304.56,10359.82,34,4,16,25,4,3,0,0,,0,3,3.9,TRUE,47.3,Active,,Valid or active,Valid,FALSE,Lower Value,Active,1
C00111,2025-03-01,-5933.31,10678.53,12482.93,20,2,21,12,0,1,0,0,,0,2,3.7,FALSE,42.2,Active,,Valid or active,Valid,FALSE,Lower Value,Active,0
C00111,2025-04-01,-6096.22,10793.92,14848.33,23,0,19,16,1,1,0,0,,0,2,4.1,FALSE,41.3,Active,,Valid or active,Valid,FALSE,Lower Value,Active,0
C00111,2025-05-01,-4860.65,8719.01,9835.58,23,12,20,20,1,1,0,0,,1,11,3.7,TRUE,47.7,Active,,Valid or active,Valid,FALSE,Lower Value,Active,1
C00111,2025-06-01,-4872.61,10286.48,12707.83,28,1,19,25,1,0,0,0,,0,0,4.5,FALSE,44.9,Active,,Valid or active,Valid,FALSE,Lower Value,Active,0
C00111,2025-07-01,-5133.51,9009.26,9987.15,22,2,18,20,1,1,0,0,,0,10,4.2,TRUE,40.6,Active,,Valid or active,Valid,FALSE,Lower Value,Active,1
C00111,2025-08-01,-6212.07,13222.76,19133.18,30,0,13,21,0,0,0,0,,2,9,4.2,TRUE,40.1,Active,,Valid or active,Valid,FALSE,Lower Value,Active,1
C00111,2025-09-01,-5082.99,11934.09,13821.16,25,0,14,21,0,1,0,0,,0,1,4.7,TRUE,37.9,Active,,Valid or active,Valid,FALSE,Lower Value,Active,1
C00111,2025-10-01,-5050.07,10093.41,10328.92,28,0,10,15,0,1,0,0,,1,8,3.8,TRUE,36.1,Active,,Valid or active,Valid,FALSE,Lower Value,Active,1
C00111,2025-11-01,-4618.64,9426.63,8890.02,26,0,8,18,0,1,0,0,,2,5,4.1,TRUE,32.9,Active,,Valid or active,Valid,FALSE,Lower Value,Active,1
C00111,2025-12-01,-5060.44,8540.59,10357.9,30,4,22,20,0,0,0,0,,1,9,3.8,FALSE,50.4,Active,,Valid or active,Valid,FALSE,Lower Value,Active,0
C00112,2025-01-01,41720.87,10030.22,11797.2,67,36,14,12,2,0,0,0,,1,2,4.6,TRUE,76.1,Active,,Valid or active,Valid,FALSE,Lower Value,Active,1
C00112,2025-02-01,46414.48,9141.24,12848.22,51,29,10,9,0,0,0,0,,0,8,3.7,TRUE,63.9,Active,,Valid or active,Valid,FALSE,Lower Value,Active,1
C00112,2025-03-01,43241.12,10626.4,9700.05,49,26,9,0,0,0,0,0,,0,3,4,TRUE,60.3,Active,,Valid or active,Valid,FALSE,Lower Value,Active,1
C00112,2025-04-01,41780.26,11996.78,12703.84,41,31,8,7,0,0,0,0,,1,10,3.3,TRUE,56.6,Active,,Valid or active,Valid,FALSE,Lower Value,Active,1
C00112,2025-05-01,43469.53,8465.03,10694.54,29,17,12,8,1,1,0,0,,1,2,4.2,TRUE,46.3,Active,,Valid or active,Valid,FALSE,Lower Value,Active,1
C00112,2025-06-01,37581.17,8642.95,12950.5,45,24,13,11,0,0,0,0,,0,5,4.6,TRUE,60.6,Active,,Valid or active,Valid,FALSE,Lower Value,Active,1
C00112,2025-07-01,37212.18,9713.58,16202.99,44,27,12,7,1,0,1,1,3.8,1,0,4.3,TRUE,60.4,Active,,Valid or active,Valid,FALSE,Lower Value,Active,1
C00112,2025-08-01,37271.23,11916.09,17570.38,62,32,6,2,0,0,0,0,,3,6,3,TRUE,67.2,Active,,Valid or active,Valid,FALSE,Lower Value,Active,1
C00112,2025-09-01,41983.17,8640.14,10342.12,39,20,1,2,0,0,0,0,,0,11,4,TRUE,43.8,Active,,Valid or active,Valid,FALSE,Lower Value,Active,1
C00112,2025-10-01,36032.33,8294.98,13562.28,44,23,14,15,1,0,0,0,,0,0,4.2,FALSE,60.4,Active,,Valid or active,Valid,FALSE,Lower Value,Active,0
C00112,2025-11-01,40972.92,11969,13404.46,36,18,7,3,0,0,0,0,,0,1,4,TRUE,46.6,Active,,Valid or active,Valid,FALSE,Lower Value,Active,1
C00112,2025-12-01,40806.22,10032.29,15524.11,44,26,8,4,1,0,0,0,,1,13,4.4,TRUE,56.2,Active,,Valid or active,Valid,FALSE,Lower Value,Active,1
C00113,2025-01-01,46109.17,11679.35,16207.05,53,7,8,17,0,2,0,0,,0,9,4.9,TRUE,53.2,Churned,11/24/2025,Valid or active,Valid,FALSE,High Value,Churned,1
C00113,2025-02-01,51897.86,15112.97,16972.78,37,0,7,7,2,1,1,1,1.9,0,6,4,TRUE,39,Churned,11/24/2025,Valid or active,Valid,FALSE,High Value,Churned,1
C00113,2025-03-01,45423.37,11772.77,11344.85,38,0,9,15,0,0,0,0,,0,12,4.2,TRUE,41.5,Churned,11/24/2025,Valid or active,Valid,FALSE,High Value,Churned,1
C00113,2025-04-01,58494.41,13005.27,12388.06,30,1,13,11,0,0,0,0,,0,0,3.4,TRUE,40.6,Churned,11/24/2025,Valid or active,Valid,FALSE,High Value,Churned,1
C00113,2025-05-01,53902.65,12128.64,17656.83,53,5,6,3,0,1,0,0,,0,0,4.2,TRUE,50.5,Churned,11/24/2025,Valid or active,Valid,FALSE,High Value,Churned,1
C00113,2025-06-01,49523.7,14817.45,15286.83,54,7,2,0,2,1,0,0,,3,7,3.9,TRUE,48.3,Churned,11/24/2025,Valid or active,Valid,FALSE,High Value,Churned,1
C00113,2025-07-01,52413.76,14343.09,16305.61,47,5,6,1,0,1,0,0,,0,4,3.3,TRUE,46.7,Churned,11/24/2025,Valid or active,Valid,FALSE,High Value,Churned,1
C00113,2025-08-01,41110.73,15404.93,20088.92,38,0,6,10,1,0,1,0,,1,4,3.6,TRUE,38.7,Churned,11/24/2025,Valid or active,Valid,FALSE,High Value,Churned,1
C00113,2025-09-01,52373.59,11395.99,15961.31,45,5,9,16,2,0,0,1,9.4,1,7,3.2,TRUE,48.2,Churned,11/24/2025,Valid or active,Valid,FALSE,High Value,Churned,1
C00113,2025-10-01,47203.46,9869.23,12317.58,29,0,8,8,1,0,0,0,,0,9,3.9,FALSE,34.8,Churned,11/24/2025,Valid or active,Valid,FALSE,High Value,Churned,0
C00113,2025-11-01,49028.12,14697.42,20551.5,28,2,9,10,0,0,0,0,,0,9,4.3,TRUE,36,Churned,11/24/2025,Valid or active,Valid,FALSE,High Value,Churned,1
C00113,2025-12-01,47086.51,13648.88,12755.16,34,0,12,15,0,0,0,0,,3,5,2.9,TRUE,41.7,Churned,11/24/2025,Post-churn activity,Valid,TRUE,High Value,Churned,1
C00114,2025-01-01,24100.47,12028.32,21067.22,58,36,20,24,3,0,0,0,,0,1,5,TRUE,89.4,Churned,12/23/2025,Valid or active,Valid,FALSE,High Value,Churned,1
C00114,2025-02-01,27607.39,14725.47,17914.09,54,30,20,23,0,0,1,1,1.7,0,9,,TRUE,84.6,Churned,12/23/2025,Valid or active,Valid,FALSE,High Value,Churned,1
C00114,2025-03-01,26183.96,16895.13,22161.6,34,19,12,13,0,0,0,0,,1,0,4.6,TRUE,59.4,Churned,12/23/2025,Valid or active,Valid,FALSE,High Value,Churned,1
C00114,2025-04-01,27262.26,14452.8,15823.54,43,29,13,21,0,0,1,1,5.3,1,11,4.4,FALSE,70.6,Churned,12/23/2025,Valid or active,Valid,FALSE,High Value,Churned,0
C00114,2025-05-01,26435.19,14356.69,11398.55,46,23,9,13,0,0,0,0,,0,6,4,TRUE,66,Churned,12/23/2025,Valid or active,Valid,FALSE,High Value,Churned,1
C00114,2025-06-01,26303.7,17843.05,26097.1,52,28,15,13,3,0,0,0,,4,0,4.3,TRUE,77.7,Churned,12/23/2025,Valid or active,Valid,FALSE,High Value,Churned,1
C00114,2025-07-01,27669.34,10586.45,17340.9,60,35,23,27,1,0,0,0,,1,5,3.9,TRUE,93.5,Churned,12/23/2025,Valid or active,Valid,FALSE,High Value,Churned,1
C00114,2025-08-01,24989.96,12983.05,16647.07,59,30,23,31,1,0,0,0,,0,1,4.9,TRUE,90.5,Churned,12/23/2025,Valid or active,Valid,FALSE,High Value,Churned,1
C00114,2025-09-01,22294.79,16947.44,20138.9,47,28,17,29,0,0,0,0,,0,5,4.7,TRUE,76.4,Churned,12/23/2025,Valid or active,Valid,FALSE,High Value,Churned,1
C00114,2025-10-01,23826.41,14409,14245.58,32,14,10,14,2,1,0,0,,1,7,4.4,TRUE,54,Churned,12/23/2025,Valid or active,Valid,FALSE,High Value,Churned,1
C00114,2025-11-01,27006.73,12664.67,12338.77,40,23,18,24,1,1,0,0,,0,1,4.2,FALSE,70.6,Churned,12/23/2025,Valid or active,Valid,FALSE,High Value,Churned,0
C00114,2025-12-01,20879,15448.19,17562.59,45,24,18,22,0,1,0,0,,2,8,4,TRUE,74.3,Churned,12/23/2025,Valid or active,Valid,FALSE,High Value,Churned,1
C00115,2025-01-01,25005.73,8669.47,9344.04,36,0,19,18,0,2,0,0,,0,0,4.1,TRUE,49.5,Churned,10/15/2025,Valid or active,Valid,FALSE,High Value,Churned,1
C00115,2025-02-01,24334.97,11287.49,8741.97,30,0,13,21,1,1,0,0,,0,2,3.8,TRUE,40.1,Churned,10/15/2025,Valid or active,Valid,FALSE,High Value,Churned,1
C00115,2025-03-01,23001.98,12059.77,16846.64,35,4,11,13,2,0,0,0,,1,4,,TRUE,43.3,Churned,10/15/2025,Valid or active,Valid,FALSE,High Value,Churned,1
C00115,2025-04-01,22849.8,7654.24,6752.55,20,0,13,21,0,0,0,0,,0,17,3.6,TRUE,33.8,Churned,10/15/2025,Valid or active,Valid,FALSE,High Value,Churned,1
C00115,2025-05-01,19383.14,7962,8212.88,31,6,5,0,1,1,1,0,,1,12,3.9,TRUE,36,Churned,10/15/2025,Valid or active,Valid,FALSE,High Value,Churned,1
C00115,2025-06-01,18496.54,10047.43,12193.45,20,4,2,2,0,0,0,1,1.9,1,10,3.6,TRUE,25.4,Churned,10/15/2025,Valid or active,Valid,FALSE,High Value,Churned,1
C00115,2025-07-01,15856.02,12929.77,13309.35,27,0,17,22,0,0,0,0,,0,3,3.4,TRUE,42,Churned,10/15/2025,Valid or active,Valid,FALSE,High Value,Churned,1
C00115,2025-08-01,18177.52,9205.91,11111.6,17,0,7,8,0,0,1,0,,0,16,3.1,TRUE,26.3,Churned,10/15/2025,Valid or active,Valid,FALSE,High Value,Churned,1
C00115,2025-09-01,10637.63,8625.19,8642.07,14,3,15,16,0,0,1,2,4.2,0,13,2.8,FALSE,33.2,Churned,10/15/2025,Valid or active,Valid,FALSE,High Value,Churned,0
C00115,2025-10-01,10028.03,10522.46,12903.48,25,3,10,9,0,3,0,0,,1,5,3.5,TRUE,35.5,Churned,10/15/2025,Valid or active,Valid,FALSE,High Value,Churned,1
C00115,2025-11-01,9031.64,7504.19,7193.89,14,2,11,11,0,2,0,0,,0,16,2.9,TRUE,29,Churned,10/15/2025,Post-churn activity,Valid,TRUE,High Value,Churned,1
C00115,2025-12-01,8554.17,11985.34,13217.89,24,0,8,16,0,2,0,0,,1,9,3.3,TRUE,31.7,Churned,10/15/2025,Post-churn activity,Valid,TRUE,High Value,Churned,1
C00116,2025-01-01,55561.66,16095.82,18934.73,38,20,19,10,0,2,1,0,,0,4,2.8,TRUE,64.4,Active,,Valid or active,Valid,FALSE,High Value,Active,1
C00116,2025-02-01,57793.35,17203.85,17176.97,48,30,22,20,2,1,0,0,,0,9,3.7,TRUE,78.1,Active,,Valid or active,Valid,FALSE,High Value,Active,1
C00116,2025-03-01,62196.02,18136.23,15260.97,36,25,24,21,1,0,0,1,3.4,1,0,3.6,TRUE,70.1,Active,,Valid or active,Valid,FALSE,High Value,Active,1
C00116,2025-04-01,61419.23,14501.58,16288.91,43,25,25,19,1,1,0,0,,0,0,4.4,FALSE,75.5,Active,,Valid or active,Valid,FALSE,High Value,Active,0
C00116,2025-05-01,69405.18,17272.5,14022.24,29,19,22,19,0,0,0,0,,0,1,2.7,TRUE,61.1,Active,,Valid or active,Valid,FALSE,High Value,Active,1
C00116,2025-06-01,69751.53,11581.57,15853.57,32,19,21,17,1,3,0,0,,3,4,3.5,TRUE,62.1,Active,,Valid or active,Valid,FALSE,High Value,Active,1
C00116,2025-07-01,63144.19,19862.53,18956.09,44,23,23,26,1,0,0,0,,0,0,2.9,TRUE,73.3,Active,,Valid or active,Valid,FALSE,High Value,Active,1
C00116,2025-08-01,76782.79,18747.89,21843.06,49,29,25,30,0,0,1,1,5.4,0,3,3.2,TRUE,81.1,Active,,Valid or active,Valid,FALSE,High Value,Active,1
C00116,2025-09-01,83948.96,15239.67,18527.13,26,17,20,23,1,0,0,0,,0,7,2.7,TRUE,56.4,Active,,Valid or active,Valid,FALSE,High Value,Active,1
C00116,2025-10-01,64455.68,18910.68,14106.92,22,14,29,18,2,0,0,0,,0,5,4.1,TRUE,60.9,Active,,Valid or active,Valid,FALSE,High Value,Active,1
C00116,2025-11-01,78025.34,18653.16,20770.17,57,30,38,34,0,0,0,0,,0,12,3.3,TRUE,91.3,Active,,Valid or active,Valid,FALSE,High Value,Active,1
C00116,2025-12-01,86425.14,12237.55,16784.37,26,16,34,33,1,0,0,0,,1,11,2.9,TRUE,65.3,Active,,Valid or active,Valid,FALSE,High Value,Active,1
C00117,2025-01-01,32149.84,10238.95,13563.41,49,38,13,16,2,2,1,0,,1,4,3.5,TRUE,68.2,Active,,Valid or active,Valid,FALSE,High Value,Active,1
C00117,2025-02-01,37488.76,6158.52,7270.13,33,20,18,26,0,1,0,0,,0,2,2.8,TRUE,55.8,Active,,Valid or active,Valid,FALSE,High Value,Active,1
C00117,2025-03-01,38686.26,9693.52,15044.75,46,26,8,7,2,1,2,1,5.9,2,0,2.8,TRUE,57.5,Active,,Valid or active,Valid,FALSE,High Value,Active,1
C00117,2025-04-01,36659.87,7588.41,7718.53,45,18,15,11,0,1,1,0,,0,12,3.3,TRUE,59.7,Active,,Valid or active,Valid,FALSE,High Value,Active,1
C00117,2025-05-01,32101.37,10246.93,15078.32,43,23,15,17,0,1,0,2,6.2,2,1,,TRUE,60.7,Active,,Valid or active,Valid,FALSE,High Value,Active,1
C00117,2025-06-01,28913.81,6749.35,11429.23,37,17,8,8,0,4,3,1,8.7,3,8,2.6,TRUE,47.7,Active,,Valid or active,Valid,FALSE,High Value,Active,1
C00117,2025-07-01,27647.07,6984.5,7851.78,50,23,12,14,1,2,1,1,7.2,1,2,3.3,FALSE,62.4,Active,,Valid or active,Valid,FALSE,High Value,Active,0
C00117,2025-08-01,32663.75,9297.2,10799.55,52,31,9,12,1,1,0,1,7,2,4,4,TRUE,64.5,Active,,Valid or active,Valid,FALSE,High Value,Active,1
C00117,2025-09-01,28684.8,6883.16,6039.52,37,31,11,11,1,0,2,1,9.4,2,2,3.2,TRUE,56.9,Active,,Valid or active,Valid,FALSE,High Value,Active,1
C00117,2025-10-01,28783.55,5990.32,6300.33,31,10,19,20,1,2,0,2,10.4,2,1,2.9,TRUE,50.9,Active,,Valid or active,Valid,FALSE,High Value,Active,1
C00117,2025-11-01,31777.06,6384.17,9002.95,48,28,10,12,1,3,1,1,17,3,4,3.4,FALSE,61.5,Active,,Valid or active,Valid,FALSE,High Value,Active,0
C00117,2025-12-01,26747.48,10096.07,13284.35,50,35,11,15,3,0,0,0,,1,1,3.7,TRUE,66.9,Active,,Valid or active,Valid,FALSE,High Value,Active,1
C00118,2025-01-01,28790.95,12181.1,17266.12,66,38,19,28,1,0,0,0,,0,3,2.3,FALSE,85.2,Active,,Valid or active,Valid,FALSE,Lower Value,Active,0
C00118,2025-02-01,33388.33,17319.48,16654.14,44,30,19,18,2,4,1,0,,0,0,1.8,TRUE,72.8,Active,,Valid or active,Valid,FALSE,Lower Value,Active,1
C00118,2025-03-01,32487.12,14674.45,15396.01,42,20,22,29,1,3,1,0,,2,0,2.4,TRUE,69.8,Active,,Valid or active,Valid,FALSE,Lower Value,Active,1
C00118,2025-04-01,30046.77,17741.31,17251.31,45,28,16,21,3,2,1,2,7.2,0,3,1.6,TRUE,69.7,Active,,Valid or active,Valid,FALSE,Lower Value,Active,1
C00118,2025-05-01,33646.04,14294.59,14829.53,43,19,28,35,1,1,1,2,10.6,2,2,1.2,TRUE,75.6,Active,,Valid or active,Valid,FALSE,Lower Value,Active,1
C00118,2025-06-01,32847.21,20133.41,26516.18,57,33,20,25,1,0,0,0,,3,11,2.2,TRUE,83.4,Active,,Valid or active,Valid,FALSE,Lower Value,Active,1
C00118,2025-07-01,34690.44,16479.84,15971.49,53,36,19,27,1,1,1,0,,2,0,2.8,TRUE,80.8,Active,,Valid or active,Valid,FALSE,Lower Value,Active,1
C00118,2025-08-01,24100.19,11125.76,15444.16,42,19,20,43,1,2,1,1,9.3,0,0,2.9,FALSE,67.5,Active,,Valid or active,Valid,FALSE,Lower Value,Active,0
C00118,2025-09-01,26825.82,12503.65,16752.51,51,32,16,15,3,0,1,0,,0,2,2.4,TRUE,75.4,Active,,Valid or active,Valid,FALSE,Lower Value,Active,1
C00118,2025-10-01,31184.05,20685.5,27450.29,53,27,13,15,2,2,1,0,,3,10,1.8,TRUE,71.5,Active,,Valid or active,Valid,FALSE,Lower Value,Active,1
C00118,2025-11-01,25148.23,18679.52,19793.64,37,22,20,28,3,3,1,0,,4,0,2.1,TRUE,65.7,Active,,Valid or active,Valid,FALSE,Lower Value,Active,1
C00118,2025-12-01,27180.26,13942.09,20129.04,27,13,17,15,1,3,2,3,13.9,1,0,1.7,FALSE,52.4,Active,,Valid or active,Valid,FALSE,Lower Value,Active,0
C00119,2025-01-01,43844.97,14346.32,21679.82,77,49,5,1,2,1,0,0,,2,4,3.1,TRUE,72.2,Active,,Valid or active,Valid,FALSE,High Value,Active,1
C00119,2025-02-01,46195.92,13325.17,19108.64,67,37,0,0,0,2,0,0,,1,0,3.5,TRUE,67.5,Active,,Valid or active,Valid,FALSE,High Value,Active,1
C00119,2025-03-01,47166.93,15433.23,13806.29,59,28,0,0,0,0,0,0,,1,16,3.5,TRUE,63.7,Active,,Valid or active,Valid,FALSE,High Value,Active,1
C00119,2025-04-01,45451.57,11789.36,16851.17,59,38,5,8,1,1,0,0,,0,12,3.6,TRUE,71.5,Active,,Valid or active,Valid,FALSE,High Value,Active,1
C00119,2025-05-01,46328.39,9856.33,14214.63,55,35,3,0,0,1,0,0,,0,0,3.1,TRUE,67.1,Active,,Valid or active,Valid,FALSE,High Value,Active,1
C00119,2025-06-01,45026.82,12099.17,20293.76,57,35,0,5,0,1,0,0,,2,7,2.9,TRUE,65.6,Active,,Valid or active,Valid,FALSE,High Value,Active,1
C00119,2025-07-01,41176.82,10977.27,11531.53,54,30,0,1,2,0,0,0,,0,8,3.1,FALSE,61.4,Active,,Valid or active,Valid,FALSE,High Value,Active,0
C00119,2025-08-01,43735.42,16955.49,19474.28,62,41,2,0,1,0,0,0,,0,0,3.5,TRUE,69.4,Active,,Valid or active,Valid,FALSE,High Value,Active,1
C00119,2025-09-01,43140.55,15503.19,14628.14,45,30,2,0,1,0,0,0,,1,11,3.5,TRUE,57.6,Active,,Valid or active,Valid,FALSE,High Value,Active,1
C00119,2025-10-01,45517.68,11176.31,12880.41,34,19,0,3,0,0,0,0,,0,9,3.8,TRUE,43.7,Active,,Valid or active,Valid,FALSE,High Value,Active,1
C00119,2025-11-01,46621.65,8815.54,11223.83,53,32,0,12,0,0,0,0,,1,11,3.3,FALSE,61.7,Active,,Valid or active,Valid,FALSE,High Value,Active,0
C00119,2025-12-01,39835.05,13484.91,11415.21,59,26,2,2,0,0,0,0,,0,3,3.2,TRUE,64.6,Active,,Valid or active,Valid,FALSE,High Value,Active,1
C00120,2025-01-01,68689.39,16527.59,20074.71,73,46,15,18,1,1,0,0,,1,7,4.7,TRUE,81.5,Active,,Valid or active,Valid,FALSE,High Value,Active,1
C00120,2025-02-01,77261.66,18867.84,16459.78,70,39,11,11,0,0,0,0,,1,13,4.4,TRUE,77.8,Active,,Valid or active,Valid,FALSE,High Value,Active,1
C00120,2025-03-01,71630.78,12537.94,17588.9,66,37,14,15,1,0,0,0,,0,0,4.9,TRUE,80.6,Active,,Valid or active,Valid,FALSE,High Value,Active,1
C00120,2025-04-01,65655.57,14597.9,17198.87,63,35,15,11,0,1,1,1,7.3,3,5,4.5,TRUE,81.5,Active,,Valid or active,Valid,FALSE,High Value,Active,1
C00120,2025-05-01,73893.41,18377.42,23396.26,67,41,9,1,0,0,0,0,,2,1,4.2,TRUE,75.9,Active,,Valid or active,Valid,FALSE,High Value,Active,1
C00120,2025-06-01,71487.41,20446.39,17398.32,62,32,16,22,0,0,0,0,,0,6,5,TRUE,81.1,Active,,Valid or active,Valid,FALSE,High Value,Active,1
C00120,2025-07-01,69594.86,20898.83,24955.86,71,40,11,7,1,0,0,0,,1,8,4.6,TRUE,77.8,Active,,Valid or active,Valid,FALSE,High Value,Active,1
C00120,2025-08-01,62642.17,21105.43,26335.52,69,48,13,11,1,1,0,0,,0,4,3.9,TRUE,79.6,Active,,Valid or active,Valid,FALSE,High Value,Active,1
C00120,2025-09-01,72279.85,12846.14,16535.82,70,45,9,10,1,0,0,0,,0,3,4.4,TRUE,75.9,Active,,Valid or active,Valid,FALSE,High Value,Active,1
C00120,2025-10-01,64604.21,12384.54,15946.55,46,31,15,22,1,1,0,0,,3,6,3.8,TRUE,70.8,Active,,Valid or active,Valid,FALSE,High Value,Active,1
C00120,2025-11-01,62308.55,15965.96,18573.12,71,39,11,7,0,1,0,0,,0,1,3.8,TRUE,77.8,Active,,Valid or active,Valid,FALSE,High Value,Active,1
C00120,2025-12-01,62760.78,15975.87,19940.5,67,43,7,9,1,0,0,0,,1,12,5,TRUE,74,Active,,Valid or active,Valid,FALSE,High Value,Active,1
C00121,2025-01-01,20458.65,10460.54,13211.21,18,2,5,0,0,0,0,0,,0,20,3.7,TRUE,21.5,Active,,Valid or active,Valid,FALSE,Lower Value,Active,1
C00121,2025-02-01,22719.46,16100.76,11632.4,18,0,8,19,2,1,0,0,,0,17,3.2,TRUE,23.4,Active,,Valid or active,Valid,FALSE,Lower Value,Active,1
C00121,2025-03-01,19374.13,16846.96,18788.54,17,2,11,19,4,0,0,0,,0,8,3.2,TRUE,26.4,Active,,Valid or active,Valid,FALSE,Lower Value,Active,1
C00121,2025-04-01,20402.25,9950.82,10868.44,17,2,2,3,4,0,0,0,,0,12,2.5,TRUE,18,Active,,Valid or active,Valid,FALSE,Lower Value,Active,1
C00121,2025-05-01,15788.55,8013.1,9612.49,30,1,5,0,2,0,0,0,,0,8,4.1,FALSE,28.6,Active,,Valid or active,Valid,FALSE,Lower Value,Active,0
C00121,2025-06-01,16904.83,15657.79,16852,13,4,11,2,0,1,0,0,,0,14,3.8,TRUE,24.8,Active,,Valid or active,Valid,FALSE,Lower Value,Active,1
C00121,2025-07-01,20464.26,11958.41,13455.82,14,4,16,6,4,0,1,1,1.3,0,14,3.7,TRUE,30.1,Active,,Valid or active,Valid,FALSE,Lower Value,Active,1
C00121,2025-08-01,23089.99,11908.49,14131.18,19,3,2,0,4,0,0,0,,1,15,3.2,TRUE,19.8,Active,,Valid or active,Valid,FALSE,Lower Value,Active,1
C00121,2025-09-01,20627.17,9844.65,6963.91,20,5,1,0,3,0,0,0,,1,12,3.3,FALSE,20.4,Active,,Valid or active,Valid,FALSE,Lower Value,Active,0
C00121,2025-10-01,22263.93,10961.9,11137.47,16,5,0,5,2,0,0,0,,0,17,3.5,TRUE,16.9,Active,,Valid or active,Valid,FALSE,Lower Value,Active,1
C00121,2025-11-01,17042.47,10149.18,9050.51,5,4,10,16,1,0,0,0,,0,22,3.6,TRUE,18.8,Active,,Valid or active,Valid,FALSE,Lower Value,Active,1
C00121,2025-12-01,16643.32,17424.92,12555.03,16,2,4,7,1,0,1,0,,0,25,3.6,TRUE,19.3,Active,,Valid or active,Valid,FALSE,Lower Value,Active,1
C00122,2025-01-01,34940.02,11824.51,12892.18,42,1,17,10,3,0,0,0,,2,2,3,TRUE,56.4,Active,,Valid or active,Valid,FALSE,High Value,Active,1
C00122,2025-02-01,37991.82,8999.47,14083.34,63,8,20,24,0,1,0,0,,1,0,4.1,TRUE,73.8,Active,,Valid or active,Valid,FALSE,High Value,Active,1
C00122,2025-03-01,36617.14,8810.36,14210.78,56,2,14,17,1,0,0,0,,0,0,3.4,TRUE,62.9,Active,,Valid or active,Valid,FALSE,High Value,Active,1
C00122,2025-04-01,38304.43,7431.79,8688.29,44,3,15,17,0,1,0,0,,0,1,3.1,TRUE,56.7,Active,,Valid or active,Valid,FALSE,High Value,Active,1
C00122,2025-05-01,38343.93,8138.61,10816.04,49,5,16,17,0,0,0,0,,2,3,2.3,TRUE,61.8,Active,,Valid or active,Valid,FALSE,High Value,Active,1
C00122,2025-06-01,37069.3,8927.23,10210.61,63,3,15,16,0,1,0,0,,0,6,3.2,TRUE,66.9,Active,,Valid or active,Valid,FALSE,High Value,Active,1
C00122,2025-07-01,43108.8,8363.42,10819.78,64,7,15,18,0,0,0,0,,1,0,3.2,TRUE,68.7,Active,,Valid or active,Valid,FALSE,High Value,Active,1
C00122,2025-08-01,42922.56,11908.47,9790.7,51,6,17,13,0,1,0,0,,1,1,3.1,TRUE,64.4,Active,,Valid or active,Valid,FALSE,High Value,Active,1
C00122,2025-09-01,48279.69,11274.14,14904.26,64,6,20,17,0,0,0,0,,0,8,2.1,TRUE,72.9,Active,,Valid or active,Valid,FALSE,High Value,Active,1
C00122,2025-10-01,50470.18,6661.19,10870.95,60,7,18,15,1,0,0,0,,0,0,3.9,TRUE,71.5,Active,,Valid or active,Valid,FALSE,High Value,Active,1
C00122,2025-11-01,49381.01,8383.9,11713.26,52,0,20,12,0,0,0,0,,2,0,2.7,TRUE,65.1,Active,,Valid or active,Valid,FALSE,High Value,Active,1
C00122,2025-12-01,46776.1,7315.97,7556.33,59,9,22,16,0,0,0,0,,0,3,3.8,TRUE,75.5,Active,,Valid or active,Valid,FALSE,High Value,Active,1
C00123,2025-01-01,9894.66,13581.01,11730.71,50,31,13,15,0,0,1,1,0.8,0,2,5,TRUE,71.5,Active,,Valid or active,Valid,FALSE,High Value,Active,1
C00123,2025-02-01,11898.76,13763.23,16972.03,59,29,16,14,0,0,0,0,,0,1,4.8,TRUE,79.1,Active,,Valid or active,Valid,FALSE,High Value,Active,1
C00123,2025-03-01,12588.15,11209.47,18454.61,49,30,14,14,3,1,0,0,,0,1,4.7,TRUE,71.3,Active,,Valid or active,Valid,FALSE,High Value,Active,1
C00123,2025-04-01,12595.87,12044.67,18858.45,49,30,14,15,0,2,0,0,,0,0,4.7,TRUE,71.3,Active,,Valid or active,Valid,FALSE,High Value,Active,1
C00123,2025-05-01,12968.12,13776.53,12238.05,34,19,9,0,1,0,0,0,,0,6,4.6,TRUE,52.1,Active,,Valid or active,Valid,FALSE,High Value,Active,1
C00123,2025-06-01,12667.95,13898.82,17407.04,43,22,16,9,1,0,0,0,,0,0,4.7,TRUE,65.7,Active,,Valid or active,Valid,FALSE,High Value,Active,1
C00123,2025-07-01,11469.77,12271.61,20590.81,57,30,5,1,0,0,0,0,,2,7,4.7,TRUE,68,Active,,Valid or active,Valid,FALSE,High Value,Active,1
C00123,2025-08-01,11599.76,8949.92,11209.49,47,20,9,16,0,0,0,0,,1,3,4.8,TRUE,60.8,Active,,Valid or active,Valid,FALSE,High Value,Active,1
C00123,2025-09-01,12233.18,11241.67,9040.61,50,39,15,19,1,0,0,0,,3,3,4.8,TRUE,75.2,Active,,Valid or active,Valid,FALSE,High Value,Active,1
C00123,2025-10-01,10772.2,15437.79,12009.63,45,30,15,22,0,2,0,0,,1,0,4.4,TRUE,69.7,Active,,Valid or active,Valid,FALSE,High Value,Active,1
C00123,2025-11-01,13567.78,11341.25,13485.08,38,22,17,23,0,0,0,0,,2,3,4.9,TRUE,63.5,Active,,Valid or active,Valid,FALSE,High Value,Active,1
C00123,2025-12-01,12891.57,10885.6,13529.82,42,30,12,13,1,0,0,0,,2,0,4.7,TRUE,65,Active,,Valid or active,Valid,FALSE,High Value,Active,1
C00124,2025-01-01,7211.52,9911.96,11527.48,18,14,0,0,5,0,0,0,,2,19,4.6,TRUE,31.3,Churned,9/11/2025,Valid or active,Valid,FALSE,Lower Value,Churned,1
C00124,2025-02-01,4631.41,8235.23,11491.19,21,8,5,2,2,1,0,0,,0,2,5,TRUE,35.1,Churned,9/11/2025,Valid or active,Valid,FALSE,Lower Value,Churned,1
C00124,2025-03-01,4030.71,7423.79,5949.21,21,6,0,0,3,0,0,0,,2,18,4.9,TRUE,29.5,Churned,9/11/2025,Valid or active,Valid,FALSE,Lower Value,Churned,1
C00124,2025-04-01,4715.17,6451.49,6597.39,14,5,3,9,1,1,0,0,,0,14,4.3,TRUE,27.5,Churned,9/11/2025,Valid or active,Valid,FALSE,Lower Value,Churned,1
C00124,2025-05-01,2941.13,5527.76,5162.59,4,3,0,2,0,0,1,0,,1,30,5,FALSE,17.4,Churned,9/11/2025,Valid or active,Valid,FALSE,Lower Value,Churned,0
C00124,2025-06-01,6588.72,6447.86,4310.35,1,1,0,0,3,0,0,1,2.1,0,30,4.1,FALSE,14.6,Churned,9/11/2025,Valid or active,Valid,FALSE,Lower Value,Churned,0
C00124,2025-07-01,5070.11,7567.9,10333.49,12,12,0,0,1,0,0,0,,0,21,5,TRUE,26.6,Churned,9/11/2025,Valid or active,Valid,FALSE,Lower Value,Churned,1
C00124,2025-08-01,4061.92,9682.03,13117.14,18,11,1,2,4,0,0,0,,0,18,4.4,TRUE,30.9,Churned,9/11/2025,Valid or active,Valid,FALSE,Lower Value,Churned,1
C00124,2025-09-01,6414.32,8666.82,6017.58,3,0,3,0,1,0,0,0,,0,30,4.5,TRUE,18.2,Churned,9/11/2025,Valid or active,Valid,FALSE,Lower Value,Churned,1
C00124,2025-10-01,5211.38,6111.78,8053.92,17,7,0,0,5,1,0,0,,0,19,5,TRUE,27.5,Churned,9/11/2025,Post-churn activity,Valid,TRUE,Lower Value,Churned,1
C00124,2025-11-01,4075.14,7107.09,5165.26,7,3,0,0,3,0,0,0,,1,21,4.3,TRUE,19.3,Churned,9/11/2025,Post-churn activity,Valid,TRUE,Lower Value,Churned,1
C00124,2025-12-01,3978.44,8435.44,9575.04,29,17,0,0,0,0,0,0,,0,8,5,TRUE,39.6,Churned,9/11/2025,Post-churn activity,Valid,TRUE,Lower Value,Churned,1
C00125,2025-01-01,11848.47,4657.39,7001.79,23,3,2,8,1,0,0,0,,0,3,4.5,FALSE,22.3,Active,,Valid or active,Valid,FALSE,Lower Value,Active,0
C00125,2025-02-01,10684.36,5240.77,5138.37,3,0,9,8,0,0,0,0,,0,24,4.7,FALSE,14.8,Active,,Valid or active,Valid,FALSE,Lower Value,Active,0
C00125,2025-03-01,12128.04,4071.79,5237.93,21,9,4,0,0,1,0,0,,1,17,4.5,FALSE,25.6,Active,,Valid or active,Valid,FALSE,Lower Value,Active,0
C00125,2025-04-01,12539.05,4311.47,5666.19,11,4,7,10,0,0,0,0,,0,29,4.8,FALSE,19.8,Active,,Valid or active,Valid,FALSE,Lower Value,Active,0
C00125,2025-05-01,12077.14,5019.54,5076.78,14,0,11,22,0,0,0,0,,0,22,4.7,FALSE,23.6,Active,,Valid or active,Valid,FALSE,Lower Value,Active,0
C00125,2025-06-01,11498.85,3594.13,5155.83,26,2,5,3,0,1,0,0,,0,6,4.9,FALSE,26.5,Active,,Valid or active,Valid,FALSE,Lower Value,Active,0
C00125,2025-07-01,13297.54,3616.88,5106.23,19,0,5,8,1,0,0,0,,1,20,4.7,FALSE,21.2,Active,,Valid or active,Valid,FALSE,Lower Value,Active,0
C00125,2025-08-01,14054.6,3653.91,4386.76,28,0,6,7,0,0,0,0,,0,9,4.8,FALSE,27.8,Active,,Valid or active,Valid,FALSE,Lower Value,Active,0
C00125,2025-09-01,13347.72,3547.23,4274.55,17,0,4,4,1,0,0,0,,2,11,5,FALSE,19,Active,,Valid or active,Valid,FALSE,Lower Value,Active,0
C00125,2025-10-01,13557.4,4792.11,7034.94,22,1,6,13,1,0,0,0,,0,8,4.2,FALSE,24.5,Active,,Valid or active,Valid,FALSE,Lower Value,Active,0
C00125,2025-11-01,12981.85,4292.19,4596.61,23,0,8,11,0,1,0,0,,1,4,4.7,FALSE,26.5,Active,,Valid or active,Valid,FALSE,Lower Value,Active,0
C00125,2025-12-01,10939.11,5405.93,5338.1,14,7,9,5,0,0,0,0,,0,13,4.7,FALSE,25,Active,,Valid or active,Valid,FALSE,Lower Value,Active,0
C00126,2025-01-01,38939.8,19794.03,26534.16,72,40,13,6,2,0,0,0,,1,2,4.1,TRUE,79.6,Active,,Valid or active,Valid,FALSE,Lower Value,Active,1
C00126,2025-02-01,42176.36,18316.45,20819.14,57,32,7,0,2,1,0,0,,1,8,4.1,TRUE,70.8,Active,,Valid or active,Valid,FALSE,Lower Value,Active,1
C00126,2025-03-01,40235.01,17570.28,25038.84,57,28,19,16,0,0,0,0,,4,1,4.8,TRUE,80.1,Active,,Valid or active,Valid,FALSE,Lower Value,Active,1
C00126,2025-04-01,42282,15389.29,15728.88,61,37,24,26,0,0,0,0,,1,0,4.2,TRUE,89.9,Active,,Valid or active,Valid,FALSE,Lower Value,Active,1
C00126,2025-05-01,36737.83,20646.34,22519.19,64,31,14,6,1,0,0,0,,1,2,3.7,TRUE,78.7,Active,,Valid or active,Valid,FALSE,Lower Value,Active,1
C00126,2025-06-01,42627.59,13364.72,20200.09,68,35,18,13,1,0,0,0,,0,3,3.8,TRUE,84.3,Active,,Valid or active,Valid,FALSE,Lower Value,Active,1
C00126,2025-07-01,44545.5,16736.04,18024.6,82,54,17,19,0,0,0,0,,3,1,3.9,TRUE,83.4,Active,,Valid or active,Valid,FALSE,Lower Value,Active,1
C00126,2025-08-01,41842.65,12918.02,15546.09,69,43,15,16,0,1,0,0,,2,9,4.2,TRUE,81.5,Active,,Valid or active,Valid,FALSE,Lower Value,Active,1
C00126,2025-09-01,37692.31,17336.82,25439.4,55,30,21,18,1,0,0,0,,1,1,5,TRUE,81.6,Active,,Valid or active,Valid,FALSE,Lower Value,Active,1
C00126,2025-10-01,37637.09,16025.96,13769.05,43,26,13,13,1,1,0,0,,0,4,4.3,TRUE,64.8,Active,,Valid or active,Valid,FALSE,Lower Value,Active,1
C00126,2025-11-01,39494.9,13628.18,16182.06,51,35,8,0,0,0,0,0,,2,8,4.2,FALSE,69.3,Active,,Valid or active,Valid,FALSE,Lower Value,Active,0
C00126,2025-12-01,45869.38,12480.1,20809.62,64,38,20,17,1,0,0,0,,0,0,4.4,FALSE,86.2,Active,,Valid or active,Valid,FALSE,Lower Value,Active,0
C00127,2025-01-01,231.89,2430.93,3155.23,25,3,7,0,1,3,1,1,3.4,1,14,4.7,FALSE,28.2,Active,,Valid or active,Valid,FALSE,Lower Value,Active,0
C00127,2025-02-01,-299.83,2314.75,3324.97,12,0,7,12,2,0,0,0,,0,17,4.5,FALSE,18.6,Active,,Valid or active,Valid,FALSE,Lower Value,Active,0
C00127,2025-03-01,2859.3,2416.58,3491.8,14,0,2,0,0,0,0,0,,1,14,4.2,FALSE,15.2,Active,,Valid or active,Valid,FALSE,Lower Value,Active,0
C00127,2025-04-01,2503.84,1698.93,2392.75,11,1,15,15,0,0,0,0,,0,18,5,FALSE,25.9,Active,,Valid or active,Valid,FALSE,Lower Value,Active,0
C00127,2025-05-01,619.69,2386.4,3878.37,19,0,13,13,1,2,0,0,,1,11,5,FALSE,28.7,Active,,Valid or active,Valid,FALSE,Lower Value,Active,0
C00127,2025-06-01,1064.47,2046.36,2411.37,9,5,0,1,1,1,2,1,8.2,1,19,4.5,FALSE,12.5,Active,,Valid or active,Valid,FALSE,Lower Value,Active,0
C00127,2025-07-01,-291.49,2461.31,2960.2,11,2,14,9,0,2,0,1,10.9,1,16,4.7,FALSE,25.4,Active,,Valid or active,Valid,FALSE,Lower Value,Active,0
C00127,2025-08-01,2828.52,1460.32,2765.98,12,8,6,16,0,0,0,0,,0,16,4.8,FALSE,21.4,Active,,Valid or active,Valid,FALSE,Lower Value,Active,0
C00127,2025-09-01,3239.6,1442.74,1751.16,5,0,8,1,0,0,0,0,,0,23,4.8,FALSE,15.1,Active,,Valid or active,Valid,FALSE,Lower Value,Active,0
C00127,2025-10-01,3364.14,2462.67,4215.52,18,0,5,0,0,0,0,0,,0,12,5,FALSE,20.6,Active,,Valid or active,Valid,FALSE,Lower Value,Active,0
C00127,2025-11-01,799.31,1669.59,4516.83,22,3,4,5,1,0,1,1,8.5,0,11,5,FALSE,23.5,Active,,Valid or active,Valid,FALSE,Lower Value,Active,0
C00127,2025-12-01,1196.82,1743.99,2155.73,8,2,0,0,0,1,0,0,,1,20,4.7,FALSE,10.5,Active,,Valid or active,Valid,FALSE,Lower Value,Active,0
C00128,2025-01-01,18366.72,14311.23,11021.82,51,30,9,2,0,0,0,0,,0,2,5,TRUE,67.9,Active,,Valid or active,Valid,FALSE,Lower Value,Active,1
C00128,2025-02-01,14945.92,9922.49,13928.27,53,33,14,12,0,2,0,0,,0,2,4.8,TRUE,75.2,Active,,Valid or active,Valid,FALSE,Lower Value,Active,1
C00128,2025-03-01,16371.72,10067.7,11985.67,48,34,13,19,0,0,0,0,,0,5,4.8,TRUE,71.6,Active,,Valid or active,Valid,FALSE,Lower Value,Active,1
C00128,2025-04-01,17632.96,13444.63,15270.18,46,26,23,27,1,1,0,0,,0,0,5,TRUE,76,Active,,Valid or active,Valid,FALSE,Lower Value,Active,1
C00128,2025-05-01,16392.57,13917.13,11270.58,48,28,20,22,1,0,0,0,,1,0,5,TRUE,75.4,Active,,Valid or active,Valid,FALSE,Lower Value,Active,1
C00128,2025-06-01,16444.7,14154.94,12567.41,40,19,22,30,1,0,0,0,,1,3,4.8,TRUE,68.1,Active,,Valid or active,Valid,FALSE,Lower Value,Active,1
C00128,2025-07-01,19097.44,11117.04,12765.59,58,36,16,24,1,0,0,0,,0,0,4.8,FALSE,81.2,Active,,Valid or active,Valid,FALSE,Lower Value,Active,0
C00128,2025-08-01,19303.66,12557.84,19499.12,41,21,14,12,0,1,0,0,,1,5,4.3,TRUE,62.1,Active,,Valid or active,Valid,FALSE,Lower Value,Active,1
C00128,2025-09-01,18333.41,15222.45,13470.65,38,22,14,25,0,0,0,0,,0,2,5,TRUE,60.7,Active,,Valid or active,Valid,FALSE,Lower Value,Active,1
C00128,2025-10-01,15185.57,15197.52,11420.68,45,27,17,22,1,1,1,0,,1,2,5,TRUE,70.2,Active,,Valid or active,Valid,FALSE,Lower Value,Active,1
C00128,2025-11-01,17203.89,12743.49,11448.02,54,33,14,18,0,0,0,0,,0,7,3.7,TRUE,75.9,Active,,Valid or active,Valid,FALSE,Lower Value,Active,1
C00128,2025-12-01,14414,11825.32,16705.53,45,25,26,24,0,1,0,0,,1,0,5,FALSE,77.7,Active,,Valid or active,Valid,FALSE,Lower Value,Active,0
C00129,2025-01-01,48363.68,40919.11,39471.13,49,29,1,0,1,2,0,0,,0,5,4.2,TRUE,63.2,Active,,Valid or active,Valid,FALSE,High Value,Active,1
C00129,2025-02-01,41638.74,31088.57,29214.36,48,33,5,5,0,0,0,0,,1,11,4,TRUE,68.2,Active,,Valid or active,Valid,FALSE,High Value,Active,1
C00129,2025-03-01,42764.55,39769.03,31988.74,42,23,4,11,0,0,1,1,10.9,1,4,3.9,TRUE,58.8,Active,,Valid or active,Valid,FALSE,High Value,Active,1
C00129,2025-04-01,42274.07,31514.65,36159.03,28,28,7,8,2,1,0,0,,2,6,4.2,TRUE,55.1,Active,,Valid or active,Valid,FALSE,High Value,Active,1
C00129,2025-05-01,41964.5,39023.3,36018.25,41,25,0,0,1,0,1,1,1.1,0,12,4.1,TRUE,55.4,Active,,Valid or active,Valid,FALSE,High Value,Active,1
C00129,2025-06-01,37968.04,32323.98,23871.8,32,29,4,5,0,0,0,0,,0,8,4.1,TRUE,55.3,Active,,Valid or active,Valid,FALSE,High Value,Active,1
C00129,2025-07-01,39270.67,29736.55,39694.68,36,16,9,15,1,1,1,1,4.5,0,1,4,TRUE,56.5,Active,,Valid or active,Valid,FALSE,High Value,Active,1
C00129,2025-08-01,32367.21,24613.28,20772.09,20,15,2,3,1,1,0,0,,0,14,4.3,FALSE,39.4,Active,,Valid or active,Valid,FALSE,High Value,Active,0
C00129,2025-09-01,14244.92,34718.9,40685.11,17,4,0,5,1,0,0,0,,0,13,3.7,TRUE,30.6,Active,,Valid or active,Valid,FALSE,High Value,Active,1
C00129,2025-10-01,7340.54,36077.28,42058.06,23,13,11,6,0,1,0,0,,0,8,3.8,TRUE,48.8,Active,,Valid or active,Valid,FALSE,High Value,Active,1
C00129,2025-11-01,4385.85,31303.7,32022.08,22,16,7,3,0,2,0,0,,0,16,4.2,FALSE,45.8,Active,,Valid or active,Valid,FALSE,High Value,Active,0
C00129,2025-12-01,-1573.57,27563.29,28808.71,23,11,2,0,4,0,1,1,4.9,0,11,3.8,TRUE,39.5,Active,,Valid or active,Valid,FALSE,High Value,Active,1
C00130,2025-01-01,38265.95,8942.56,13591.53,48,8,20,20,3,0,0,0,,1,1,4.6,TRUE,61.7,Active,,Valid or active,Valid,FALSE,High Value,Active,1
C00130,2025-02-01,38591.02,12970.29,17645.43,51,10,15,16,0,0,0,0,,1,0,5,TRUE,59.9,Active,,Valid or active,Valid,FALSE,High Value,Active,1
C00130,2025-03-01,31317.98,7813.03,10044.62,48,14,14,12,1,2,0,0,,2,7,4.3,TRUE,58.9,Active,,Valid or active,Valid,FALSE,High Value,Active,1
C00130,2025-04-01,37398.14,8629.71,11444.38,44,0,16,24,0,0,0,0,,4,1,5,FALSE,51.8,Active,,Valid or active,Valid,FALSE,High Value,Active,0
C00130,2025-05-01,38513.69,9675.68,11284.7,58,3,11,10,0,0,0,0,,2,4,5,FALSE,57.4,Active,,Valid or active,Valid,FALSE,High Value,Active,0
C00130,2025-06-01,36368.69,7478.29,10531.59,50,6,10,8,1,0,0,0,,0,4,5,TRUE,52.7,Active,,Valid or active,Valid,FALSE,High Value,Active,1
C00130,2025-07-01,25934.08,10976.36,10403.78,48,2,8,12,1,0,0,0,,0,3,5,TRUE,47.8,Active,,Valid or active,Valid,FALSE,High Value,Active,1
C00130,2025-08-01,34360.66,7575.17,12106.01,57,2,25,17,0,0,0,0,,2,0,4.4,TRUE,69.3,Active,,Valid or active,Valid,FALSE,High Value,Active,1
C00130,2025-09-01,30266.74,10571.07,10576.31,51,1,10,1,0,1,1,1,4.3,1,4,4.8,TRUE,51.1,Active,,Valid or active,Valid,FALSE,High Value,Active,1
C00130,2025-10-01,35431.23,8780.68,8941.3,50,0,8,7,2,0,0,0,,0,7,5,TRUE,48.1,Active,,Valid or active,Valid,FALSE,High Value,Active,1
C00130,2025-11-01,28448.18,12522.81,10240.12,61,3,20,9,0,1,0,0,,3,2,3.8,TRUE,67,Active,,Valid or active,Valid,FALSE,High Value,Active,1
C00130,2025-12-01,32088.69,8396.63,9595.85,56,12,14,18,1,0,0,0,,0,3,,TRUE,63,Active,,Valid or active,Valid,FALSE,High Value,Active,1
C00131,2025-01-01,14808.08,9459.9,11637.96,69,0,19,30,1,0,0,0,,1,0,3.9,FALSE,64.7,Churned,12/15/2025,Valid or active,Valid,FALSE,High Value,Churned,0
C00131,2025-02-01,15494.64,14337.58,17180.71,53,3,22,27,0,0,0,0,,3,8,3.9,TRUE,64.5,Churned,12/15/2025,Valid or active,Valid,FALSE,High Value,Churned,1
C00131,2025-03-01,12503.87,9567.41,11225.29,38,7,19,17,1,1,0,0,,1,0,4,TRUE,54,Churned,12/15/2025,Valid or active,Valid,FALSE,High Value,Churned,1
C00131,2025-04-01,12385.12,14435.81,14123.74,27,5,18,22,1,1,1,1,6.8,0,4,4.2,TRUE,45.2,Churned,12/15/2025,Valid or active,Valid,FALSE,High Value,Churned,1
C00131,2025-05-01,13139.25,9436.98,10664.62,41,5,23,20,1,0,0,0,,0,1,4,TRUE,58.7,Churned,12/15/2025,Valid or active,Valid,FALSE,High Value,Churned,1
C00131,2025-06-01,12703.11,13782.48,19678.09,36,6,17,30,1,0,1,0,,0,2,3.7,TRUE,50.4,Churned,12/15/2025,Valid or active,Valid,FALSE,High Value,Churned,1
C00131,2025-07-01,10005.62,11010.7,10185.31,33,6,24,21,0,1,0,0,,0,7,4.2,TRUE,55,Churned,12/15/2025,Valid or active,Valid,FALSE,High Value,Churned,1
C00131,2025-08-01,10165.1,11958.01,13764.32,34,3,18,16,0,0,0,1,2,0,0,3.9,TRUE,48.7,Churned,12/15/2025,Valid or active,Valid,FALSE,High Value,Churned,1
C00131,2025-09-01,5587.76,7167.59,7368.29,34,0,16,25,0,0,2,1,2.4,1,3,4.3,FALSE,45.5,Churned,12/15/2025,Valid or active,Valid,FALSE,High Value,Churned,0
C00131,2025-10-01,3747.24,11355.48,13195.61,24,0,6,4,0,0,1,2,1.5,1,11,3.9,FALSE,29.8,Churned,12/15/2025,Valid or active,Valid,FALSE,High Value,Churned,0
C00131,2025-11-01,-992.49,9899.78,9072.04,36,6,21,23,0,1,0,0,,0,0,3.1,FALSE,54.1,Churned,12/15/2025,Valid or active,Valid,FALSE,High Value,Churned,0
C00131,2025-12-01,3435.55,7236.49,10044.44,16,7,13,23,0,3,0,0,,1,9,,FALSE,34.5,Churned,12/15/2025,Valid or active,Valid,FALSE,High Value,Churned,0
C00132,2025-01-01,22228.87,29202.21,29122.7,25,15,15,12,0,1,0,0,,0,4,4.1,TRUE,45.7,Churned,9/10/2025,Valid or active,Valid,FALSE,Lower Value,Churned,1
C00132,2025-02-01,20309.46,14495.77,19395.94,27,18,20,17,0,0,0,0,,0,7,3.2,FALSE,53,Churned,9/10/2025,Valid or active,Valid,FALSE,Lower Value,Churned,0
C00132,2025-03-01,23179.14,28462.63,23377.48,27,7,17,12,1,0,0,0,,0,11,3.7,TRUE,45.2,Churned,9/10/2025,Valid or active,Valid,FALSE,Lower Value,Churned,1
C00132,2025-04-01,16659.8,17310.39,14254.51,23,14,16,10,1,0,0,0,,0,6,4.1,TRUE,44.9,Churned,9/10/2025,Valid or active,Valid,FALSE,Lower Value,Churned,1
C00132,2025-05-01,20674.58,28591.58,23045.65,25,17,25,28,0,1,0,0,,0,0,4.3,TRUE,55.9,Churned,9/10/2025,Valid or active,Valid,FALSE,Lower Value,Churned,1
C00132,2025-06-01,21229.87,13764,17042.5,25,11,6,1,0,0,0,0,,0,10,3.7,FALSE,35.5,Churned,9/10/2025,Valid or active,Valid,FALSE,Lower Value,Churned,0
C00132,2025-07-01,19212.95,28488.05,29711.18,31,19,11,10,1,0,0,0,,1,0,3.3,TRUE,47.6,Churned,9/10/2025,Valid or active,Valid,FALSE,Lower Value,Churned,1
C00132,2025-08-01,24128.15,26661.11,19246.46,25,19,24,23,1,0,0,0,,0,0,4.7,TRUE,55.9,Churned,9/10/2025,Valid or active,Valid,FALSE,Lower Value,Churned,1
C00132,2025-09-01,21348.9,24542.64,23778.89,21,12,9,0,1,0,0,0,,0,10,4.3,TRUE,36.2,Churned,9/10/2025,Valid or active,Valid,FALSE,Lower Value,Churned,1
C00132,2025-10-01,19306.96,19701.58,22885.25,27,18,19,19,0,0,0,0,,0,3,3.9,TRUE,52.1,Churned,9/10/2025,Post-churn activity,Valid,TRUE,Lower Value,Churned,1
C00132,2025-11-01,19610.21,24141.92,20938.47,28,16,13,10,0,0,0,0,,0,4,3.6,TRUE,46.2,Churned,9/10/2025,Post-churn activity,Valid,TRUE,Lower Value,Churned,1
C00132,2025-12-01,19525.45,17380.45,15472.4,16,7,20,17,1,0,0,0,,0,9,4.6,TRUE,41,Churned,9/10/2025,Post-churn activity,Valid,TRUE,Lower Value,Churned,1
C00133,2025-01-01,52915.89,19273.67,21770.73,40,1,23,17,0,0,0,0,,0,0,4.7,TRUE,56.3,Active,,Valid or active,Valid,FALSE,High Value,Active,1
C00133,2025-02-01,53946.66,18584.74,16235.08,33,0,22,15,0,1,0,0,,0,0,5,TRUE,50.4,Active,,Valid or active,Valid,FALSE,High Value,Active,1
C00133,2025-03-01,68045.9,18127.44,21137.95,46,5,24,21,0,1,0,0,,1,3,4.5,TRUE,62.8,Active,,Valid or active,Valid,FALSE,High Value,Active,1
C00133,2025-04-01,58352.65,22581.83,22585.13,29,0,26,30,0,0,1,1,4.1,1,7,4.8,TRUE,51.6,Active,,Valid or active,Valid,FALSE,High Value,Active,1
C00133,2025-05-01,63731.18,21920.74,29172.89,44,7,19,22,2,0,0,0,,0,0,4.2,TRUE,57.8,Active,,Valid or active,Valid,FALSE,High Value,Active,1
C00133,2025-06-01,56748.02,15065.52,21117.85,42,9,32,16,0,1,0,0,,0,5,5,TRUE,67.7,Active,,Valid or active,Valid,FALSE,High Value,Active,1
C00133,2025-07-01,66034.8,21773.92,18647.37,45,2,28,23,1,0,0,0,,0,1,4.7,TRUE,64.5,Active,,Valid or active,Valid,FALSE,High Value,Active,1
C00133,2025-08-01,66920.38,18706.79,23724.09,43,0,30,32,2,2,0,0,,0,6,5,TRUE,64.2,Active,,Valid or active,Valid,FALSE,High Value,Active,1
C00133,2025-09-01,66513.73,22123.87,18257.65,43,4,24,22,0,0,0,0,,0,0,4.5,TRUE,60.5,Active,,Valid or active,Valid,FALSE,High Value,Active,1
C00133,2025-10-01,66583.1,22626.14,22393.27,40,3,29,24,2,2,0,0,,0,0,4.5,TRUE,62.8,Active,,Valid or active,Valid,FALSE,High Value,Active,1
C00133,2025-11-01,74903.81,17294.5,13862.79,50,5,25,23,1,1,0,0,,1,9,4.3,TRUE,66.3,Active,,Valid or active,Valid,FALSE,High Value,Active,1
C00133,2025-12-01,81603.13,15192.19,15031.88,52,2,31,32,0,0,0,0,,1,1,4.6,TRUE,70.8,Active,,Valid or active,Valid,FALSE,High Value,Active,1
C00134,2025-01-01,8757.68,17682.46,15139.93,32,19,9,3,2,1,0,0,,1,6,4.4,TRUE,50.9,Active,,Valid or active,Valid,FALSE,Lower Value,Active,1
C00134,2025-02-01,9841.41,13696.4,15946.39,32,23,12,0,0,1,0,0,,0,9,4.1,TRUE,55.5,Active,,Valid or active,Valid,FALSE,Lower Value,Active,1
C00134,2025-03-01,8493.21,9842.56,10500.6,43,25,15,10,1,0,0,0,,0,12,4.6,FALSE,66.2,Active,,Valid or active,Valid,FALSE,Lower Value,Active,0
C00134,2025-04-01,11035.25,14413.99,15375.82,34,24,16,2,2,0,0,0,,0,5,4.6,TRUE,60.9,Active,,Valid or active,Valid,FALSE,Lower Value,Active,1
C00134,2025-05-01,8722.78,16949.02,19800.04,38,20,15,12,1,0,0,0,,0,0,4.7,TRUE,60.7,Active,,Valid or active,Valid,FALSE,Lower Value,Active,1
C00134,2025-06-01,9361.02,16577.77,15294.02,40,26,21,18,1,1,0,0,,0,1,4.5,TRUE,70.3,Active,,Valid or active,Valid,FALSE,Lower Value,Active,1
C00134,2025-07-01,11483.61,14922.64,10740.21,49,24,18,19,1,0,0,0,,1,10,4.8,TRUE,72.3,Active,,Valid or active,Valid,FALSE,Lower Value,Active,1
C00134,2025-08-01,9952.17,16551.56,17858.64,53,31,11,12,2,0,0,0,,1,4,4.1,TRUE,71.5,Active,,Valid or active,Valid,FALSE,Lower Value,Active,1
C00134,2025-09-01,10600.53,17190.73,21434.65,50,32,21,21,0,0,0,0,,2,1,4.5,TRUE,79.4,Active,,Valid or active,Valid,FALSE,Lower Value,Active,1
C00134,2025-10-01,11499.18,11647.75,12424.34,37,24,20,12,1,1,0,0,,0,2,4.4,FALSE,66.6,Active,,Valid or active,Valid,FALSE,Lower Value,Active,0
C00134,2025-11-01,12307.33,13525.87,15233.6,42,27,21,17,1,2,0,0,,1,8,3.7,TRUE,72,Active,,Valid or active,Valid,FALSE,Lower Value,Active,1
C00134,2025-12-01,15200.8,14858.68,17388.19,58,34,19,20,0,0,0,0,,0,1,4.1,TRUE,83.5,Active,,Valid or active,Valid,FALSE,Lower Value,Active,1
C00135,2025-01-01,25438.52,4783.67,5941.79,56,4,16,4,0,1,0,0,,0,0,5,FALSE,56.7,Churned,10/11/2025,Valid or active,Valid,FALSE,Lower Value,Churned,0
C00135,2025-02-01,23641.71,3759.53,9585.54,60,3,17,16,1,1,0,0,,1,0,4.4,FALSE,59.7,Churned,10/11/2025,Valid or active,Valid,FALSE,Lower Value,Churned,0
C00135,2025-03-01,23039.93,4078.1,9175.96,40,0,32,21,1,2,0,0,,0,0,5,FALSE,57.8,Churned,10/11/2025,Valid or active,Valid,FALSE,Lower Value,Churned,0
C00135,2025-04-01,22983.44,3277.52,4378.41,31,3,24,27,2,0,0,0,,2,5,4.5,FALSE,47.9,Churned,10/11/2025,Valid or active,Valid,FALSE,Lower Value,Churned,0
C00135,2025-05-01,27416.8,4021,6353.73,45,0,24,19,0,0,0,0,,0,0,5,FALSE,55.4,Churned,10/11/2025,Valid or active,Valid,FALSE,Lower Value,Churned,0
C00135,2025-06-01,24382.38,4364.36,10298.95,51,5,24,21,2,1,0,0,,3,0,4.1,FALSE,61.5,Churned,10/11/2025,Valid or active,Valid,FALSE,Lower Value,Churned,0
C00135,2025-07-01,23777.25,4223.62,7106.11,54,3,20,17,2,1,0,0,,1,0,4.9,FALSE,58.7,Churned,10/11/2025,Valid or active,Valid,FALSE,Lower Value,Churned,0
C00135,2025-08-01,23459.24,3731.17,5463.76,23,2,17,17,1,2,0,0,,1,9,5,FALSE,35.8,Churned,10/11/2025,Valid or active,Valid,FALSE,Lower Value,Churned,0
C00135,2025-09-01,25219.21,5332.58,7642.32,49,12,20,12,1,0,0,0,,0,3,4.4,FALSE,59.7,Churned,10/11/2025,Valid or active,Valid,FALSE,Lower Value,Churned,0
C00135,2025-10-01,18844.09,4122.18,4941.49,38,1,15,14,2,0,0,0,,0,0,4.9,FALSE,43,Churned,10/11/2025,Valid or active,Valid,FALSE,Lower Value,Churned,0
C00135,2025-11-01,25952.29,5709.08,6928.75,39,3,18,15,1,2,0,0,,0,5,4.2,FALSE,47.4,Churned,10/11/2025,Post-churn activity,Valid,TRUE,Lower Value,Churned,0
C00135,2025-12-01,22238.79,5134.61,10650.17,39,6,19,18,2,0,1,1,6.6,0,2,4.7,FALSE,49.7,Churned,10/11/2025,Post-churn activity,Valid,TRUE,Lower Value,Churned,0
C00136,2025-01-01,7909.96,7287.33,12119.74,30,6,9,8,4,1,0,0,,0,0,3.1,TRUE,39.1,Active,,Valid or active,Valid,FALSE,Lower Value,Active,1
C00136,2025-02-01,7996.02,8292.72,8893.62,24,5,4,2,2,0,0,0,,1,12,3.1,FALSE,30.2,Active,,Valid or active,Valid,FALSE,Lower Value,Active,0
C00136,2025-03-01,6016.93,9798.5,12739.97,15,0,3,12,0,2,1,0,,0,20,3.4,TRUE,21.3,Active,,Valid or active,Valid,FALSE,Lower Value,Active,1
C00136,2025-04-01,7909.56,11902.12,15051.71,29,0,4,8,2,0,0,1,7.1,0,8,,TRUE,31.1,Active,,Valid or active,Valid,FALSE,Lower Value,Active,1
C00136,2025-05-01,6845.25,7993.89,8410.23,26,0,6,7,4,2,0,0,,0,12,3.3,TRUE,31.1,Active,,Valid or active,Valid,FALSE,Lower Value,Active,1
C00136,2025-06-01,5652.32,8265.85,7602.29,7,4,0,0,3,0,0,0,,1,25,3.5,TRUE,15.3,Active,,Valid or active,Valid,FALSE,Lower Value,Active,1
C00136,2025-07-01,8671.31,8977.37,8621.88,16,0,3,8,1,0,0,0,,0,7,2.3,TRUE,21.9,Active,,Valid or active,Valid,FALSE,Lower Value,Active,1
C00136,2025-08-01,6166.84,8135.66,8326.22,8,3,7,9,0,0,0,0,,0,18,2.6,TRUE,22,Active,,Valid or active,Valid,FALSE,Lower Value,Active,1
C00136,2025-09-01,7420.31,11404.34,10488.7,19,5,4,6,1,1,0,0,,0,16,3.2,TRUE,27.1,Active,,Valid or active,Valid,FALSE,Lower Value,Active,1
C00136,2025-10-01,6594.55,10668.56,10230.3,11,1,9,9,1,1,1,1,7.1,0,21,3.1,TRUE,24.8,Active,,Valid or active,Valid,FALSE,Lower Value,Active,1
C00136,2025-11-01,6775.32,11258.43,7381.4,9,2,8,4,2,0,0,0,,1,15,2.8,TRUE,23.1,Active,,Valid or active,Valid,FALSE,Lower Value,Active,1
C00136,2025-12-01,6774.96,8762.53,7508.37,15,0,8,20,0,0,1,1,0.4,1,15,2.4,TRUE,26,Active,,Valid or active,Valid,FALSE,Lower Value,Active,1
C00137,2025-01-01,26002.76,17327.35,18584.99,58,35,10,8,0,0,0,0,,0,9,5,TRUE,80.1,Active,,Valid or active,Valid,FALSE,Lower Value,Active,1
C00137,2025-02-01,28252.96,12366.17,20459.86,76,45,18,12,0,1,0,0,,1,7,4.5,FALSE,88.8,Active,,Valid or active,Valid,FALSE,Lower Value,Active,0
C00137,2025-03-01,27440.83,9777.02,12216.36,54,28,14,12,0,0,0,0,,3,0,5,FALSE,78.1,Active,,Valid or active,Valid,FALSE,Lower Value,Active,0
C00137,2025-04-01,26552.79,19275.53,29543.2,63,34,14,16,1,0,0,0,,0,0,5,TRUE,84.6,Active,,Valid or active,Valid,FALSE,Lower Value,Active,1
C00137,2025-05-01,23189.91,12140.03,13123.79,51,33,24,15,2,0,0,0,,0,0,3.9,TRUE,87.8,Active,,Valid or active,Valid,FALSE,Lower Value,Active,1
C00137,2025-06-01,27976.56,11852.85,14671.62,57,28,16,11,2,0,0,0,,2,0,4.9,FALSE,81.8,Active,,Valid or active,Valid,FALSE,Lower Value,Active,0
C00137,2025-07-01,25562.01,11257.09,16273.64,71,37,16,9,1,1,0,0,,1,0,5,TRUE,86.9,Active,,Valid or active,Valid,FALSE,Lower Value,Active,1
C00137,2025-08-01,27964.02,13216.54,11049.45,71,38,15,10,0,2,0,0,,1,0,5,FALSE,86,Active,,Valid or active,Valid,FALSE,Lower Value,Active,0
C00137,2025-09-01,27391.9,11999.1,19356.29,64,32,10,9,0,0,0,0,,3,0,5,TRUE,80,Active,,Valid or active,Valid,FALSE,Lower Value,Active,1
C00137,2025-10-01,25829.48,13969.72,21120.06,57,34,16,10,1,0,0,0,,1,8,4.8,FALSE,84.6,Active,,Valid or active,Valid,FALSE,Lower Value,Active,0
C00137,2025-11-01,25964.7,17599.07,18030.44,60,37,21,17,0,0,0,0,,0,0,5,TRUE,91.6,Active,,Valid or active,Valid,FALSE,Lower Value,Active,1
C00137,2025-12-01,23131.95,18199.95,27054.77,57,28,27,18,1,0,0,0,,0,2,4.5,TRUE,92.1,Active,,Valid or active,Valid,FALSE,Lower Value,Active,1
C00138,2025-01-01,11909.86,20576.28,21261.72,42,1,3,0,1,2,0,0,,0,8,5,TRUE,34.4,Active,,Valid or active,Valid,FALSE,Lower Value,Active,1
C00138,2025-02-01,12844.5,21636.09,19727.21,43,2,12,13,3,0,0,0,,0,0,5,TRUE,43.8,Active,,Valid or active,Valid,FALSE,Lower Value,Active,1
C00138,2025-03-01,12650.58,18576.73,14571.58,33,5,7,0,1,0,1,1,3.4,0,6,4.8,TRUE,34.2,Active,,Valid or active,Valid,FALSE,Lower Value,Active,1
C00138,2025-04-01,12197.6,19301.17,18661.74,43,4,11,8,1,1,0,0,,2,1,4.6,TRUE,43.8,Active,,Valid or active,Valid,FALSE,Lower Value,Active,1
C00138,2025-05-01,13298.82,13993.15,16865.28,43,4,8,2,1,0,0,0,,0,5,5,TRUE,41,Active,,Valid or active,Valid,FALSE,Lower Value,Active,1
C00138,2025-06-01,11467.16,13616.44,16785.06,50,1,1,4,0,0,0,0,,2,7,5,TRUE,37.6,Active,,Valid or active,Valid,FALSE,Lower Value,Active,1
C00138,2025-07-01,13605.71,19331.91,24612.72,45,4,8,9,0,0,1,1,6.1,1,11,5,TRUE,42.3,Active,,Valid or active,Valid,FALSE,Lower Value,Active,1
C00138,2025-08-01,11023.09,22768.64,26860.69,38,7,2,0,2,1,0,0,,0,9,5,TRUE,33.6,Active,,Valid or active,Valid,FALSE,Lower Value,Active,1
C00138,2025-09-01,10892.74,18475.79,18263.5,41,1,6,4,1,0,0,0,,3,5,4.1,TRUE,36.5,Active,,Valid or active,Valid,FALSE,Lower Value,Active,1
C00138,2025-10-01,11298.3,11497.89,10953.05,26,4,12,11,2,0,0,0,,1,7,5,FALSE,34,Active,,Valid or active,Valid,FALSE,Lower Value,Active,0
C00138,2025-11-01,12392.91,20018.09,21984.52,33,4,4,0,2,1,0,0,,1,7,,TRUE,31,Active,,Valid or active,Valid,FALSE,Lower Value,Active,1
C00138,2025-12-01,10840.73,16988.65,17556.46,42,2,9,11,2,0,0,0,,1,5,5,FALSE,40.4,Active,,Valid or active,Valid,FALSE,Lower Value,Active,0
C00139,2025-01-01,82302.46,28620.83,24604.79,45,22,23,32,1,0,1,1,2.1,0,2,4.7,TRUE,69,Active,,Valid or active,Valid,FALSE,Lower Value,Active,1
C00139,2025-02-01,83034,21403.55,25758.45,40,20,19,23,0,0,0,0,,0,3,5,FALSE,61.2,Active,,Valid or active,Valid,FALSE,Lower Value,Active,0
C00139,2025-03-01,92874.74,23092.2,20932.7,45,31,20,19,1,0,0,0,,1,0,5,TRUE,70.3,Active,,Valid or active,Valid,FALSE,Lower Value,Active,1
C00139,2025-04-01,87907.83,31072.94,34999.83,45,21,19,23,2,1,0,0,,3,3,4.9,TRUE,64.8,Active,,Valid or active,Valid,FALSE,Lower Value,Active,1
C00139,2025-05-01,103883.37,25086.59,32854.69,39,26,16,17,0,0,0,0,,0,0,4.4,TRUE,60.5,Active,,Valid or active,Valid,FALSE,Lower Value,Active,1
C00139,2025-06-01,86706.67,26343.46,19571.34,46,24,11,9,2,0,0,0,,0,4,4.7,TRUE,59.4,Active,,Valid or active,Valid,FALSE,Lower Value,Active,1
C00139,2025-07-01,103133.69,34625.15,30459.62,44,26,18,15,0,0,0,0,,0,0,4.9,TRUE,65.6,Active,,Valid or active,Valid,FALSE,Lower Value,Active,1
C00139,2025-08-01,97590.07,25478.64,26339.74,51,27,17,23,0,0,0,0,,0,8,5,TRUE,69.5,Active,,Valid or active,Valid,FALSE,Lower Value,Active,1
C00139,2025-09-01,78221.02,31593.65,39999.27,56,25,27,25,0,1,0,0,,1,0,4.5,TRUE,81.1,Active,,Valid or active,Valid,FALSE,Lower Value,Active,1
C00139,2025-10-01,85406.92,40295.15,50057.72,34,23,19,7,0,0,0,0,,0,2,4.2,TRUE,58.8,Active,,Valid or active,Valid,FALSE,Lower Value,Active,1
C00139,2025-11-01,89008.02,40513.48,35131.19,39,20,19,16,4,0,0,0,,0,0,5,TRUE,60.6,Active,,Valid or active,Valid,FALSE,Lower Value,Active,1
C00139,2025-12-01,85604.83,25120.94,25052.31,42,16,21,23,0,1,0,0,,1,6,4.8,TRUE,62.5,Active,,Valid or active,Valid,FALSE,Lower Value,Active,1
C00140,2025-01-01,-2319.12,18515.79,14098.26,19,9,15,17,2,0,0,0,,0,13,4.8,TRUE,39.1,Churned,12/15/2025,Valid or active,Valid,FALSE,Lower Value,Churned,1
C00140,2025-02-01,-1199.1,12946.29,13113.24,32,25,14,11,0,1,0,0,,0,6,3.8,TRUE,53.8,Churned,12/15/2025,Valid or active,Valid,FALSE,Lower Value,Churned,1
C00140,2025-03-01,-901.41,16264.85,14024,22,13,9,17,0,0,1,1,0.6,0,10,3.6,TRUE,37.3,Churned,12/15/2025,Valid or active,Valid,FALSE,Lower Value,Churned,1
C00140,2025-04-01,-3769.03,18453.1,18391.35,22,14,11,4,0,0,0,0,,1,14,4.3,TRUE,39.6,Churned,12/15/2025,Valid or active,Valid,FALSE,Lower Value,Churned,1
C00140,2025-05-01,-471.84,10042.36,6889.95,11,8,15,21,0,0,0,0,,1,14,4.4,FALSE,33.6,Churned,12/15/2025,Valid or active,Valid,FALSE,Lower Value,Churned,0
C00140,2025-06-01,-1286.25,13254.95,13667.5,8,1,16,13,1,1,0,0,,0,20,4.6,TRUE,29.5,Churned,12/15/2025,Valid or active,Valid,FALSE,Lower Value,Churned,1
C00140,2025-07-01,-1586.67,14787.11,16866.77,20,9,16,13,0,1,0,0,,2,7,4.7,TRUE,40.7,Churned,12/15/2025,Valid or active,Valid,FALSE,Lower Value,Churned,1
C00140,2025-08-01,-204.78,22092.96,23556.57,28,19,11,7,0,0,0,0,,1,15,4.2,TRUE,45.7,Churned,12/15/2025,Valid or active,Valid,FALSE,Lower Value,Churned,1
C00140,2025-09-01,-2471.8,14054.18,11519.26,16,9,15,8,2,1,0,0,,1,13,4.5,TRUE,37.2,Churned,12/15/2025,Valid or active,Valid,FALSE,Lower Value,Churned,1
C00140,2025-10-01,-1870.66,20976.59,25684.12,14,2,17,20,1,0,0,0,,1,17,4,TRUE,34.6,Churned,12/15/2025,Valid or active,Valid,FALSE,Lower Value,Churned,1
C00140,2025-11-01,-1830.57,20050.1,23855.75,32,9,11,11,0,0,0,0,,1,4,5,TRUE,43.6,Churned,12/15/2025,Valid or active,Valid,FALSE,Lower Value,Churned,1
C00140,2025-12-01,-693.8,15886.89,13775.27,26,19,11,14,0,0,2,2,4.9,0,5,4.3,TRUE,44.4,Churned,12/15/2025,Valid or active,Valid,FALSE,Lower Value,Churned,1
C00141,2025-01-01,38516,10451.66,12430.59,46,4,21,20,0,1,0,0,,0,7,4.1,TRUE,59.6,Active,,Valid or active,Valid,FALSE,Lower Value,Active,1
C00141,2025-02-01,35048.94,16904.46,20114.35,43,0,11,3,1,0,0,0,,0,6,3.2,TRUE,46.5,Active,,Valid or active,Valid,FALSE,Lower Value,Active,1
C00141,2025-03-01,42984.25,13450.13,17999.81,40,0,22,20,0,1,0,0,,0,5,3.8,TRUE,54.9,Active,,Valid or active,Valid,FALSE,Lower Value,Active,1
C00141,2025-04-01,39754.86,14977.98,17606.42,34,0,20,18,0,0,0,0,,1,0,3.5,TRUE,49.2,Active,,Valid or active,Valid,FALSE,Lower Value,Active,1
C00141,2025-05-01,41188.14,16158.05,11488.83,26,8,12,4,2,0,0,0,,1,6,3.9,TRUE,40.3,Active,,Valid or active,Valid,FALSE,Lower Value,Active,1
C00141,2025-06-01,42149.97,16414.54,18825.02,38,6,13,13,0,1,0,0,,0,1,3.2,TRUE,47.9,Active,,Valid or active,Valid,FALSE,Lower Value,Active,1
C00141,2025-07-01,35661.03,17277.97,17366.1,52,3,23,15,0,1,0,0,,0,2,3.4,TRUE,64.8,Active,,Valid or active,Valid,FALSE,Lower Value,Active,1
C00141,2025-08-01,38259.51,10211.44,15333.52,37,2,22,22,0,1,0,0,,2,5,3.3,TRUE,53.9,Active,,Valid or active,Valid,FALSE,Lower Value,Active,1
C00141,2025-09-01,37540.03,12582.12,11424.45,44,2,29,21,0,0,1,1,3.1,1,0,4.1,TRUE,64.8,Active,,Valid or active,Valid,FALSE,Lower Value,Active,1
C00141,2025-10-01,37944.9,12090.65,11021.37,23,5,23,15,0,1,0,0,,1,8,3.8,FALSE,47.3,Active,,Valid or active,Valid,FALSE,Lower Value,Active,0
C00141,2025-11-01,32601.75,7880.48,10912.46,22,5,15,10,0,0,0,0,,1,15,4.2,FALSE,39.2,Active,,Valid or active,Valid,FALSE,Lower Value,Active,0
C00141,2025-12-01,41242.78,11610.32,9963.05,31,4,19,7,0,0,0,0,,1,0,3.5,TRUE,48.2,Active,,Valid or active,Valid,FALSE,Lower Value,Active,1
C00142,2025-01-01,-3304.27,8345.52,9945.37,41,28,12,8,0,3,0,0,,0,0,3,FALSE,59,Active,,Valid or active,Valid,FALSE,Lower Value,Active,0
C00142,2025-02-01,-3682.06,6274.95,7486.73,26,12,2,7,0,2,0,0,,1,10,3.3,FALSE,32.8,Active,,Valid or active,Valid,FALSE,Lower Value,Active,0
C00142,2025-03-01,-6347.6,8357.25,13317.07,45,26,15,18,3,1,0,0,,1,8,2.6,TRUE,63.4,Active,,Valid or active,Valid,FALSE,Lower Value,Active,1
C00142,2025-04-01,-4647.44,5888.28,7656.25,24,8,8,14,5,0,0,0,,1,13,2.7,FALSE,35.3,Active,,Valid or active,Valid,FALSE,Lower Value,Active,0
C00142,2025-05-01,-6009.26,8623.57,7435.52,21,9,0,0,1,1,0,0,,2,19,1.8,TRUE,26.4,Active,,Valid or active,Valid,FALSE,Lower Value,Active,1
C00142,2025-06-01,-4803.93,8942.2,10476.55,29,20,1,6,0,4,1,0,,2,15,2.6,TRUE,37.4,Active,,Valid or active,Valid,FALSE,Lower Value,Active,1
C00142,2025-07-01,-5656.61,8391.23,10151.61,27,11,4,3,3,0,3,3,7.7,1,1,2.6,TRUE,34.9,Active,,Valid or active,Valid,FALSE,Lower Value,Active,1
C00142,2025-08-01,-5550.13,11960.38,11188.64,45,24,8,14,1,1,0,1,9.5,0,9,2.4,TRUE,55.9,Active,,Valid or active,Valid,FALSE,Lower Value,Active,1
C00142,2025-09-01,-5652.17,11391.7,12036.81,23,16,7,13,3,2,1,0,,2,15,2.3,TRUE,37.4,Active,,Valid or active,Valid,FALSE,Lower Value,Active,1
C00142,2025-10-01,-5658.29,12880.32,12443.78,11,2,7,7,0,4,1,2,11.7,2,19,2.9,TRUE,23.4,Active,,Valid or active,Valid,FALSE,Lower Value,Active,1
C00142,2025-11-01,-2403.16,8279.07,9894.89,17,7,11,18,3,2,3,1,12.3,0,16,2.2,TRUE,33.2,Active,,Valid or active,Valid,FALSE,Lower Value,Active,1
C00142,2025-12-01,-3359.27,10679.3,9640.21,29,18,5,11,0,3,0,2,8.3,1,6,3.8,TRUE,40.3,Active,,Valid or active,Valid,FALSE,Lower Value,Active,1
C00143,2025-01-01,1004.81,11048.51,8976.61,20,2,13,8,0,1,0,0,,0,8,4.7,TRUE,34.7,Active,,Valid or active,Valid,FALSE,Lower Value,Active,1
C00143,2025-02-01,1745.91,10259.75,10239.02,26,10,16,8,0,0,0,0,,0,8,4.7,FALSE,45,Active,,Valid or active,Valid,FALSE,Lower Value,Active,0
C00143,2025-03-01,1607.75,13017.24,12795.51,35,0,8,7,0,1,0,0,,1,2,3.8,TRUE,38.6,Active,,Valid or active,Valid,FALSE,Lower Value,Active,1
C00143,2025-04-01,1315.28,12427.53,15776.73,28,6,7,15,0,1,0,0,,1,6,4.3,TRUE,36,Active,,Valid or active,Valid,FALSE,Lower Value,Active,1
C00143,2025-05-01,-618.4,7811.47,9502.12,28,0,19,14,1,0,1,0,,0,3,4.2,TRUE,44.5,Active,,Valid or active,Valid,FALSE,Lower Value,Active,1
C00143,2025-06-01,-1282.17,10707.45,10593.52,33,2,15,9,1,1,0,1,2,1,2,4,FALSE,44.8,Active,,Valid or active,Valid,FALSE,Lower Value,Active,0
C00143,2025-07-01,-93.2,10649.52,9952.82,28,0,13,11,0,0,0,0,,1,8,3.9,TRUE,38.9,Active,,Valid or active,Valid,FALSE,Lower Value,Active,1
C00143,2025-08-01,750.95,9659.21,8280.59,29,5,14,12,0,0,0,0,,0,4,4,TRUE,42.7,Active,,Valid or active,Valid,FALSE,Lower Value,Active,1
C00143,2025-09-01,893.41,11910.53,9674.1,29,6,12,8,2,1,0,0,,0,5,4.4,TRUE,41.3,Active,,Valid or active,Valid,FALSE,Lower Value,Active,1
C00143,2025-10-01,759.17,13772.15,12971.54,21,2,8,10,0,0,0,0,,0,11,4.7,TRUE,30.7,Active,,Valid or active,Valid,FALSE,Lower Value,Active,1
C00143,2025-11-01,175.99,9682.64,9257.86,17,7,11,15,0,0,0,0,,1,19,3.7,TRUE,33.2,Active,,Valid or active,Valid,FALSE,Lower Value,Active,1
C00143,2025-12-01,835.8,10395.09,10936.53,26,2,14,6,0,1,0,0,,0,8,3.7,FALSE,39.4,Active,,Valid or active,Valid,FALSE,Lower Value,Active,0
C00144,2025-01-01,8145.95,3634.35,4391.27,28,21,12,6,2,0,0,0,,0,1,2.7,FALSE,47.5,Churned,12/19/2025,Valid or active,Valid,FALSE,Lower Value,Churned,0
C00144,2025-02-01,9845.14,2995.06,3997.48,21,11,10,7,1,0,0,0,,0,13,3,FALSE,36.7,Churned,12/19/2025,Valid or active,Valid,FALSE,Lower Value,Churned,0
C00144,2025-03-01,9048.54,2563.6,5222.51,28,24,8,3,1,0,0,0,,2,2,2.3,FALSE,45.2,Churned,12/19/2025,Valid or active,Valid,FALSE,Lower Value,Churned,0
C00144,2025-04-01,8496.73,3250.57,4648.66,10,2,12,5,1,0,0,0,,0,13,2.6,FALSE,27.4,Churned,12/19/2025,Valid or active,Valid,FALSE,Lower Value,Churned,0
C00144,2025-05-01,8092.92,2724.09,3521.9,15,14,6,3,1,0,0,0,,0,14,3.3,FALSE,30.5,Churned,12/19/2025,Valid or active,Valid,FALSE,Lower Value,Churned,0
C00144,2025-06-01,10255.44,2854.41,2794.16,26,13,3,2,1,0,0,0,,0,4,3.2,FALSE,34.2,Churned,12/19/2025,Valid or active,Valid,FALSE,Lower Value,Churned,0
C00144,2025-07-01,7990.73,3423.53,4866.49,15,13,10,8,0,1,0,0,,0,16,3.2,FALSE,33.8,Churned,12/19/2025,Valid or active,Valid,FALSE,Lower Value,Churned,0
C00144,2025-08-01,9276.16,3699.39,5416.98,22,5,10,4,0,0,0,0,,0,7,2.3,FALSE,34.6,Churned,12/19/2025,Valid or active,Valid,FALSE,Lower Value,Churned,0
C00144,2025-09-01,6412.2,2830.57,4311.69,44,28,13,17,1,1,0,0,,0,7,3.4,FALSE,61.8,Churned,12/19/2025,Valid or active,Valid,FALSE,Lower Value,Churned,0
C00144,2025-10-01,8181.43,3249.39,2718.36,20,10,6,0,0,0,0,0,,1,12,2.8,FALSE,31.8,Churned,12/19/2025,Valid or active,Valid,FALSE,Lower Value,Churned,0
C00144,2025-11-01,10474.15,3617.65,4175.05,17,6,5,10,2,0,0,0,,2,15,2.4,FALSE,27.2,Churned,12/19/2025,Valid or active,Valid,FALSE,Lower Value,Churned,0
C00144,2025-12-01,6003.58,3422.28,4079.86,18,11,11,11,1,0,0,0,,2,17,3.5,FALSE,35.7,Churned,12/19/2025,Valid or active,Valid,FALSE,Lower Value,Churned,0
C00145,2025-01-01,29759.54,15227.82,21912.76,59,39,24,25,1,1,0,0,,0,0,3.6,TRUE,89.3,Active,,Valid or active,Valid,FALSE,Lower Value,Active,1
C00145,2025-02-01,32127.87,14410.68,15165.1,63,32,18,26,0,0,0,0,,2,1,3.3,TRUE,82.9,Active,,Valid or active,Valid,FALSE,Lower Value,Active,1
C00145,2025-03-01,29033.24,22176.52,30247.39,53,22,21,19,2,1,0,0,,2,0,3.9,TRUE,76.7,Active,,Valid or active,Valid,FALSE,Lower Value,Active,1
C00145,2025-04-01,31415.55,14110.17,19014.6,53,31,21,11,2,0,1,1,4,1,0,3.6,TRUE,80.8,Active,,Valid or active,Valid,FALSE,Lower Value,Active,1
C00145,2025-05-01,30233.86,16225.19,19665.07,55,36,20,15,1,0,0,0,,0,3,3.8,TRUE,83,Active,,Valid or active,Valid,FALSE,Lower Value,Active,1
C00145,2025-06-01,29959.14,21501.43,19791.34,46,29,17,17,0,2,0,0,,0,6,3.2,TRUE,71.8,Active,,Valid or active,Valid,FALSE,Lower Value,Active,1
C00145,2025-07-01,32199.67,13433.01,14688.27,50,26,27,18,0,0,1,0,,0,9,3.9,TRUE,82.3,Active,,Valid or active,Valid,FALSE,Lower Value,Active,1
C00145,2025-08-01,28416.1,15351.01,18359.56,61,38,20,20,2,0,0,0,,0,6,3.3,TRUE,86.2,Active,,Valid or active,Valid,FALSE,Lower Value,Active,1
C00145,2025-09-01,25553.3,21843.14,27786.41,47,21,25,23,0,0,0,1,5.4,0,2,3.4,TRUE,76.2,Active,,Valid or active,Valid,FALSE,Lower Value,Active,1
C00145,2025-10-01,28845.45,20311.89,20470.7,38,16,17,19,0,0,0,0,,0,2,4,TRUE,60.7,Active,,Valid or active,Valid,FALSE,Lower Value,Active,1
C00145,2025-11-01,28356.21,13993.49,14630.04,41,21,26,20,1,0,0,0,,1,0,3.5,TRUE,73.3,Active,,Valid or active,Valid,FALSE,Lower Value,Active,1
C00145,2025-12-01,25544.25,13333.1,15363.61,53,27,24,25,1,1,0,0,,0,0,4,TRUE,81.8,Active,,Valid or active,Valid,FALSE,Lower Value,Active,1
C00146,2025-01-01,6355.92,16403.1,15210.15,44,29,16,17,2,0,0,0,,1,1,3.6,TRUE,65.1,Active,,Valid or active,Valid,FALSE,Lower Value,Active,1
C00146,2025-02-01,6361.35,11273.49,11816.19,36,16,14,17,1,1,0,0,,0,6,3.5,TRUE,52.2,Active,,Valid or active,Valid,FALSE,Lower Value,Active,1
C00146,2025-03-01,8929.27,14681.95,19670.49,49,21,18,20,0,0,1,1,2.7,0,0,4.2,TRUE,66.4,Active,,Valid or active,Valid,FALSE,Lower Value,Active,1
C00146,2025-04-01,5658.92,17943.12,18755.02,32,13,23,17,0,1,0,0,,0,0,3.9,TRUE,56.7,Active,,Valid or active,Valid,FALSE,Lower Value,Active,1
C00146,2025-05-01,6342.51,17436.12,19173.03,34,22,20,20,2,0,0,0,,0,0,4,TRUE,59.3,Active,,Valid or active,Valid,FALSE,Lower Value,Active,1
C00146,2025-06-01,4663.24,15973.88,19075.58,37,23,14,11,0,1,0,0,,1,7,3.8,TRUE,56,Active,,Valid or active,Valid,FALSE,Lower Value,Active,1
C00146,2025-07-01,8154.43,17380.24,24213.33,43,23,18,22,1,2,1,1,2,0,4,3.7,TRUE,63.5,Active,,Valid or active,Valid,FALSE,Lower Value,Active,1
C00146,2025-08-01,6497.16,12606.62,10318.98,31,15,18,24,1,0,0,0,,0,0,3.4,TRUE,52.3,Active,,Valid or active,Valid,FALSE,Lower Value,Active,1
C00146,2025-09-01,6824.09,14703.13,19150.93,51,22,20,28,0,0,0,0,,2,0,4,TRUE,70,Active,,Valid or active,Valid,FALSE,Lower Value,Active,1
C00146,2025-10-01,5438.92,15892.39,16023.15,35,21,12,20,0,0,0,0,,2,6,3.5,TRUE,52,Active,,Valid or active,Valid,FALSE,Lower Value,Active,1
C00146,2025-11-01,6839.48,18962.52,20848.04,42,21,11,11,0,0,0,0,,0,1,3.3,TRUE,55.5,Active,,Valid or active,Valid,FALSE,Lower Value,Active,1
C00146,2025-12-01,5392.55,17513.93,20291.63,33,14,16,14,1,0,0,0,,0,3,3.9,TRUE,51.2,Active,,Valid or active,Valid,FALSE,Lower Value,Active,1
C00147,2025-01-01,34604.94,23767.19,29317.87,42,34,24,22,3,1,1,1,7.3,2,0,3.2,TRUE,73.5,Churned,12/11/2025,Valid or active,Valid,FALSE,Lower Value,Churned,1
C00147,2025-02-01,31666.23,24891.95,23711.98,43,22,18,20,1,2,1,1,6.8,2,0,3.1,TRUE,63.1,Churned,12/11/2025,Valid or active,Valid,FALSE,Lower Value,Churned,1
C00147,2025-03-01,26777.01,15767.68,13867.05,30,11,18,21,0,1,1,0,,1,0,2.8,FALSE,49.8,Churned,12/11/2025,Valid or active,Valid,FALSE,Lower Value,Churned,0
C00147,2025-04-01,26400.31,21294.59,24635.12,25,17,17,4,2,1,0,1,12.9,0,9,3.1,TRUE,48.5,Churned,12/11/2025,Valid or active,Valid,FALSE,Lower Value,Churned,1
C00147,2025-05-01,29645.23,23298.29,21258.21,38,25,16,10,0,1,1,0,,0,0,2.5,TRUE,59.4,Churned,12/11/2025,Valid or active,Valid,FALSE,Lower Value,Churned,1
C00147,2025-06-01,34378.32,29835.76,30778.09,35,20,25,25,0,2,0,0,,0,3,3.2,TRUE,63.6,Churned,12/11/2025,Valid or active,Valid,FALSE,Lower Value,Churned,1
C00147,2025-07-01,29696.38,21920.77,17825.74,40,24,18,25,3,1,0,1,8.9,0,3,3.3,FALSE,62.1,Churned,12/11/2025,Valid or active,Valid,FALSE,Lower Value,Churned,0
C00147,2025-08-01,32079.56,20133.43,25689,51,29,15,15,1,0,1,0,,0,6,2.6,FALSE,68.6,Churned,12/11/2025,Valid or active,Valid,FALSE,Lower Value,Churned,0
C00147,2025-09-01,30084.6,21362.75,25960.11,28,13,17,27,0,2,1,0,,0,0,2.7,TRUE,48.5,Churned,12/11/2025,Valid or active,Valid,FALSE,Lower Value,Churned,1
C00147,2025-10-01,28724.9,21020.85,16728.2,26,17,13,7,5,2,1,0,,3,2,2.1,TRUE,45.4,Churned,12/11/2025,Valid or active,Valid,FALSE,Lower Value,Churned,1
C00147,2025-11-01,27786.63,28959.2,33915.42,22,19,20,16,1,1,1,0,,1,13,2.4,TRUE,50.3,Churned,12/11/2025,Valid or active,Valid,FALSE,Lower Value,Churned,1
C00147,2025-12-01,23463.88,23229.85,16488.56,36,17,20,17,0,3,0,2,9.5,2,3,2.5,FALSE,58.2,Churned,12/11/2025,Valid or active,Valid,FALSE,Lower Value,Churned,0
C00148,2025-01-01,15038.48,2031.45,4600.9,39,22,15,10,0,0,0,0,,1,0,4.1,FALSE,66.8,Active,,Valid or active,Valid,FALSE,Lower Value,Active,0
C00148,2025-02-01,14411.36,3148.75,5087.96,34,14,15,17,0,0,0,0,,0,7,3.6,FALSE,59.9,Active,,Valid or active,Valid,FALSE,Lower Value,Active,0
C00148,2025-03-01,16084.72,2028.39,3715.2,43,22,15,4,1,2,0,0,,1,4,3.9,FALSE,69.3,Active,,Valid or active,Valid,FALSE,Lower Value,Active,0
C00148,2025-04-01,16779.18,2969.39,7251.75,47,31,16,20,1,1,0,0,,2,4,3.9,FALSE,76.9,Active,,Valid or active,Valid,FALSE,Lower Value,Active,0
C00148,2025-05-01,16212.65,2782.73,5353.57,31,14,15,12,2,0,0,0,,0,0,3.7,FALSE,58,Active,,Valid or active,Valid,FALSE,Lower Value,Active,0
C00148,2025-06-01,15830.89,1959.89,4391.51,36,23,11,16,0,0,0,0,,1,5,3.8,FALSE,61.6,Active,,Valid or active,Valid,FALSE,Lower Value,Active,0
C00148,2025-07-01,17275.62,1914.7,4291.44,44,26,13,11,4,0,0,0,,1,7,3.9,FALSE,69.9,Active,,Valid or active,Valid,FALSE,Lower Value,Active,0
C00148,2025-08-01,15343,2596.54,4194.38,48,23,24,27,0,0,0,0,,0,0,4.2,FALSE,81.3,Active,,Valid or active,Valid,FALSE,Lower Value,Active,0
C00148,2025-09-01,17913.85,2021.06,5671.69,52,28,22,25,0,0,0,0,,1,1,3.4,FALSE,84.3,Active,,Valid or active,Valid,FALSE,Lower Value,Active,0
C00148,2025-10-01,18396.55,2348.11,6836.66,49,25,21,23,1,0,0,0,,1,1,3.9,FALSE,80.1,Active,,Valid or active,Valid,FALSE,Lower Value,Active,0
C00148,2025-11-01,17384.08,2114.41,4567.33,49,30,13,2,1,0,0,0,,1,1,3.6,FALSE,74.9,Active,,Valid or active,Valid,FALSE,Lower Value,Active,0
C00148,2025-12-01,18980.82,2512.49,5426.65,50,30,26,25,1,0,0,0,,0,0,3.5,FALSE,87.6,Active,,Valid or active,Valid,FALSE,Lower Value,Active,0
C00149,2025-01-01,68295.89,48767.05,41181.84,71,0,2,0,0,0,0,0,,0,9,5,TRUE,53.4,Active,,Valid or active,Valid,FALSE,Lower Value,Active,1
C00149,2025-02-01,61461.01,50597.04,42711.72,81,7,5,3,0,0,0,0,,0,9,4.5,TRUE,59.4,Active,,Valid or active,Valid,FALSE,Lower Value,Active,1
C00149,2025-03-01,56241.13,34628.78,36757.74,76,0,5,6,0,0,0,0,,0,2,4.4,TRUE,56.2,Active,,Valid or active,Valid,FALSE,Lower Value,Active,1
C00149,2025-04-01,67566.81,25569.66,32395.55,56,0,0,0,1,0,0,0,,1,11,5,FALSE,49,Active,,Valid or active,Valid,FALSE,Lower Value,Active,0
C00149,2025-05-01,59967.05,45364.49,34690.93,71,6,4,15,0,0,0,0,,0,8,4.3,TRUE,58,Active,,Valid or active,Valid,FALSE,Lower Value,Active,1
C00149,2025-06-01,56911.78,53774.62,47986.62,76,7,0,5,1,0,0,0,,2,12,4.1,TRUE,54.7,Active,,Valid or active,Valid,FALSE,Lower Value,Active,1
C00149,2025-07-01,57172.29,48903.21,50077.93,89,8,2,2,0,2,0,0,,2,1,4.3,TRUE,57,Active,,Valid or active,Valid,FALSE,Lower Value,Active,1
C00149,2025-08-01,68837.57,30671.44,39713.63,79,6,0,0,1,0,0,0,,2,6,4,FALSE,54.2,Active,,Valid or active,Valid,FALSE,Lower Value,Active,0
C00149,2025-09-01,45060.96,35544.59,28558.19,79,4,2,0,0,0,1,1,2.5,0,4,5,TRUE,55.2,Active,,Valid or active,Valid,FALSE,Lower Value,Active,1
C00149,2025-10-01,58913.15,52268.96,56978.84,65,8,8,10,2,0,0,0,,0,13,4.7,TRUE,62.6,Active,,Valid or active,Valid,FALSE,Lower Value,Active,1
C00149,2025-11-01,65746.69,41030.05,52220.74,62,1,7,4,1,0,0,0,,1,4,3.6,TRUE,58.5,Active,,Valid or active,Valid,FALSE,Lower Value,Active,1
C00149,2025-12-01,59414.96,38504.71,47943.67,74,6,4,6,1,0,0,0,,0,5,4.5,TRUE,58,Active,,Valid or active,Valid,FALSE,Lower Value,Active,1
C00150,2025-01-01,29069.28,12961.4,11386.72,34,5,19,23,0,0,0,0,,2,6,4.6,TRUE,46.1,Active,,Valid or active,Valid,FALSE,Lower Value,Active,1
C00150,2025-02-01,31584.54,9429.29,9855.92,36,6,20,27,0,0,0,0,,0,7,4.8,TRUE,48.7,Active,,Valid or active,Valid,FALSE,Lower Value,Active,1
C00150,2025-03-01,34300.38,10517,13453.06,32,2,17,14,1,0,0,0,,0,4,5,TRUE,41.5,Active,,Valid or active,Valid,FALSE,Lower Value,Active,1
C00150,2025-04-01,38615.39,15236.99,16427.75,29,4,14,15,0,0,0,0,,0,8,4.5,TRUE,37.8,Active,,Valid or active,Valid,FALSE,Lower Value,Active,1
C00150,2025-05-01,30134.48,11747.74,15287.63,50,1,16,20,2,0,0,0,,1,8,,TRUE,51.6,Active,,Valid or active,Valid,FALSE,Lower Value,Active,1
C00150,2025-06-01,37948.43,10799.72,14676.2,43,3,10,8,1,1,0,0,,0,5,5,FALSE,42.4,Active,,Valid or active,Valid,FALSE,Lower Value,Active,0
C00150,2025-07-01,35420.81,10501.14,9034.82,47,6,9,2,2,0,0,0,,0,9,5,TRUE,45.4,Active,,Valid or active,Valid,FALSE,Lower Value,Active,1
C00150,2025-08-01,41823.37,14103.94,20907.08,57,4,16,15,1,1,0,0,,0,9,5,TRUE,57.4,Active,,Valid or active,Valid,FALSE,Lower Value,Active,1
C00150,2025-09-01,46378.64,12884.84,16590.64,59,0,13,19,0,1,0,0,,1,0,4.1,TRUE,54,Active,,Valid or active,Valid,FALSE,Lower Value,Active,1
C00150,2025-10-01,41378.33,14478.48,20226.77,42,2,17,18,1,0,0,0,,1,6,4.2,TRUE,47.9,Active,,Valid or active,Valid,FALSE,Lower Value,Active,1
C00150,2025-11-01,45066.83,13900.18,18247.6,55,0,23,24,0,0,0,0,,0,0,4.6,TRUE,60.8,Active,,Valid or active,Valid,FALSE,Lower Value,Active,1
C00150,2025-12-01,41059.82,14494.61,18290.5,72,0,11,10,1,0,0,0,,0,6,4.1,TRUE,52.8,Active,,Valid or active,Valid,FALSE,Lower Value,Active,1
C00151,2025-01-01,32783.72,14485.63,19024.5,65,1,13,19,0,1,0,0,,0,2,3,TRUE,59.6,Active,,Valid or active,Valid,FALSE,High Value,Active,1
C00151,2025-02-01,32113.85,14751.77,20434.11,63,5,20,26,2,0,0,0,,2,3,2.1,TRUE,68,Active,,Valid or active,Valid,FALSE,High Value,Active,1
C00151,2025-03-01,31726.27,12224.8,14079.27,56,10,19,24,0,0,0,0,,1,0,3.2,TRUE,66.8,Active,,Valid or active,Valid,FALSE,High Value,Active,1
C00151,2025-04-01,32935.47,14813.71,14978.98,56,10,10,14,0,1,0,0,,0,10,3.1,TRUE,58.4,Active,,Valid or active,Valid,FALSE,High Value,Active,1
C00151,2025-05-01,30750.18,11725.11,17551.2,49,7,9,4,1,0,0,0,,1,0,3.4,TRUE,51.6,Active,,Valid or active,Valid,FALSE,High Value,Active,1
C00151,2025-06-01,35588.5,11692.66,18338.6,61,7,19,15,0,1,0,0,,1,1,3.5,TRUE,67.9,Active,,Valid or active,Valid,FALSE,High Value,Active,1
C00151,2025-07-01,31739,9901.75,12529.64,65,8,15,13,0,2,0,0,,1,1,3.8,TRUE,64.7,Active,,Valid or active,Valid,FALSE,High Value,Active,1
C00151,2025-08-01,30244.63,17049.68,16710.68,61,3,15,23,0,0,0,0,,1,1,3.8,TRUE,62.4,Active,,Valid or active,Valid,FALSE,High Value,Active,1
C00151,2025-09-01,31897.47,11311.1,17419.04,62,8,17,16,1,0,0,0,,1,8,2.8,FALSE,66.5,Active,,Valid or active,Valid,FALSE,High Value,Active,0
C00151,2025-10-01,24987.58,15823.47,20759.44,49,0,12,11,0,1,0,0,,2,5,3.1,TRUE,51.2,Active,,Valid or active,Valid,FALSE,High Value,Active,1
C00151,2025-11-01,33039.82,10912.64,14556.31,47,14,10,9,2,0,0,0,,0,11,2.8,TRUE,54.5,Active,,Valid or active,Valid,FALSE,High Value,Active,1
C00151,2025-12-01,32936.37,12161.45,17528.16,45,3,13,15,3,1,0,0,,0,0,2.5,TRUE,51,Active,,Valid or active,Valid,FALSE,High Value,Active,1
C00152,2025-01-01,28360.24,12301.84,9832.73,28,4,29,19,0,1,0,0,,0,5,2.9,TRUE,55.6,Churned,12/11/2025,Valid or active,Valid,FALSE,Lower Value,Churned,1
C00152,2025-02-01,25358.7,8062.64,10716.91,43,8,25,25,2,0,0,0,,0,0,2.7,FALSE,63.2,Churned,12/11/2025,Valid or active,Valid,FALSE,Lower Value,Churned,0
C00152,2025-03-01,27134.03,13401.7,15074.4,34,0,29,23,1,0,0,0,,0,0,2.8,FALSE,57.6,Churned,12/11/2025,Valid or active,Valid,FALSE,Lower Value,Churned,0
C00152,2025-04-01,24506.35,15225.83,14025.72,24,2,22,17,0,0,1,1,1.8,0,9,2.8,TRUE,45.6,Churned,12/11/2025,Valid or active,Valid,FALSE,Lower Value,Churned,1
C00152,2025-05-01,23401.04,10885.69,10899.63,37,0,21,12,1,0,0,0,,1,0,2.8,TRUE,52,Churned,12/11/2025,Valid or active,Valid,FALSE,Lower Value,Churned,1
C00152,2025-06-01,22690.46,15583.87,13347.28,18,0,22,19,0,1,0,0,,0,5,3.8,TRUE,40.9,Churned,12/11/2025,Valid or active,Valid,FALSE,Lower Value,Churned,1
C00152,2025-07-01,22097.82,11725.6,8779.66,18,2,21,15,1,0,0,0,,0,7,3.3,TRUE,40.9,Churned,12/11/2025,Valid or active,Valid,FALSE,Lower Value,Churned,1
C00152,2025-08-01,19970.86,17067.4,19693.76,25,3,16,9,1,0,0,0,,0,12,2.9,TRUE,41.1,Churned,12/11/2025,Valid or active,Valid,FALSE,Lower Value,Churned,1
C00152,2025-09-01,9800.39,12915.37,15982.43,22,0,15,25,0,0,1,1,3.1,0,11,2.7,TRUE,36.9,Churned,12/11/2025,Valid or active,Valid,FALSE,Lower Value,Churned,1
C00152,2025-10-01,11511.76,16619.49,16166.6,13,0,14,0,1,2,0,0,,1,14,3,TRUE,30.3,Churned,12/11/2025,Valid or active,Valid,FALSE,Lower Value,Churned,1
C00152,2025-11-01,2715.95,11372.79,14431.17,40,3,15,18,4,2,1,0,,0,3,2.6,TRUE,49.7,Churned,12/11/2025,Valid or active,Valid,FALSE,Lower Value,Churned,1
C00152,2025-12-01,10473.01,11217.3,8805.67,9,4,12,16,0,0,0,1,2.8,0,17,3.1,FALSE,27.7,Churned,12/11/2025,Valid or active,Valid,FALSE,Lower Value,Churned,0
C00153,2025-01-01,46826.74,12910.79,14314.43,47,29,3,5,2,0,0,0,,0,7,3.2,TRUE,63.8,Active,,Valid or active,Valid,FALSE,High Value,Active,1
C00153,2025-02-01,59836.45,9459.48,17081.37,57,33,11,11,0,0,0,0,,0,0,3.9,TRUE,79.5,Active,,Valid or active,Valid,FALSE,High Value,Active,1
C00153,2025-03-01,53020.4,12461.94,10826.55,28,16,4,7,1,2,1,0,,0,5,3.8,TRUE,46.8,Active,,Valid or active,Valid,FALSE,High Value,Active,1
C00153,2025-04-01,73511.27,8188.04,11677.44,41,24,0,0,1,1,0,1,4.3,2,5,3.6,FALSE,54.9,Active,,Valid or active,Valid,FALSE,High Value,Active,0
C00153,2025-05-01,66796.83,13508.85,20292.15,57,36,7,7,0,0,0,0,,0,3,3.7,TRUE,76.6,Active,,Valid or active,Valid,FALSE,High Value,Active,1
C00153,2025-06-01,65409.68,9128.07,12849.63,49,20,11,12,1,1,0,0,,1,7,2.7,TRUE,68.4,Active,,Valid or active,Valid,FALSE,High Value,Active,1
C00153,2025-07-01,78231.59,12111.33,12155.35,54,29,0,0,0,0,0,0,,0,8,3.6,TRUE,65.5,Active,,Valid or active,Valid,FALSE,High Value,Active,1
C00153,2025-08-01,72556.09,9522.9,9879.19,54,38,10,16,2,1,0,0,,0,3,4,TRUE,77.5,Active,,Valid or active,Valid,FALSE,High Value,Active,1
C00153,2025-09-01,80129.76,10797.75,14656.85,62,28,4,2,0,0,0,0,,2,8,3.9,FALSE,72.5,Active,,Valid or active,Valid,FALSE,High Value,Active,0
C00153,2025-10-01,80805.27,11736.95,15367.03,55,29,9,15,4,1,0,0,,1,13,3.5,TRUE,74.5,Active,,Valid or active,Valid,FALSE,High Value,Active,1
C00153,2025-11-01,76244.07,10899.43,14879.93,59,34,5,0,0,1,0,0,,1,6,3.3,TRUE,75.6,Active,,Valid or active,Valid,FALSE,High Value,Active,1
C00153,2025-12-01,68060.51,11044.35,14411.99,56,30,0,0,0,1,0,0,,0,9,4,FALSE,67.2,Active,,Valid or active,Valid,FALSE,High Value,Active,0
C00154,2025-01-01,20729.96,12071.5,11471.53,43,2,12,11,0,0,1,1,7.2,1,6,4.2,TRUE,43.8,Churned,11/8/2025,Valid or active,Valid,FALSE,Lower Value,Churned,1
C00154,2025-02-01,20883.04,13475.31,12681.12,39,0,6,8,3,0,0,0,,0,10,4.8,TRUE,34.8,Churned,11/8/2025,Valid or active,Valid,FALSE,Lower Value,Churned,1
C00154,2025-03-01,17971.38,13331.66,17678.8,43,3,9,0,3,1,0,0,,1,7,4.9,TRUE,41.5,Churned,11/8/2025,Valid or active,Valid,FALSE,Lower Value,Churned,1
C00154,2025-04-01,22011.35,8784.98,12370.82,46,0,1,4,0,0,0,0,,1,8,5,TRUE,34.6,Churned,11/8/2025,Valid or active,Valid,FALSE,Lower Value,Churned,1
C00154,2025-05-01,20123.93,9353.98,13264.61,22,0,5,9,0,1,0,0,,0,10,5,TRUE,23.1,Churned,11/8/2025,Valid or active,Valid,FALSE,Lower Value,Churned,1
C00154,2025-06-01,20233.8,12604.9,12092.21,35,0,9,11,0,1,0,0,,1,5,5,TRUE,35.1,Churned,11/8/2025,Valid or active,Valid,FALSE,Lower Value,Churned,1
C00154,2025-07-01,16387.92,9908.08,12740.02,57,1,7,9,0,1,0,0,,2,3,5,TRUE,47.6,Churned,11/8/2025,Valid or active,Valid,FALSE,Lower Value,Churned,1
C00154,2025-08-01,18537.67,13299.45,11176.55,38,10,3,6,0,1,1,1,4.5,1,2,4.6,TRUE,35.9,Churned,11/8/2025,Valid or active,Valid,FALSE,Lower Value,Churned,1
C00154,2025-09-01,18669.79,9683.67,7195.66,32,6,8,10,0,2,0,0,,0,6,5,TRUE,35,Churned,11/8/2025,Valid or active,Valid,FALSE,Lower Value,Churned,1
C00154,2025-10-01,15796.03,10995.32,10460.74,16,0,5,3,0,1,0,0,,1,18,4.8,FALSE,19.3,Churned,11/8/2025,Valid or active,Valid,FALSE,Lower Value,Churned,0
C00154,2025-11-01,18787.6,12052.42,15663.97,30,0,8,13,1,2,0,0,,1,4,4.8,TRUE,31,Churned,11/8/2025,Valid or active,Valid,FALSE,Lower Value,Churned,1
C00154,2025-12-01,18080.11,13027.1,15394.24,38,0,2,0,0,1,0,0,,0,8,4.7,TRUE,30.4,Churned,11/8/2025,Post-churn activity,Valid,TRUE,Lower Value,Churned,1
C00155,2025-01-01,4025.45,2078.75,5953.72,33,5,20,20,0,1,1,1,0.4,0,8,4.4,FALSE,46.4,Active,,Valid or active,Valid,FALSE,Lower Value,Active,0
C00155,2025-02-01,6115.79,2963,6699.44,57,0,21,22,1,0,0,0,,1,8,4.8,FALSE,60.2,Active,,Valid or active,Valid,FALSE,Lower Value,Active,0
C00155,2025-03-01,7641.5,2183.22,7589.65,54,0,13,17,0,0,0,0,,1,2,4.9,FALSE,50.8,Active,,Valid or active,Valid,FALSE,Lower Value,Active,0
C00155,2025-04-01,6427.01,2720.98,4787.71,48,4,14,13,1,0,0,0,,1,0,3.9,FALSE,49.8,Active,,Valid or active,Valid,FALSE,Lower Value,Active,0
C00155,2025-05-01,7363.8,2188.98,6636.79,50,4,15,12,0,0,0,0,,1,5,4.4,FALSE,52,Active,,Valid or active,Valid,FALSE,Lower Value,Active,0
C00155,2025-06-01,8007.79,2600.64,7419.03,47,10,14,17,0,0,0,0,,1,2,5,FALSE,51.9,Active,,Valid or active,Valid,FALSE,Lower Value,Active,0
C00155,2025-07-01,8156.22,2289.39,4171.5,58,7,15,10,2,1,0,0,,0,2,4.1,FALSE,58.4,Active,,Valid or active,Valid,FALSE,Lower Value,Active,0
C00155,2025-08-01,7331.01,2267.38,6551.74,47,4,11,10,0,0,0,0,,3,3,4.3,FALSE,46.4,Active,,Valid or active,Valid,FALSE,Lower Value,Active,0
C00155,2025-09-01,7209.44,2486.92,4305.88,51,6,17,11,1,2,0,0,,2,3,4.5,FALSE,55.4,Active,,Valid or active,Valid,FALSE,Lower Value,Active,0
C00155,2025-10-01,7353.93,2334.56,5936.6,49,10,20,17,1,0,0,0,,2,0,5,FALSE,58.8,Active,,Valid or active,Valid,FALSE,Lower Value,Active,0
C00155,2025-11-01,6620.48,1947.59,2811.33,35,4,24,20,2,0,0,0,,1,7,4.7,FALSE,50.9,Active,,Valid or active,Valid,FALSE,Lower Value,Active,0
C00155,2025-12-01,8711.45,2299.77,4974.64,56,3,26,31,0,1,0,0,,0,0,4.4,FALSE,65.6,Active,,Valid or active,Valid,FALSE,Lower Value,Active,0
C00156,2025-01-01,7235.97,1764.12,5999.85,38,18,0,1,2,1,0,0,,0,8,4.6,FALSE,41.3,Active,,Valid or active,Valid,FALSE,Lower Value,Active,0
C00156,2025-02-01,5335.15,1876.02,3999.31,33,17,0,0,3,2,0,0,,2,6,3.5,FALSE,37.7,Active,,Valid or active,Valid,FALSE,Lower Value,Active,0
C00156,2025-03-01,6651.68,2477.15,5951.07,52,35,1,0,4,0,0,0,,0,5,3.9,FALSE,58.9,Active,,Valid or active,Valid,FALSE,Lower Value,Active,0
C00156,2025-04-01,7027.4,2293.41,4325.57,24,13,0,4,3,0,0,0,,2,9,3.7,FALSE,30.1,Active,,Valid or active,Valid,FALSE,Lower Value,Active,0
C00156,2025-05-01,7481.12,2008.68,2799.72,33,16,0,0,1,0,1,1,9.7,0,9,3.4,FALSE,37.2,Active,,Valid or active,Valid,FALSE,Lower Value,Active,0
C00156,2025-06-01,6994.85,2286.76,3357.62,26,12,1,5,4,1,0,0,,1,7,4.5,FALSE,31.9,Active,,Valid or active,Valid,FALSE,Lower Value,Active,0
C00156,2025-07-01,7452.28,2078.04,6572.24,43,28,1,1,0,1,0,0,,0,10,4.1,FALSE,50,Active,,Valid or active,Valid,FALSE,Lower Value,Active,0
C00156,2025-08-01,6763.5,2579.64,5162.91,36,25,1,8,2,0,0,0,,1,13,4.3,FALSE,44.2,Active,,Valid or active,Valid,FALSE,Lower Value,Active,0
C00156,2025-09-01,5811.61,2597.05,6115.62,42,25,4,0,1,1,0,0,,0,9,,FALSE,50.8,Active,,Valid or active,Valid,FALSE,Lower Value,Active,0
C00156,2025-10-01,6642.17,1481.85,2840.17,41,16,0,5,5,2,0,0,,1,8,4.2,FALSE,42.3,Active,,Valid or active,Valid,FALSE,Lower Value,Active,0
C00156,2025-11-01,6250.1,1951.06,7440.59,47,31,0,2,0,0,0,0,,0,10,3.6,FALSE,52.9,Active,,Valid or active,Valid,FALSE,Lower Value,Active,0
C00156,2025-12-01,5762.09,2596.4,6948.64,44,26,0,6,3,0,0,0,,0,10,3.4,FALSE,48.8,Active,,Valid or active,Valid,FALSE,Lower Value,Active,0
C00157,2025-01-01,4199.07,13108.65,12926.34,50,28,9,17,4,0,0,0,,0,6,4.4,TRUE,70.9,Active,,Valid or active,Valid,FALSE,Lower Value,Active,1
C00157,2025-02-01,4869.8,14400.84,18157.69,66,38,13,10,0,1,0,0,,0,0,4,TRUE,84.1,Active,,Valid or active,Valid,FALSE,Lower Value,Active,1
C00157,2025-03-01,6066.27,8431.93,12238.53,48,23,12,12,0,0,0,0,,1,4,4.8,TRUE,70.1,Active,,Valid or active,Valid,FALSE,Lower Value,Active,1
C00157,2025-04-01,4651.2,7019.7,10278.58,48,29,13,9,2,0,0,0,,1,8,4.5,FALSE,73.8,Active,,Valid or active,Valid,FALSE,Lower Value,Active,0
C00157,2025-05-01,4275.13,11755.1,16162.35,47,25,8,6,3,0,0,0,,2,0,4.2,TRUE,66.7,Active,,Valid or active,Valid,FALSE,Lower Value,Active,1
C00157,2025-06-01,7454.92,11032.81,12513.71,62,34,13,5,2,1,0,0,,0,0,4.8,TRUE,83.7,Active,,Valid or active,Valid,FALSE,Lower Value,Active,1
C00157,2025-07-01,5227.18,14305.59,18426.74,57,37,10,3,0,1,0,0,,0,4,5,TRUE,79.4,Active,,Valid or active,Valid,FALSE,Lower Value,Active,1
C00157,2025-08-01,3725.71,12878.54,19429.38,59,31,9,6,1,0,0,0,,4,6,3.9,TRUE,77.9,Active,,Valid or active,Valid,FALSE,Lower Value,Active,1
C00157,2025-09-01,2977.85,13089.68,15457.06,45,25,13,13,0,0,0,0,,1,1,4.5,TRUE,70.1,Active,,Valid or active,Valid,FALSE,Lower Value,Active,1
C00157,2025-10-01,3943.65,8519.91,11134.07,52,27,11,3,4,1,0,0,,0,0,4.3,FALSE,73.5,Active,,Valid or active,Valid,FALSE,Lower Value,Active,0
C00157,2025-11-01,4603,14086.34,18128.24,48,25,15,12,5,1,0,0,,2,2,4.8,TRUE,73.8,Active,,Valid or active,Valid,FALSE,Lower Value,Active,1
C00157,2025-12-01,6402.48,13292.81,14929.11,41,23,12,2,1,0,0,0,,1,4,4.2,TRUE,65.7,Active,,Valid or active,Valid,FALSE,Lower Value,Active,1
C00158,2025-01-01,15504.34,11846.57,13401.84,32,5,4,10,4,1,0,0,,1,0,3.7,TRUE,35.3,Churned,10/22/2025,Valid or active,Valid,FALSE,Lower Value,Churned,1
C00158,2025-02-01,12915.32,5954.2,8663.34,41,0,1,0,5,2,1,1,11,0,8,4.2,FALSE,35.9,Churned,10/22/2025,Valid or active,Valid,FALSE,Lower Value,Churned,0
C00158,2025-03-01,13213.81,8949.37,15242.68,43,0,0,0,0,1,1,1,10.6,2,12,2.8,TRUE,36.2,Churned,10/22/2025,Valid or active,Valid,FALSE,Lower Value,Churned,1
C00158,2025-04-01,13511.08,11573.77,17512.71,37,0,3,7,3,1,1,1,8,2,6,3.4,TRUE,35.2,Churned,10/22/2025,Valid or active,Valid,FALSE,Lower Value,Churned,1
C00158,2025-05-01,15584.47,7408.27,11940.44,35,0,11,20,4,2,2,1,6.6,0,2,3.9,TRUE,41.4,Churned,10/22/2025,Valid or active,Valid,FALSE,Lower Value,Churned,1
C00158,2025-06-01,14499.31,11246.27,11681.63,30,6,2,1,2,1,1,0,,4,11,3.5,TRUE,32.6,Churned,10/22/2025,Valid or active,Valid,FALSE,Lower Value,Churned,1
C00158,2025-07-01,11986.95,9626.54,9301.81,39,2,5,2,3,4,0,0,,0,16,4,TRUE,39.3,Churned,10/22/2025,Valid or active,Valid,FALSE,Lower Value,Churned,1
C00158,2025-08-01,11218.33,5427.75,6739.11,42,7,2,0,4,4,1,0,,1,4,3.6,FALSE,40.7,Churned,10/22/2025,Valid or active,Valid,FALSE,Lower Value,Churned,0
C00158,2025-09-01,10048.2,9411.98,10906.93,26,0,0,0,5,5,0,1,12.8,1,10,3.9,TRUE,25.5,Churned,10/22/2025,Valid or active,Valid,FALSE,Lower Value,Churned,1
C00158,2025-10-01,11180.5,7011.93,8865.52,36,0,0,0,2,1,1,1,19.5,1,6,3.7,FALSE,31.8,Churned,10/22/2025,Valid or active,Valid,FALSE,Lower Value,Churned,0
C00158,2025-11-01,11842.04,7657.15,11124.25,42,8,2,0,4,2,0,1,5.3,2,3,3.7,TRUE,41.1,Churned,10/22/2025,Post-churn activity,Valid,TRUE,Lower Value,Churned,1
C00158,2025-12-01,11658.26,6029.26,8167.03,27,1,0,0,0,0,1,1,11.3,2,3,3.7,FALSE,26.6,Churned,10/22/2025,Post-churn activity,Valid,TRUE,Lower Value,Churned,0
C00159,2025-01-01,29989.08,16598.9,24254.32,59,2,16,11,0,0,0,0,,1,2,,TRUE,57.7,Churned,12/7/2025,Valid or active,Valid,FALSE,Lower Value,Churned,1
C00159,2025-02-01,33525.89,20434.81,16193.78,45,4,21,30,1,1,0,0,,0,0,4.1,TRUE,54.4,Churned,12/7/2025,Valid or active,Valid,FALSE,Lower Value,Churned,1
C00159,2025-03-01,31491.69,16507.76,25214.51,61,2,17,15,2,0,0,0,,2,5,3.7,TRUE,59.3,Churned,12/7/2025,Valid or active,Valid,FALSE,Lower Value,Churned,1
C00159,2025-04-01,31741.73,22604.52,26539.28,51,1,23,31,1,1,0,0,,1,0,2.9,TRUE,58.7,Churned,12/7/2025,Valid or active,Valid,FALSE,Lower Value,Churned,1
C00159,2025-05-01,36317.98,13567.32,17176.19,37,6,18,21,3,0,0,0,,2,6,3.6,TRUE,47.5,Churned,12/7/2025,Valid or active,Valid,FALSE,Lower Value,Churned,1
C00159,2025-06-01,32376.9,14403.24,14525.25,47,4,17,25,0,1,0,0,,0,0,3.4,TRUE,52,Churned,12/7/2025,Valid or active,Valid,FALSE,Lower Value,Churned,1
C00159,2025-07-01,32348.38,22956.67,29239.07,50,7,19,14,0,0,0,0,,0,0,3.7,TRUE,57.1,Churned,12/7/2025,Valid or active,Valid,FALSE,Lower Value,Churned,1
C00159,2025-08-01,30821.16,19024.3,22674.92,53,0,20,17,2,1,0,0,,0,0,4,TRUE,56.7,Churned,12/7/2025,Valid or active,Valid,FALSE,Lower Value,Churned,1
C00159,2025-09-01,31937.88,20938.13,18774.27,49,3,22,10,1,0,0,0,,2,5,3.7,TRUE,57.4,Churned,12/7/2025,Valid or active,Valid,FALSE,Lower Value,Churned,1
C00159,2025-10-01,29388.3,23967.03,31728.6,49,0,10,3,1,0,0,0,,3,7,3.6,TRUE,44.9,Churned,12/7/2025,Valid or active,Valid,FALSE,Lower Value,Churned,1
C00159,2025-11-01,33459.28,23743.96,26138.32,41,1,14,14,2,0,0,0,,1,5,3.3,TRUE,44,Churned,12/7/2025,Valid or active,Valid,FALSE,Lower Value,Churned,1
C00159,2025-12-01,28047.19,18646.62,24931.93,44,11,19,4,1,0,0,0,,2,0,3.6,TRUE,55.1,Churned,12/7/2025,Valid or active,Valid,FALSE,Lower Value,Churned,1
C00160,2025-01-01,95024.91,34936.76,41503,70,6,20,16,1,0,1,1,2.6,1,1,3.9,TRUE,68.4,Active,,Valid or active,Valid,FALSE,Lower Value,Active,1
C00160,2025-02-01,118296.68,22321.13,28580.18,87,8,25,14,1,1,0,0,,1,4,4.1,FALSE,74,Active,,Valid or active,Valid,FALSE,Lower Value,Active,0
C00160,2025-03-01,101677.48,33793.53,35261.92,84,0,26,21,1,1,0,0,,2,0,4.6,TRUE,71.3,Active,,Valid or active,Valid,FALSE,Lower Value,Active,1
C00160,2025-04-01,92306.49,25587.82,28922.91,66,9,26,22,0,1,0,0,,1,0,4.1,FALSE,75.4,Active,,Valid or active,Valid,FALSE,Lower Value,Active,0
C00160,2025-05-01,105750.72,29174.16,22261.23,59,0,17,19,0,0,1,0,,1,3,4.5,TRUE,62.2,Active,,Valid or active,Valid,FALSE,Lower Value,Active,1
C00160,2025-06-01,101027.23,25253.95,25696.66,87,3,22,3,0,0,0,1,1.3,0,9,4.2,TRUE,68.9,Active,,Valid or active,Valid,FALSE,Lower Value,Active,1
C00160,2025-07-01,102452.97,31769.55,33655.76,92,15,24,10,1,0,0,0,,0,0,3.7,TRUE,76.3,Active,,Valid or active,Valid,FALSE,Lower Value,Active,1
C00160,2025-08-01,91192.49,18687.51,20800.97,85,4,19,12,2,0,0,0,,5,4,4.3,FALSE,66.6,Active,,Valid or active,Valid,FALSE,Lower Value,Active,0
C00160,2025-09-01,92918.86,22534.93,27599.69,70,5,23,17,0,0,0,0,,1,4,4.2,TRUE,70.8,Active,,Valid or active,Valid,FALSE,Lower Value,Active,1
C00160,2025-10-01,100021.94,35037.91,38193.99,68,3,14,8,1,0,0,0,,0,0,4,TRUE,61.4,Active,,Valid or active,Valid,FALSE,Lower Value,Active,1
C00160,2025-11-01,106020.16,31186.81,27332.12,56,8,19,13,1,0,0,0,,1,9,3.8,TRUE,65.9,Active,,Valid or active,Valid,FALSE,Lower Value,Active,1
C00160,2025-12-01,119055.34,22463.97,29328.08,78,3,22,9,1,0,0,0,,0,0,4.1,TRUE,68.9,Active,,Valid or active,Valid,FALSE,Lower Value,Active,1
C00161,2025-01-01,15637.32,4537.35,4602.86,24,11,16,9,0,0,0,0,,0,4,5,FALSE,53.2,Active,,Valid or active,Valid,FALSE,Lower Value,Active,0
C00161,2025-02-01,15505.79,6907.14,10362.08,31,21,15,11,0,1,0,0,,0,1,5,FALSE,61.2,Active,,Valid or active,Valid,FALSE,Lower Value,Active,0
C00161,2025-03-01,15475.26,4969.05,5337.15,17,9,14,11,1,0,0,0,,0,15,5,FALSE,45.9,Active,,Valid or active,Valid,FALSE,Lower Value,Active,0
C00161,2025-04-01,17473.16,5088.83,7028.6,17,13,14,10,2,0,0,0,,0,16,5,FALSE,47.8,Active,,Valid or active,Valid,FALSE,Lower Value,Active,0
C00161,2025-05-01,17144.39,4014.17,7636.73,25,12,11,7,0,0,0,0,,0,5,4.9,FALSE,49.6,Active,,Valid or active,Valid,FALSE,Lower Value,Active,0
C00161,2025-06-01,17998.84,6494.79,6080.23,38,26,9,3,0,2,0,0,,0,4,4.8,FALSE,62.4,Active,,Valid or active,Valid,FALSE,Lower Value,Active,0
C00161,2025-07-01,17410.93,5947.21,6614.17,24,14,14,13,0,0,0,0,,0,10,4.4,FALSE,52.7,Active,,Valid or active,Valid,FALSE,Lower Value,Active,0
C00161,2025-08-01,20154.42,6882.7,5517.22,27,16,9,10,0,0,0,0,,0,3,5,FALSE,50.8,Active,,Valid or active,Valid,FALSE,Lower Value,Active,0
C00161,2025-09-01,19311.2,5989.85,7002.12,18,16,17,12,1,2,0,0,,0,9,5,FALSE,52.6,Active,,Valid or active,Valid,FALSE,Lower Value,Active,0
C00161,2025-10-01,22541.75,3943.03,6109.97,24,15,25,11,1,0,0,0,,0,3,5,FALSE,63.4,Active,,Valid or active,Valid,FALSE,Lower Value,Active,0
C00161,2025-11-01,20668.81,4101.27,7116.79,32,15,16,15,0,0,0,0,,0,0,4.9,FALSE,60.1,Active,,Valid or active,Valid,FALSE,Lower Value,Active,0
C00161,2025-12-01,20745.37,4732.32,8493.55,45,21,19,9,0,0,0,0,,1,3,4.9,FALSE,73.8,Active,,Valid or active,Valid,FALSE,Lower Value,Active,0
C00162,2025-01-01,61832.4,20531.85,21728.69,66,41,22,28,0,3,0,0,,1,6,3.2,TRUE,92.5,Churned,10/23/2025,Valid or active,Valid,FALSE,High Value,Churned,1
C00162,2025-02-01,58136.7,26208.69,28716.05,58,33,15,19,0,1,1,0,,0,8,2.8,TRUE,83.8,Churned,10/23/2025,Valid or active,Valid,FALSE,High Value,Churned,1
C00162,2025-03-01,56311.24,20224.88,22306.17,50,29,13,15,4,3,1,0,,1,6,2.6,TRUE,75.1,Churned,10/23/2025,Valid or active,Valid,FALSE,High Value,Churned,1
C00162,2025-04-01,54862.82,24568.31,33800.39,51,37,10,9,0,2,0,1,9,2,4,2.8,TRUE,75.6,Churned,10/23/2025,Valid or active,Valid,FALSE,High Value,Churned,1
C00162,2025-05-01,54666.81,18094.81,15770.14,52,25,17,18,2,1,1,2,10.9,2,3,2.7,TRUE,78.2,Churned,10/23/2025,Valid or active,Valid,FALSE,High Value,Churned,1
C00162,2025-06-01,47982.58,20072.98,23318.99,45,25,15,13,2,1,1,1,10.5,1,7,3.2,FALSE,71.9,Churned,10/23/2025,Valid or active,Valid,FALSE,High Value,Churned,0
C00162,2025-07-01,56714.79,18094.41,16892.98,57,30,5,0,2,3,1,0,,2,3,3,TRUE,72.5,Churned,10/23/2025,Valid or active,Valid,FALSE,High Value,Churned,1
C00162,2025-08-01,55239.38,23111.44,32072.28,50,31,10,13,5,2,1,0,,1,0,2.6,TRUE,73.2,Churned,10/23/2025,Valid or active,Valid,FALSE,High Value,Churned,1
C00162,2025-09-01,46377.74,13825.79,11835.86,52,31,14,13,1,3,0,1,7.6,2,0,2.9,FALSE,78.2,Churned,10/23/2025,Valid or active,Valid,FALSE,High Value,Churned,0
C00162,2025-10-01,43257.2,26819.19,19731.07,39,20,13,18,2,2,0,0,,3,2,3.5,TRUE,64,Churned,10/23/2025,Valid or active,Valid,FALSE,High Value,Churned,1
C00162,2025-11-01,49783.16,19628.51,21096.67,49,26,15,17,0,4,0,1,7.9,1,8,3,TRUE,74.9,Churned,10/23/2025,Post-churn activity,Valid,TRUE,High Value,Churned,1
C00162,2025-12-01,39924.38,23703.04,27899.77,45,33,12,11,1,1,1,0,,3,7,2.6,TRUE,72.8,Churned,10/23/2025,Post-churn activity,Valid,TRUE,High Value,Churned,1
C00163,2025-01-01,11822.6,10623.02,14346.07,54,9,30,21,0,0,0,0,,1,3,2.7,TRUE,70.8,Active,,Valid or active,Valid,FALSE,Lower Value,Active,1
C00163,2025-02-01,11588.47,10970.13,17123.76,59,0,19,9,0,1,0,0,,2,0,2.7,TRUE,59.6,Active,,Valid or active,Valid,FALSE,Lower Value,Active,1
C00163,2025-03-01,13659.65,8572.19,10768.14,62,0,19,13,1,0,0,0,,1,2,2.7,TRUE,60.2,Active,,Valid or active,Valid,FALSE,Lower Value,Active,1
C00163,2025-04-01,13921.64,12244.47,14125.34,46,7,20,16,0,0,0,0,,0,4,2.9,TRUE,55.5,Active,,Valid or active,Valid,FALSE,Lower Value,Active,1
C00163,2025-05-01,12008.64,9986.1,12279.62,35,0,18,12,0,0,0,0,,3,3,2.6,TRUE,43.5,Active,,Valid or active,Valid,FALSE,Lower Value,Active,1
C00163,2025-06-01,12340.03,12060.86,15280.89,45,1,16,6,0,0,0,0,,2,4,3.2,TRUE,48.4,Active,,Valid or active,Valid,FALSE,Lower Value,Active,1
C00163,2025-07-01,12417.28,11090.44,18542.4,60,5,20,19,1,1,0,0,,1,0,4.1,TRUE,63.5,Active,,Valid or active,Valid,FALSE,Lower Value,Active,1
C00163,2025-08-01,12633.3,9121.97,14345.99,62,9,22,18,0,0,0,0,,0,0,3.3,TRUE,67.1,Active,,Valid or active,Valid,FALSE,Lower Value,Active,1
C00163,2025-09-01,13912.98,11434.99,17837.02,53,1,18,22,1,1,0,0,,1,0,3.1,TRUE,55.3,Active,,Valid or active,Valid,FALSE,Lower Value,Active,1
C00163,2025-10-01,12448.74,11688.24,14960.15,45,2,21,14,3,0,0,0,,1,2,3,TRUE,53.5,Active,,Valid or active,Valid,FALSE,Lower Value,Active,1
C00163,2025-11-01,11771.22,11954.27,14914.83,48,0,22,8,1,0,0,0,,0,2,2.7,TRUE,55.4,Active,,Valid or active,Valid,FALSE,Lower Value,Active,1
C00163,2025-12-01,11881.73,12276.75,17344.74,43,5,19,15,0,0,0,0,,0,0,3.3,TRUE,51.8,Active,,Valid or active,Valid,FALSE,Lower Value,Active,1
C00164,2025-01-01,29200.9,8359.94,11677.59,26,16,26,20,1,1,0,0,,1,8,3.2,TRUE,61.5,Active,,Valid or active,Valid,FALSE,High Value,Active,1
C00164,2025-02-01,28097.55,11209.49,15622.02,26,14,30,27,1,1,0,0,,3,11,2.5,TRUE,64.4,Active,,Valid or active,Valid,FALSE,High Value,Active,1
C00164,2025-03-01,24153.6,10409.66,9474.34,25,11,32,29,1,0,2,1,10.4,2,9,2.6,TRUE,62.4,Active,,Valid or active,Valid,FALSE,High Value,Active,1
C00164,2025-04-01,23910.74,10402.55,12833.87,9,4,25,22,3,2,1,0,,0,11,2.9,FALSE,44.4,Active,,Valid or active,Valid,FALSE,High Value,Active,0
C00164,2025-05-01,28389.67,13053.36,14106.92,12,11,20,9,0,3,0,1,11.6,3,12,3.3,TRUE,44.8,Active,,Valid or active,Valid,FALSE,High Value,Active,1
C00164,2025-06-01,26384.64,11197.86,16370.79,25,19,20,11,2,2,1,1,7.4,0,0,2.2,TRUE,56.7,Active,,Valid or active,Valid,FALSE,High Value,Active,1
C00164,2025-07-01,28166.57,12077.95,8712.78,21,14,23,22,1,1,1,0,,0,8,2.5,TRUE,54.7,Active,,Valid or active,Valid,FALSE,High Value,Active,1
C00164,2025-08-01,23775.58,11084.28,8190.61,27,15,24,16,5,1,1,2,5.6,3,0,2.9,TRUE,59.9,Active,,Valid or active,Valid,FALSE,High Value,Active,1
C00164,2025-09-01,26380.96,13011.24,15656.29,20,13,27,24,0,1,0,1,7.3,2,8,2.5,TRUE,57.3,Active,,Valid or active,Valid,FALSE,High Value,Active,1
C00164,2025-10-01,19628.68,8085.91,8893.97,19,8,15,17,1,0,0,0,,3,7,3,TRUE,43.2,Active,,Valid or active,Valid,FALSE,High Value,Active,1
C00164,2025-11-01,18987.78,10472.26,13312.88,16,13,17,18,1,1,0,0,,1,11,2.4,TRUE,45.4,Active,,Valid or active,Valid,FALSE,High Value,Active,1
C00164,2025-12-01,23022.1,8247.43,9688.87,29,15,16,19,1,0,2,0,,2,6,2.3,TRUE,53.7,Active,,Valid or active,Valid,FALSE,High Value,Active,1
C00165,2025-01-01,7370.34,19282.3,25699.4,27,13,12,17,0,0,0,0,,0,11,4.7,TRUE,43.2,Churned,10/2/2025,Valid or active,Valid,FALSE,Lower Value,Churned,1
C00165,2025-02-01,9734.41,19612.7,26675.49,28,14,21,7,1,0,0,0,,0,6,4.7,TRUE,52.7,Churned,10/2/2025,Valid or active,Valid,FALSE,Lower Value,Churned,1
C00165,2025-03-01,6604.47,13369.07,17044.09,32,15,20,17,0,2,0,0,,0,6,5,TRUE,54.8,Churned,10/2/2025,Valid or active,Valid,FALSE,Lower Value,Churned,1
C00165,2025-04-01,8778.89,16278.85,16027.6,37,15,24,13,0,0,0,0,,0,0,5,TRUE,61.7,Churned,10/2/2025,Valid or active,Valid,FALSE,Lower Value,Churned,1
C00165,2025-05-01,6698.64,16422.08,14071.81,21,14,12,8,1,0,0,0,,0,16,5,TRUE,39.9,Churned,10/2/2025,Valid or active,Valid,FALSE,Lower Value,Churned,1
C00165,2025-06-01,10143.13,13243.99,9767.35,28,11,23,23,1,0,0,0,,0,0,3.8,TRUE,53.2,Churned,10/2/2025,Valid or active,Valid,FALSE,Lower Value,Churned,1
C00165,2025-07-01,6935.29,20074.22,19788.01,27,16,15,11,1,0,0,0,,0,7,4.8,TRUE,47.4,Churned,10/2/2025,Valid or active,Valid,FALSE,Lower Value,Churned,1
C00165,2025-08-01,6598.76,20424.95,25477.99,25,12,16,9,1,1,0,0,,0,7,4.6,TRUE,45.3,Churned,10/2/2025,Valid or active,Valid,FALSE,Lower Value,Churned,1
C00165,2025-09-01,6394.29,9579.67,9700.38,41,31,13,12,1,0,1,1,1.1,0,2,4.5,FALSE,61.3,Churned,10/2/2025,Valid or active,Valid,FALSE,Lower Value,Churned,0
C00165,2025-10-01,5888.77,15682.58,14660.47,26,19,24,22,1,0,0,0,,0,1,5,FALSE,56.6,Churned,10/2/2025,Valid or active,Valid,FALSE,Lower Value,Churned,0
C00165,2025-11-01,6715.02,12923.14,16180.54,30,18,22,10,0,1,0,0,,1,1,4.5,TRUE,56.8,Churned,10/2/2025,Post-churn activity,Valid,TRUE,Lower Value,Churned,1
C00165,2025-12-01,6829.14,20180.03,20976.37,37,15,13,8,0,0,0,0,,1,4,4.8,TRUE,51.4,Churned,10/2/2025,Post-churn activity,Valid,TRUE,Lower Value,Churned,1
C00166,2025-01-01,49487.15,16945.17,25052.75,48,0,27,25,1,1,0,0,,0,2,4.8,TRUE,69.1,Active,,Valid or active,Valid,FALSE,High Value,Active,1
C00166,2025-02-01,60854.91,17920.99,18499.55,37,8,25,21,0,0,0,0,,0,0,4,TRUE,63.9,Active,,Valid or active,Valid,FALSE,High Value,Active,1
C00166,2025-03-01,62520.79,20105.95,19228.6,35,1,15,18,0,1,0,0,,1,0,4.5,TRUE,50.1,Active,,Valid or active,Valid,FALSE,High Value,Active,1
C00166,2025-04-01,57724.22,15281.71,19389.67,38,3,25,28,0,1,0,0,,1,0,4.6,TRUE,62.3,Active,,Valid or active,Valid,FALSE,High Value,Active,1
C00166,2025-05-01,59528.11,22304.3,19678.86,45,0,22,36,0,0,1,1,3.8,0,0,4.8,TRUE,62.5,Active,,Valid or active,Valid,FALSE,High Value,Active,1
C00166,2025-06-01,60224.82,17291.83,25866.38,42,5,24,26,0,0,1,1,6.8,0,0,4.8,FALSE,64.8,Active,,Valid or active,Valid,FALSE,High Value,Active,0
C00166,2025-07-01,57123.88,15046.37,21893.85,47,3,18,29,1,1,0,0,,0,5,4.2,FALSE,61.4,Active,,Valid or active,Valid,FALSE,High Value,Active,0
C00166,2025-08-01,57509.84,20685.23,28722.47,62,8,25,35,2,0,0,0,,1,3,4.4,TRUE,78.5,Active,,Valid or active,Valid,FALSE,High Value,Active,1
C00166,2025-09-01,48542.87,15292.87,13465.72,33,0,14,10,1,0,0,0,,3,7,4.7,TRUE,47.5,Active,,Valid or active,Valid,FALSE,High Value,Active,1
C00166,2025-10-01,52190.63,18899.85,15596.2,40,10,22,28,0,0,0,0,,1,4,4.9,TRUE,63.9,Active,,Valid or active,Valid,FALSE,High Value,Active,1
C00166,2025-11-01,55794.43,13838.78,18462.38,37,0,12,6,0,0,0,0,,1,3,4.6,TRUE,48.1,Active,,Valid or active,Valid,FALSE,High Value,Active,1
C00166,2025-12-01,50807.49,20170.08,15471.45,42,5,29,37,2,0,0,0,,0,0,4,TRUE,69.5,Active,,Valid or active,Valid,FALSE,High Value,Active,1
C00167,2025-01-01,17977.2,18662.67,24425.62,62,36,12,16,1,1,0,0,,3,13,3.8,TRUE,83.2,Churned,11/7/2025,Valid or active,Valid,FALSE,Lower Value,Churned,1
C00167,2025-02-01,17938.14,22838.27,25733.77,46,25,8,5,0,1,0,0,,2,0,4.1,TRUE,66,Churned,11/7/2025,Valid or active,Valid,FALSE,Lower Value,Churned,1
C00167,2025-03-01,16620.04,23336.47,34911.23,58,31,7,3,1,0,0,0,,1,6,4.2,TRUE,75.4,Churned,11/7/2025,Valid or active,Valid,FALSE,Lower Value,Churned,1
C00167,2025-04-01,15897.07,26111.52,22867.7,41,25,6,18,1,0,0,0,,2,12,4.1,TRUE,61,Churned,11/7/2025,Valid or active,Valid,FALSE,Lower Value,Churned,1
C00167,2025-05-01,13522.28,27080.22,35556.61,49,29,7,15,0,1,3,2,5,0,5,3.3,TRUE,68.8,Churned,11/7/2025,Valid or active,Valid,FALSE,Lower Value,Churned,1
C00167,2025-06-01,13189.03,14575.35,15300.86,36,24,1,5,1,2,1,2,1.8,0,8,3.3,FALSE,52.7,Churned,11/7/2025,Valid or active,Valid,FALSE,Lower Value,Churned,0
C00167,2025-07-01,14744.66,21772.79,19432.93,49,26,7,0,0,0,0,0,,1,9,3.1,FALSE,67.5,Churned,11/7/2025,Valid or active,Valid,FALSE,Lower Value,Churned,0
C00167,2025-08-01,11697.1,25569.98,30942.26,33,15,7,9,0,0,0,0,,1,7,3.7,TRUE,52.3,Churned,11/7/2025,Valid or active,Valid,FALSE,Lower Value,Churned,1
C00167,2025-09-01,1220.31,18707.98,24333.21,40,22,5,0,1,1,0,0,,0,10,3.9,TRUE,58.1,Churned,11/7/2025,Valid or active,Valid,FALSE,Lower Value,Churned,1
C00167,2025-10-01,-1594.66,14630.65,16250.73,29,22,12,20,0,1,0,0,,1,8,2.8,FALSE,57.6,Churned,11/7/2025,Valid or active,Valid,FALSE,Lower Value,Churned,0
C00167,2025-11-01,-7409.4,20910.12,21983.03,40,22,0,4,0,2,0,0,,0,9,3.6,FALSE,53.4,Churned,11/7/2025,Valid or active,Valid,FALSE,Lower Value,Churned,0
C00167,2025-12-01,-5845.12,17478.9,14403.25,27,17,5,13,1,2,0,0,,0,6,2.9,TRUE,47.5,Churned,11/7/2025,Post-churn activity,Valid,TRUE,Lower Value,Churned,1
C00168,2025-01-01,8105.65,10192.38,15370.44,75,43,7,5,0,0,0,0,,1,2,3.1,TRUE,74,Active,,Valid or active,Valid,FALSE,Lower Value,Active,1
C00168,2025-02-01,10146.48,6468.05,10912.86,67,39,14,13,2,0,0,0,,2,1,3.5,FALSE,80.6,Active,,Valid or active,Valid,FALSE,Lower Value,Active,0
C00168,2025-03-01,7215.65,8059.23,13584.49,65,37,5,0,0,0,0,0,,1,12,3,TRUE,72.2,Active,,Valid or active,Valid,FALSE,Lower Value,Active,1
C00168,2025-04-01,9995.72,7322.7,7310.25,55,31,12,3,0,0,0,0,,0,5,2.9,TRUE,73.7,Active,,Valid or active,Valid,FALSE,Lower Value,Active,1
C00168,2025-05-01,9475.95,6391.37,7624.72,54,32,16,18,3,1,0,0,,0,5,3.6,FALSE,77.3,Active,,Valid or active,Valid,FALSE,Lower Value,Active,0
C00168,2025-06-01,8843.91,6801.84,12278.48,67,36,10,14,0,1,0,0,,1,8,3.8,FALSE,76.8,Active,,Valid or active,Valid,FALSE,Lower Value,Active,0
C00168,2025-07-01,8643.2,11258.89,10569.6,71,45,7,1,0,0,0,0,,1,1,4,TRUE,74,Active,,Valid or active,Valid,FALSE,Lower Value,Active,1
C00168,2025-08-01,7226.44,8197.92,10379.39,60,35,16,7,3,0,0,0,,1,1,3.9,TRUE,82.4,Active,,Valid or active,Valid,FALSE,Lower Value,Active,1
C00168,2025-09-01,7982.32,9708.82,12917.81,58,31,9,15,1,1,0,0,,0,5,3.4,TRUE,72.8,Active,,Valid or active,Valid,FALSE,Lower Value,Active,1
C00168,2025-10-01,8930.87,10047.29,15574.23,69,42,8,4,0,0,1,1,4.5,0,4,3.6,TRUE,75,Active,,Valid or active,Valid,FALSE,Lower Value,Active,1
C00168,2025-11-01,7908.62,10969.88,15040.87,48,28,11,5,0,0,0,0,,1,1,3.2,TRUE,67,Active,,Valid or active,Valid,FALSE,Lower Value,Active,1
C00168,2025-12-01,8511.84,7382.17,11174.67,71,38,11,3,1,0,0,0,,1,6,3.2,TRUE,77.8,Active,,Valid or active,Valid,FALSE,Lower Value,Active,1
C00169,2025-01-01,26740.77,13983.75,16978.82,32,16,2,7,0,2,0,0,,0,8,3.5,TRUE,38.4,Active,,Valid or active,Valid,FALSE,Lower Value,Active,1
C00169,2025-02-01,26231.01,15965.09,17567.87,25,18,10,7,1,1,1,1,3.3,0,6,4.5,TRUE,42.4,Active,,Valid or active,Valid,FALSE,Lower Value,Active,1
C00169,2025-03-01,26727.55,11213.09,9337.49,21,11,7,12,0,2,0,0,,1,9,3.6,TRUE,33.9,Active,,Valid or active,Valid,FALSE,Lower Value,Active,1
C00169,2025-04-01,23643.65,15409.9,14802.24,26,22,8,18,0,0,0,0,,0,14,4.2,TRUE,43,Active,,Valid or active,Valid,FALSE,Lower Value,Active,1
C00169,2025-05-01,20059.63,15030.75,18397.45,16,3,7,7,0,1,1,1,0.8,0,18,4.3,TRUE,27,Active,,Valid or active,Valid,FALSE,Lower Value,Active,1
C00169,2025-06-01,20827.12,12005.34,12881.16,27,10,9,13,0,1,0,0,,1,0,3.9,FALSE,39.1,Active,,Valid or active,Valid,FALSE,Lower Value,Active,0
C00169,2025-07-01,23949.83,12311.57,13461.1,33,17,9,12,0,1,0,0,,2,6,3.1,FALSE,46.1,Active,,Valid or active,Valid,FALSE,Lower Value,Active,0
C00169,2025-08-01,28037.34,17059.55,19493.45,28,11,13,9,1,1,0,0,,0,0,3.7,TRUE,43.9,Active,,Valid or active,Valid,FALSE,Lower Value,Active,1
C00169,2025-09-01,23952.37,11499.33,12171.97,14,10,8,0,1,0,0,0,,0,19,4,TRUE,29.9,Active,,Valid or active,Valid,FALSE,Lower Value,Active,1
C00169,2025-10-01,27592.81,13191.34,13721.48,19,9,13,4,0,0,0,0,,0,6,4.2,TRUE,37.3,Active,,Valid or active,Valid,FALSE,Lower Value,Active,1
C00169,2025-11-01,24939.35,14126.7,16146.7,8,2,9,0,0,0,0,0,,0,18,4,FALSE,23.4,Active,,Valid or active,Valid,FALSE,Lower Value,Active,0
C00169,2025-12-01,21307.18,10866.65,8626.75,21,10,16,10,0,1,0,0,,0,11,4.2,TRUE,41.8,Active,,Valid or active,Valid,FALSE,Lower Value,Active,1
C00170,2025-01-01,47806.32,10426.99,7995.12,35,19,21,17,1,0,0,0,,0,1,4.7,FALSE,64,Active,,Valid or active,Valid,FALSE,Lower Value,Active,0
C00170,2025-02-01,51506.66,13650.81,14300.8,52,37,26,26,0,1,0,0,,1,0,5,TRUE,86.7,Active,,Valid or active,Valid,FALSE,Lower Value,Active,1
C00170,2025-03-01,55191.54,20780.92,24958.74,36,19,25,27,1,1,0,0,,2,4,4.3,TRUE,68.3,Active,,Valid or active,Valid,FALSE,Lower Value,Active,1
C00170,2025-04-01,52337.35,18159.57,23751.42,38,17,18,18,1,0,0,0,,1,2,4.6,TRUE,62.1,Active,,Valid or active,Valid,FALSE,Lower Value,Active,1
C00170,2025-05-01,60313.86,18888.68,22431.58,32,14,25,23,2,1,0,0,,0,8,4.7,TRUE,63.5,Active,,Valid or active,Valid,FALSE,Lower Value,Active,1
C00170,2025-06-01,54946.29,13916.12,16687.94,29,19,26,30,1,0,0,0,,1,7,3.6,TRUE,64.8,Active,,Valid or active,Valid,FALSE,Lower Value,Active,1
C00170,2025-07-01,46601.49,12842.66,13449.27,40,24,28,19,0,1,0,0,,1,0,4.4,TRUE,75.9,Active,,Valid or active,Valid,FALSE,Lower Value,Active,1
C00170,2025-08-01,43956.64,13574.17,12486.41,45,22,25,16,0,1,1,1,5.8,0,0,4.2,TRUE,75.4,Active,,Valid or active,Valid,FALSE,Lower Value,Active,1
C00170,2025-09-01,43389.03,20870.34,24070.87,30,15,10,5,0,0,0,0,,1,8,4,TRUE,48.7,Active,,Valid or active,Valid,FALSE,Lower Value,Active,1
C00170,2025-10-01,43157.17,13869.52,14061.52,41,21,22,15,1,1,0,0,,1,9,5,TRUE,69.6,Active,,Valid or active,Valid,FALSE,Lower Value,Active,1
C00170,2025-11-01,45258.89,16807.89,17077.9,22,19,23,14,0,1,0,0,,0,2,4.6,FALSE,57.6,Active,,Valid or active,Valid,FALSE,Lower Value,Active,0
C00170,2025-12-01,49130.8,19159.6,19455.05,41,28,29,26,0,0,0,0,,1,0,4.5,TRUE,79.3,Active,,Valid or active,Valid,FALSE,Lower Value,Active,1
C00171,2025-01-01,7402.83,7872.53,11429.53,63,38,19,15,6,1,0,0,,0,0,3.8,TRUE,85.2,Churned,12/24/2025,Valid or active,Valid,FALSE,Lower Value,Churned,1
C00171,2025-02-01,7991.14,9071.46,15101.88,55,32,15,18,1,3,2,1,9.2,2,8,3.4,FALSE,77,Churned,12/24/2025,Valid or active,Valid,FALSE,Lower Value,Churned,0
C00171,2025-03-01,5814.89,8695.55,12617.55,40,24,27,20,1,2,0,0,,1,0,3.5,TRUE,75,Churned,12/24/2025,Valid or active,Valid,FALSE,Lower Value,Churned,1
C00171,2025-04-01,6302.01,9341.85,14174.09,39,17,22,11,3,0,0,1,6.6,1,2,3.6,TRUE,66.5,Churned,12/24/2025,Valid or active,Valid,FALSE,Lower Value,Churned,1
C00171,2025-05-01,6637.78,8143.35,15012.79,52,32,16,11,1,2,1,1,13.9,4,0,4.3,TRUE,76,Churned,12/24/2025,Valid or active,Valid,FALSE,Lower Value,Churned,1
C00171,2025-06-01,5679.85,12305.88,10273.4,50,35,17,14,3,3,0,0,,1,3,4.4,TRUE,77,Churned,12/24/2025,Valid or active,Valid,FALSE,Lower Value,Churned,1
C00171,2025-07-01,6204.58,11001.14,12534.1,46,31,21,15,1,1,0,0,,1,0,3.7,TRUE,76.4,Churned,12/24/2025,Valid or active,Valid,FALSE,Lower Value,Churned,1
C00171,2025-08-01,6582.22,6418.45,9527.95,43,22,16,11,1,2,1,0,,1,0,3.7,FALSE,65.7,Churned,12/24/2025,Valid or active,Valid,FALSE,Lower Value,Churned,0
C00171,2025-09-01,6078.7,12205.43,13591.29,51,29,24,20,1,3,2,1,11.7,2,0,4.1,TRUE,81.5,Churned,12/24/2025,Valid or active,Valid,FALSE,Lower Value,Churned,1
C00171,2025-10-01,4257.71,10966.42,13148.01,35,23,19,19,0,2,2,3,8.5,1,3,4.3,TRUE,63.9,Churned,12/24/2025,Valid or active,Valid,FALSE,Lower Value,Churned,1
C00171,2025-11-01,6275.93,7888.28,12481.1,44,22,13,13,4,2,0,0,,1,1,3.5,TRUE,63.6,Churned,12/24/2025,Valid or active,Valid,FALSE,Lower Value,Churned,1
C00171,2025-12-01,6320.17,12138.7,14205.66,46,31,16,13,1,1,1,2,12.7,0,7,3.4,TRUE,71.7,Churned,12/24/2025,Valid or active,Valid,FALSE,Lower Value,Churned,1
C00172,2025-01-01,18485.69,19535.44,23196.04,67,39,13,5,0,1,0,0,,1,0,4,TRUE,79.6,Churned,10/9/2025,Valid or active,Valid,FALSE,Lower Value,Churned,1
C00172,2025-02-01,16156.1,18099.64,20023.6,43,18,15,21,0,0,0,0,,1,10,3,FALSE,63,Churned,10/9/2025,Valid or active,Valid,FALSE,Lower Value,Churned,0
C00172,2025-03-01,13814.34,16250.13,22440.9,67,35,3,5,1,1,0,0,,1,5,3.7,FALSE,70.3,Churned,10/9/2025,Valid or active,Valid,FALSE,Lower Value,Churned,0
C00172,2025-04-01,14600.31,17726.7,21409.93,50,32,11,15,2,0,1,1,0.4,1,5,3.4,TRUE,70.1,Churned,10/9/2025,Valid or active,Valid,FALSE,Lower Value,Churned,1
C00172,2025-05-01,13427.22,16130.19,18365.31,38,15,2,6,1,0,0,0,,0,8,3.4,TRUE,46.3,Churned,10/9/2025,Valid or active,Valid,FALSE,Lower Value,Churned,1
C00172,2025-06-01,13287.94,20232.02,28157.36,44,26,0,0,0,0,0,0,,0,9,4.1,TRUE,53.3,Churned,10/9/2025,Valid or active,Valid,FALSE,Lower Value,Churned,1
C00172,2025-07-01,11943.23,21729.79,19173.52,49,30,10,13,0,1,0,0,,2,7,3.5,TRUE,67.6,Churned,10/9/2025,Valid or active,Valid,FALSE,Lower Value,Churned,1
C00172,2025-08-01,11702.83,15643.22,17594.26,33,23,5,2,1,0,0,0,,0,9,3.7,TRUE,49.6,Churned,10/9/2025,Valid or active,Valid,FALSE,Lower Value,Churned,1
C00172,2025-09-01,-1644.24,13194.1,13369.98,39,19,10,17,1,0,0,0,,2,1,2.8,FALSE,56.2,Churned,10/9/2025,Valid or active,Valid,FALSE,Lower Value,Churned,0
C00172,2025-10-01,2672.24,16878.94,17611.84,26,12,3,3,1,0,0,0,,0,6,2.7,FALSE,38.3,Churned,10/9/2025,Valid or active,Valid,FALSE,Lower Value,Churned,0
C00172,2025-11-01,2106.8,17049.15,22734.38,27,19,1,3,2,3,1,0,,1,6,3.6,TRUE,40.2,Churned,10/9/2025,Post-churn activity,Valid,TRUE,Lower Value,Churned,1
C00172,2025-12-01,-3354.98,21489.02,16322.03,22,13,5,1,0,1,2,2,4.6,0,13,3,TRUE,38,Churned,10/9/2025,Post-churn activity,Valid,TRUE,Lower Value,Churned,1
C00173,2025-01-01,28872.97,8634.1,10260.71,37,3,30,18,0,0,0,0,,1,4,,TRUE,57.3,Active,,Valid or active,Valid,FALSE,Lower Value,Active,1
C00173,2025-02-01,32514.58,9389.23,11608.17,35,0,26,26,2,1,0,0,,0,3,5,TRUE,50.9,Active,,Valid or active,Valid,FALSE,Lower Value,Active,1
C00173,2025-03-01,29210.5,11164.65,8162.65,38,2,30,29,0,0,0,0,,0,2,5,TRUE,57.5,Active,,Valid or active,Valid,FALSE,Lower Value,Active,1
C00173,2025-04-01,33105.03,5825.94,6329.27,32,9,27,31,0,3,0,0,,1,0,4.8,FALSE,54.1,Active,,Valid or active,Valid,FALSE,Lower Value,Active,0
C00173,2025-05-01,37054.14,9289.53,14234.09,36,1,34,23,1,0,0,0,,0,1,5,TRUE,55.8,Active,,Valid or active,Valid,FALSE,Lower Value,Active,1
C00173,2025-06-01,30409.42,8442.25,8318.53,22,1,36,30,0,0,0,0,,0,8,5,TRUE,46.9,Active,,Valid or active,Valid,FALSE,Lower Value,Active,1
C00173,2025-07-01,30460.83,9367.77,11441.86,36,2,33,31,0,0,0,0,,1,0,4.4,TRUE,56.2,Active,,Valid or active,Valid,FALSE,Lower Value,Active,1
C00173,2025-08-01,29441.82,7228.93,9838,46,8,30,20,0,1,1,1,3.7,1,3,4.5,TRUE,65.3,Active,,Valid or active,Valid,FALSE,Lower Value,Active,1
C00173,2025-09-01,29329.98,10479.91,11211.86,40,6,27,28,0,2,0,0,,1,0,4.9,TRUE,57.8,Active,,Valid or active,Valid,FALSE,Lower Value,Active,1
C00173,2025-10-01,35152.03,10573.01,8021.84,27,1,37,37,0,0,0,0,,0,2,5,TRUE,50.1,Active,,Valid or active,Valid,FALSE,Lower Value,Active,1
C00173,2025-11-01,28123.12,9461.03,11374.03,43,0,33,32,1,0,0,0,,1,0,4.8,TRUE,59.7,Active,,Valid or active,Valid,FALSE,Lower Value,Active,1
C00173,2025-12-01,30611.92,11457.3,12362.15,48,4,29,25,0,0,0,0,,1,4,5,TRUE,63.8,Active,,Valid or active,Valid,FALSE,Lower Value,Active,1
C00174,2025-01-01,-277.88,7375.84,7324.56,21,9,13,4,0,0,0,0,,0,19,4.9,TRUE,43,Active,,Valid or active,Valid,FALSE,Lower Value,Active,1
C00174,2025-02-01,-585.14,7424.38,9196.37,17,6,11,2,1,0,0,0,,0,15,4.7,TRUE,37.3,Active,,Valid or active,Valid,FALSE,Lower Value,Active,1
C00174,2025-03-01,-1057.03,9184.39,11412.21,17,13,15,13,1,1,1,1,7.9,0,14,5,TRUE,44.2,Active,,Valid or active,Valid,FALSE,Lower Value,Active,1
C00174,2025-04-01,144.34,9599.41,12864.82,21,18,16,11,2,0,0,0,,0,10,4.7,TRUE,50,Active,,Valid or active,Valid,FALSE,Lower Value,Active,1
C00174,2025-05-01,-1813.15,10051.96,11654.93,18,8,17,22,3,1,0,0,,0,11,4.8,TRUE,44.4,Active,,Valid or active,Valid,FALSE,Lower Value,Active,1
C00174,2025-06-01,-792.52,11194.9,14312.56,29,18,16,7,2,2,0,0,,0,5,4.9,TRUE,55,Active,,Valid or active,Valid,FALSE,Lower Value,Active,1
C00174,2025-07-01,-3009.03,9444.9,10880.19,29,18,23,13,3,0,0,0,,2,0,4.9,TRUE,61.6,Active,,Valid or active,Valid,FALSE,Lower Value,Active,1
C00174,2025-08-01,-2180.52,10369.46,13303.24,32,24,24,25,4,1,0,0,,2,3,4.5,TRUE,67.1,Active,,Valid or active,Valid,FALSE,Lower Value,Active,1
C00174,2025-09-01,-1521.33,9195.53,11658,20,3,10,1,3,0,0,0,,0,15,4.5,TRUE,36.9,Active,,Valid or active,Valid,FALSE,Lower Value,Active,1
C00174,2025-10-01,-861.32,8277.83,10846.35,15,12,9,9,1,1,0,0,,0,16,4.9,TRUE,36.9,Active,,Valid or active,Valid,FALSE,Lower Value,Active,1
C00174,2025-11-01,-2356.15,8517.77,6788.19,12,11,16,17,1,2,1,1,0.4,0,10,5,TRUE,41.1,Active,,Valid or active,Valid,FALSE,Lower Value,Active,1
C00174,2025-12-01,-902.86,8947.81,9656.21,16,8,20,26,3,1,0,0,,2,11,5,FALSE,46,Active,,Valid or active,Valid,FALSE,Lower Value,Active,0
C00175,2025-01-01,45414.71,15160.77,17482.74,67,3,9,9,1,0,0,0,,1,6,5,TRUE,52.3,Active,,Valid or active,Valid,FALSE,Lower Value,Active,1
C00175,2025-02-01,48294.08,21209.9,23405.95,61,6,10,17,0,0,0,0,,1,0,4.6,TRUE,54.6,Active,,Valid or active,Valid,FALSE,Lower Value,Active,1
C00175,2025-03-01,50946.43,14228.38,20521.41,56,5,14,4,0,0,0,0,,0,1,5,TRUE,55.3,Active,,Valid or active,Valid,FALSE,Lower Value,Active,1
C00175,2025-04-01,52908.46,19514.65,25985.46,52,4,13,16,0,1,0,0,,3,12,5,TRUE,51.4,Active,,Valid or active,Valid,FALSE,Lower Value,Active,1
C00175,2025-05-01,42089.42,17883.01,26846.89,68,12,13,6,1,1,0,0,,1,11,5,TRUE,60.1,Active,,Valid or active,Valid,FALSE,Lower Value,Active,1
C00175,2025-06-01,44831.79,15260.82,15063.74,47,0,15,7,4,2,0,0,,0,7,4.4,TRUE,48.3,Active,,Valid or active,Valid,FALSE,Lower Value,Active,1
C00175,2025-07-01,49076.57,17478.37,18403.26,64,6,14,11,2,0,0,0,,1,1,4.4,FALSE,58.3,Active,,Valid or active,Valid,FALSE,Lower Value,Active,0
C00175,2025-08-01,59089.82,17844.83,28844.59,66,0,11,9,1,0,0,0,,0,10,5,TRUE,52.8,Active,,Valid or active,Valid,FALSE,Lower Value,Active,1
C00175,2025-09-01,61871.57,17696.8,19523.73,87,4,20,20,0,0,0,0,,0,0,5,TRUE,63,Active,,Valid or active,Valid,FALSE,Lower Value,Active,1
C00175,2025-10-01,56942.96,21362.96,27293.38,65,5,19,19,2,0,0,0,,1,2,4.4,TRUE,62.5,Active,,Valid or active,Valid,FALSE,Lower Value,Active,1
C00175,2025-11-01,49660.24,23360.36,17108.58,80,9,16,0,0,0,0,0,,1,0,4.8,TRUE,61.5,Active,,Valid or active,Valid,FALSE,Lower Value,Active,1
C00175,2025-12-01,56093.92,18580.37,22155.86,86,1,22,15,1,0,0,0,,0,0,4.9,TRUE,63.5,Active,,Valid or active,Valid,FALSE,Lower Value,Active,1
C00176,2025-01-01,14746.53,26238.92,21038.34,30,25,26,23,0,0,0,0,,1,3,2.8,TRUE,68.2,Churned,9/12/2025,Valid or active,Valid,FALSE,Lower Value,Churned,1
C00176,2025-02-01,15729.6,21799.89,17861.56,20,12,18,18,1,0,0,0,,0,9,3.9,TRUE,48.5,Churned,9/12/2025,Valid or active,Valid,FALSE,Lower Value,Churned,1
C00176,2025-03-01,13748.08,25478.47,29961.45,32,20,21,12,2,1,0,0,,1,5,2.8,TRUE,62.5,Churned,9/12/2025,Valid or active,Valid,FALSE,Lower Value,Churned,1
C00176,2025-04-01,14314.46,22660.02,23401.79,27,21,8,0,0,1,0,0,,0,9,4.1,TRUE,47.7,Churned,9/12/2025,Valid or active,Valid,FALSE,Lower Value,Churned,1
C00176,2025-05-01,13294.19,21595.5,17768.78,25,21,17,21,0,0,0,0,,1,0,4,TRUE,54.8,Churned,9/12/2025,Valid or active,Valid,FALSE,Lower Value,Churned,1
C00176,2025-06-01,13809.07,25282.78,24493.58,7,5,21,20,0,1,0,0,,1,18,3.3,TRUE,39.8,Churned,9/12/2025,Valid or active,Valid,FALSE,Lower Value,Churned,1
C00176,2025-07-01,10356.62,24271.52,29004.92,26,14,15,13,0,0,1,1,3.8,0,5,4,TRUE,50.4,Churned,9/12/2025,Valid or active,Valid,FALSE,Lower Value,Churned,1
C00176,2025-08-01,12904.66,25030.08,29163.98,17,10,9,8,0,0,0,0,,0,12,2.9,TRUE,37.2,Churned,9/12/2025,Valid or active,Valid,FALSE,Lower Value,Churned,1
C00176,2025-09-01,-7476.85,22147.07,23743.08,9,6,18,12,0,0,1,0,,1,15,2.9,TRUE,38.7,Churned,9/12/2025,Valid or active,Valid,FALSE,Lower Value,Churned,1
C00176,2025-10-01,-7985.73,14100.94,16647.28,16,7,14,9,1,0,0,1,4,0,20,3.1,FALSE,39.9,Churned,9/12/2025,Post-churn activity,Valid,TRUE,Lower Value,Churned,0
C00176,2025-11-01,-7130.81,24483.04,25207.6,11,8,10,8,1,1,2,1,4.4,0,23,2.9,FALSE,33.5,Churned,9/12/2025,Post-churn activity,Valid,TRUE,Lower Value,Churned,0
C00176,2025-12-01,-863.85,30373.51,27390.02,21,17,10,10,0,2,0,1,0.6,2,17,3.1,TRUE,43.9,Churned,9/12/2025,Post-churn activity,Valid,TRUE,Lower Value,Churned,1
C00177,2025-01-01,40638.96,13767.79,14919.59,62,34,24,26,0,3,0,0,,2,0,2.4,TRUE,84.9,Churned,9/5/2025,Valid or active,Valid,FALSE,Lower Value,Churned,1
C00177,2025-02-01,47666.67,10172.87,10360.32,46,27,25,20,1,5,0,0,,2,0,4.2,FALSE,73.8,Churned,9/5/2025,Valid or active,Valid,FALSE,Lower Value,Churned,0
C00177,2025-03-01,51948.13,13424.73,18673.48,50,28,21,12,0,1,0,0,,3,0,3.4,TRUE,73.1,Churned,9/5/2025,Valid or active,Valid,FALSE,Lower Value,Churned,1
C00177,2025-04-01,46465.44,15021.32,15623.35,33,14,20,15,2,2,3,2,11,1,4,3.9,TRUE,55,Churned,9/5/2025,Valid or active,Valid,FALSE,Lower Value,Churned,1
C00177,2025-05-01,39903.43,9970.31,11817.01,46,25,25,16,1,1,2,1,5.1,0,6,3.1,FALSE,72.9,Churned,9/5/2025,Valid or active,Valid,FALSE,Lower Value,Churned,0
C00177,2025-06-01,50322,12418.37,11403.17,40,28,23,24,2,2,2,3,15.4,3,0,3.5,TRUE,68.6,Churned,9/5/2025,Valid or active,Valid,FALSE,Lower Value,Churned,1
C00177,2025-07-01,48201.88,15602.27,13971.05,49,26,21,12,1,1,0,1,5.5,2,3,3.3,TRUE,71.5,Churned,9/5/2025,Valid or active,Valid,FALSE,Lower Value,Churned,1
C00177,2025-08-01,51121.01,11584.05,15656.84,39,13,20,13,1,3,0,0,,2,2,3.5,TRUE,58.3,Churned,9/5/2025,Valid or active,Valid,FALSE,Lower Value,Churned,1
C00177,2025-09-01,40684.47,15631.21,18472.38,57,37,26,20,4,1,0,0,,2,0,3.4,TRUE,85.4,Churned,9/5/2025,Valid or active,Valid,FALSE,Lower Value,Churned,1
C00177,2025-10-01,42569.69,12327.25,13395.54,43,26,21,13,4,1,2,2,8.9,2,3,3.6,TRUE,67.7,Churned,9/5/2025,Post-churn activity,Valid,TRUE,Lower Value,Churned,1
C00177,2025-11-01,40524.64,12021.5,14093.14,49,27,18,16,2,0,1,1,7.7,2,2,3.3,TRUE,69.2,Churned,9/5/2025,Post-churn activity,Valid,TRUE,Lower Value,Churned,1
C00177,2025-12-01,40287.53,13312.43,17870.6,47,25,21,23,2,1,0,0,,0,5,4.1,TRUE,69.8,Churned,9/5/2025,Post-churn activity,Valid,TRUE,Lower Value,Churned,1
C00178,2025-01-01,66768.66,19289.54,24003.38,31,20,37,39,2,2,0,0,,2,0,4,TRUE,74.8,Churned,10/11/2025,Valid or active,Valid,FALSE,High Value,Churned,1
C00178,2025-02-01,76276.03,17456.4,19330.7,47,29,28,41,0,2,0,0,,0,2,3.7,FALSE,87.2,Churned,10/11/2025,Valid or active,Valid,FALSE,High Value,Churned,0
C00178,2025-03-01,67316.47,12764.98,15965.67,45,20,35,41,1,1,1,0,,1,3,3.3,FALSE,83.6,Churned,10/11/2025,Valid or active,Valid,FALSE,High Value,Churned,0
C00178,2025-04-01,77514.46,22193.13,25242.26,36,17,35,41,1,1,1,1,7.7,0,0,4.4,FALSE,76.6,Churned,10/11/2025,Valid or active,Valid,FALSE,High Value,Churned,0
C00178,2025-05-01,72245.81,26593.65,27178.64,28,21,30,29,2,0,0,0,,1,0,4.3,TRUE,73.3,Churned,10/11/2025,Valid or active,Valid,FALSE,High Value,Churned,1
C00178,2025-06-01,71781.02,19128.85,22693.78,51,25,31,37,0,2,0,0,,0,0,3.5,TRUE,89.7,Churned,10/11/2025,Valid or active,Valid,FALSE,High Value,Churned,1
C00178,2025-07-01,68661.38,26226.48,32283.34,45,30,28,32,2,2,0,0,,2,0,4.6,TRUE,86.3,Churned,10/11/2025,Valid or active,Valid,FALSE,High Value,Churned,1
C00178,2025-08-01,64565.77,19408.48,22447.52,38,20,27,28,1,0,2,2,9.8,3,6,2.5,TRUE,76.4,Churned,10/11/2025,Valid or active,Valid,FALSE,High Value,Churned,1
C00178,2025-09-01,73349.91,17472.93,15933.17,27,11,27,32,3,2,1,1,6.9,1,2,3.1,TRUE,65.3,Churned,10/11/2025,Valid or active,Valid,FALSE,High Value,Churned,1
C00178,2025-10-01,69285.17,19565.71,21888.19,39,26,35,41,2,2,0,1,6.8,2,0,3.4,TRUE,82.6,Churned,10/11/2025,Valid or active,Valid,FALSE,High Value,Churned,1
C00178,2025-11-01,69376.57,17750.42,15860.72,24,13,34,44,0,1,2,1,8.9,2,10,3.5,TRUE,67.1,Churned,10/11/2025,Post-churn activity,Valid,TRUE,High Value,Churned,1
C00178,2025-12-01,65032.44,16491.07,17610.98,26,9,32,41,0,2,2,3,12.7,0,9,3.8,FALSE,66.6,Churned,10/11/2025,Post-churn activity,Valid,TRUE,High Value,Churned,0
C00179,2025-01-01,19237.73,9087.14,13899.42,43,19,2,0,2,1,0,0,,0,5,4.8,TRUE,46.8,Active,,Valid or active,Valid,FALSE,Lower Value,Active,1
C00179,2025-02-01,21273.22,11349.26,10254.61,36,24,10,16,3,0,0,0,,0,8,4.6,TRUE,52.1,Active,,Valid or active,Valid,FALSE,Lower Value,Active,1
C00179,2025-03-01,21209.44,11521.29,15937.16,31,8,9,17,0,0,0,0,,0,8,5,FALSE,40.7,Active,,Valid or active,Valid,FALSE,Lower Value,Active,0
C00179,2025-04-01,20746.88,11544.09,15897.18,45,22,7,15,0,1,0,0,,2,5,5,TRUE,54.1,Active,,Valid or active,Valid,FALSE,Lower Value,Active,1
C00179,2025-05-01,21890.66,14544.49,13796.91,35,23,11,13,0,1,0,0,,4,2,3.9,TRUE,51.9,Active,,Valid or active,Valid,FALSE,Lower Value,Active,1
C00179,2025-06-01,20262.37,13466.2,13299.52,54,32,7,12,0,2,0,0,,0,3,5,TRUE,64.4,Active,,Valid or active,Valid,FALSE,Lower Value,Active,1
C00179,2025-07-01,25303.87,11222.56,11737.99,44,26,16,14,0,0,1,1,6.4,1,6,5,TRUE,63.7,Active,,Valid or active,Valid,FALSE,Lower Value,Active,1
C00179,2025-08-01,24110.92,13660.24,15442.28,47,23,15,17,0,1,0,0,,0,0,5,TRUE,63.3,Active,,Valid or active,Valid,FALSE,Lower Value,Active,1
C00179,2025-09-01,22868.29,10884.31,11896.37,47,28,12,10,1,0,0,0,,1,0,4.6,FALSE,62.8,Active,,Valid or active,Valid,FALSE,Lower Value,Active,0
C00179,2025-10-01,24073.69,11606.17,14403.83,36,22,11,10,4,0,0,0,,1,5,5,TRUE,52.1,Active,,Valid or active,Valid,FALSE,Lower Value,Active,1
C00179,2025-11-01,21807.94,12492.39,14008.81,41,22,16,14,0,1,0,0,,0,3,5,TRUE,60,Active,,Valid or active,Valid,FALSE,Lower Value,Active,1
C00179,2025-12-01,26913.6,14817.42,16693.42,50,30,16,17,1,1,0,0,,0,0,4.6,TRUE,69.3,Active,,Valid or active,Valid,FALSE,Lower Value,Active,1
C00180,2025-01-01,19950.84,6887.61,11173.3,55,34,12,12,0,1,0,0,,0,5,4.6,TRUE,79.6,Active,,Valid or active,Valid,FALSE,High Value,Active,1
C00180,2025-02-01,16190.37,8593.54,9692.93,41,22,14,7,0,0,0,0,,0,0,5,TRUE,67.1,Active,,Valid or active,Valid,FALSE,High Value,Active,1
C00180,2025-03-01,21591.23,7932.88,9290.41,34,19,23,18,0,1,0,0,,0,7,4.7,FALSE,69.7,Active,,Valid or active,Valid,FALSE,High Value,Active,0
C00180,2025-04-01,16662.52,6495.38,8360.88,42,22,14,6,0,0,0,0,,1,2,5,TRUE,67.7,Active,,Valid or active,Valid,FALSE,High Value,Active,1
C00180,2025-05-01,16612.83,8972.62,8602.81,44,28,18,16,2,0,0,0,,0,5,5,TRUE,75.5,Active,,Valid or active,Valid,FALSE,High Value,Active,1
C00180,2025-06-01,18026.99,6193.12,8028.79,44,23,22,19,1,2,0,0,,0,6,5,FALSE,76.9,Active,,Valid or active,Valid,FALSE,High Value,Active,0
C00180,2025-07-01,17438.26,7716.5,11317.61,33,21,21,13,1,1,0,0,,0,11,4.4,TRUE,68.1,Active,,Valid or active,Valid,FALSE,High Value,Active,1
C00180,2025-08-01,16017.92,10799.83,14764.84,33,21,10,7,1,0,0,0,,0,8,4.9,TRUE,57.8,Active,,Valid or active,Valid,FALSE,High Value,Active,1
C00180,2025-09-01,18743.02,10554.98,12939.72,51,37,19,23,0,0,0,0,,1,0,4.8,TRUE,84,Active,,Valid or active,Valid,FALSE,High Value,Active,1
C00180,2025-10-01,17976.88,7145.98,11887.69,42,20,10,2,0,0,0,0,,1,6,4.8,TRUE,63.1,Active,,Valid or active,Valid,FALSE,High Value,Active,1
C00180,2025-11-01,18234.04,10162.11,9806.07,30,16,12,15,2,0,0,0,,0,8,4.7,TRUE,55.5,Active,,Valid or active,Valid,FALSE,High Value,Active,1
C00180,2025-12-01,17180.15,6633.44,11495.94,37,19,24,20,1,0,0,0,,1,5,4.7,FALSE,72.5,Active,,Valid or active,Valid,FALSE,High Value,Active,0
C00181,2025-01-01,70708.2,21410.13,21185.46,24,0,15,12,0,3,1,1,6.8,0,14,4.5,TRUE,38.2,Active,,Valid or active,Valid,FALSE,Lower Value,Active,1
C00181,2025-02-01,68533.56,15872.69,16511.62,34,4,16,13,0,1,0,0,,0,6,5,TRUE,47.3,Active,,Valid or active,Valid,FALSE,Lower Value,Active,1
C00181,2025-03-01,73415.76,21085.85,26228.41,18,0,18,23,1,0,0,0,,1,12,4.7,TRUE,37.2,Active,,Valid or active,Valid,FALSE,Lower Value,Active,1
C00181,2025-04-01,82058.84,13775.34,10419.31,10,0,9,12,4,1,0,0,,0,19,5,TRUE,23.7,Active,,Valid or active,Valid,FALSE,Lower Value,Active,1
C00181,2025-05-01,79604.1,22177.19,23832.33,20,3,11,8,1,1,0,0,,0,17,4.4,TRUE,33.3,Active,,Valid or active,Valid,FALSE,Lower Value,Active,1
C00181,2025-06-01,71730.12,15946.52,13512.14,17,2,15,11,0,0,0,0,,0,10,4.6,TRUE,34.7,Active,,Valid or active,Valid,FALSE,Lower Value,Active,1
C00181,2025-07-01,62212.08,19353.69,23211.8,24,3,18,22,0,0,0,0,,1,7,4.4,TRUE,42.4,Active,,Valid or active,Valid,FALSE,Lower Value,Active,1
C00181,2025-08-01,75589.61,22232.98,23928.23,24,0,14,17,1,0,0,0,,1,12,4.7,TRUE,37.3,Active,,Valid or active,Valid,FALSE,Lower Value,Active,1
C00181,2025-09-01,65386.65,15116.47,13628.24,27,5,5,0,2,1,0,0,,3,0,3.8,TRUE,33.1,Active,,Valid or active,Valid,FALSE,Lower Value,Active,1
C00181,2025-10-01,74156.66,15201.24,16258.4,19,5,13,14,0,0,0,0,,0,19,3.9,TRUE,35.5,Active,,Valid or active,Valid,FALSE,Lower Value,Active,1
C00181,2025-11-01,69263.56,16825.75,18498.97,21,0,12,10,1,1,0,0,,1,5,5,TRUE,33.5,Active,,Valid or active,Valid,FALSE,Lower Value,Active,1
C00181,2025-12-01,75975.52,21245.52,25435.25,20,9,13,24,1,0,0,0,,0,15,4.9,TRUE,37.9,Active,,Valid or active,Valid,FALSE,Lower Value,Active,1
C00182,2025-01-01,43322.29,11063.65,12122.56,22,3,24,28,0,1,1,0,,0,2,4.8,TRUE,46.7,Churned,10/6/2025,Valid or active,Valid,FALSE,High Value,Churned,1
C00182,2025-02-01,39352.08,12779.59,15530.64,19,0,23,27,1,1,1,2,3.9,1,11,4.2,FALSE,42.5,Churned,10/6/2025,Valid or active,Valid,FALSE,High Value,Churned,0
C00182,2025-03-01,44561.2,16052.6,16151.28,30,3,18,14,1,0,0,0,,0,4,4.4,TRUE,46.2,Churned,10/6/2025,Valid or active,Valid,FALSE,High Value,Churned,1
C00182,2025-04-01,44461.36,11100.31,10817.77,21,1,26,21,0,0,0,0,,2,6,4.5,TRUE,47,Churned,10/6/2025,Valid or active,Valid,FALSE,High Value,Churned,1
C00182,2025-05-01,45707.15,10459.46,10509.56,24,4,18,15,0,2,0,0,,0,1,4.7,FALSE,42.8,Churned,10/6/2025,Valid or active,Valid,FALSE,High Value,Churned,0
C00182,2025-06-01,43271.49,8786.61,7844.16,24,1,20,13,2,0,0,0,,0,6,4.1,FALSE,43.3,Churned,10/6/2025,Valid or active,Valid,FALSE,High Value,Churned,0
C00182,2025-07-01,41307.21,15913.14,13245.92,24,8,22,16,0,0,0,0,,0,1,5,TRUE,48.4,Churned,10/6/2025,Valid or active,Valid,FALSE,High Value,Churned,1
C00182,2025-08-01,37962.59,9472.71,10841.62,40,6,14,14,0,0,0,0,,2,6,5,TRUE,50.1,Churned,10/6/2025,Valid or active,Valid,FALSE,High Value,Churned,1
C00182,2025-09-01,41703.31,13103.17,17408.36,21,0,17,9,0,1,0,0,,0,9,4.6,TRUE,38.2,Churned,10/6/2025,Valid or active,Valid,FALSE,High Value,Churned,1
C00182,2025-10-01,40573.11,16075.72,13687.87,19,2,19,15,1,1,0,0,,1,18,4.1,TRUE,39.7,Churned,10/6/2025,Valid or active,Valid,FALSE,High Value,Churned,1
C00182,2025-11-01,44388.32,14776.99,15627.43,6,0,18,19,0,0,0,0,,1,18,4,TRUE,29.6,Churned,10/6/2025,Post-churn activity,Valid,TRUE,High Value,Churned,1
C00182,2025-12-01,47034.5,9485.78,10749.42,23,5,19,16,1,0,0,0,,0,5,4.7,TRUE,43.6,Churned,10/6/2025,Post-churn activity,Valid,TRUE,High Value,Churned,1
C00183,2025-01-01,25370.43,11711.85,10447.76,33,3,26,21,1,1,0,0,,0,0,4.7,TRUE,55.5,Active,,Valid or active,Valid,FALSE,Lower Value,Active,1
C00183,2025-02-01,25146.14,12533.98,15589.38,24,2,29,18,1,0,0,0,,1,3,4.4,TRUE,52.2,Active,,Valid or active,Valid,FALSE,Lower Value,Active,1
C00183,2025-03-01,23027.42,9156.4,10022.63,23,0,21,18,0,0,0,0,,0,13,4,TRUE,43.2,Active,,Valid or active,Valid,FALSE,Lower Value,Active,1
C00183,2025-04-01,27559.22,9662.61,10859.41,15,0,18,8,1,0,0,0,,0,17,5,TRUE,35.3,Active,,Valid or active,Valid,FALSE,Lower Value,Active,1
C00183,2025-05-01,25235.38,10728.77,9078.6,18,0,24,20,0,0,0,0,,0,16,4.7,TRUE,42.8,Active,,Valid or active,Valid,FALSE,Lower Value,Active,1
C00183,2025-06-01,25487.93,7192.38,6336.88,29,0,26,18,0,0,0,0,,1,6,5,FALSE,51.6,Active,,Valid or active,Valid,FALSE,Lower Value,Active,0
C00183,2025-07-01,26511.77,9303.64,12538.24,25,2,30,24,0,0,0,0,,0,8,4.7,TRUE,53.7,Active,,Valid or active,Valid,FALSE,Lower Value,Active,1
C00183,2025-08-01,25386.7,7923.25,8995.9,22,1,18,14,2,1,0,0,,0,12,4.9,TRUE,40.2,Active,,Valid or active,Valid,FALSE,Lower Value,Active,1
C00183,2025-09-01,23344.2,9511.09,12343.36,30,4,27,16,0,0,0,0,,0,0,4.5,TRUE,55,Active,,Valid or active,Valid,FALSE,Lower Value,Active,1
C00183,2025-10-01,24949.82,9917.94,8344.79,21,7,26,13,1,0,0,0,,1,6,4.7,TRUE,49.8,Active,,Valid or active,Valid,FALSE,Lower Value,Active,1
C00183,2025-11-01,24433.92,6608.64,8189.69,31,0,22,23,2,0,1,1,1.1,0,0,5,FALSE,49.2,Active,,Valid or active,Valid,FALSE,Lower Value,Active,0
C00183,2025-12-01,25022.83,9095.72,11948.81,37,3,30,20,0,1,0,0,,1,0,5,TRUE,61.8,Active,,Valid or active,Valid,FALSE,Lower Value,Active,1
C00184,2025-01-01,44210.95,21558.02,21699.51,57,39,26,29,1,0,0,0,,2,0,3.6,TRUE,85.4,Active,,Valid or active,Valid,FALSE,Lower Value,Active,1
C00184,2025-02-01,46597.33,26511.79,22948.43,37,18,25,24,0,0,0,0,,0,1,4.7,TRUE,64,Active,,Valid or active,Valid,FALSE,Lower Value,Active,1
C00184,2025-03-01,39073.55,19302.13,13771.29,30,16,27,40,0,2,0,0,,0,4,3.7,TRUE,60.5,Active,,Valid or active,Valid,FALSE,Lower Value,Active,1
C00184,2025-04-01,53783.41,23224.13,19411.86,30,16,26,34,0,0,0,0,,0,6,3.5,TRUE,59.6,Active,,Valid or active,Valid,FALSE,Lower Value,Active,1
C00184,2025-05-01,46831.95,28198.47,22713.47,35,21,27,31,0,1,0,0,,1,0,3.4,TRUE,66,Active,,Valid or active,Valid,FALSE,Lower Value,Active,1
C00184,2025-06-01,49610.89,26764.81,29582.2,46,34,28,37,1,1,0,0,,1,2,3.6,TRUE,79.8,Active,,Valid or active,Valid,FALSE,Lower Value,Active,1
C00184,2025-07-01,46734.92,19456.92,26805.05,45,19,28,38,0,0,1,0,,0,8,3.9,FALSE,72.3,Active,,Valid or active,Valid,FALSE,Lower Value,Active,0
C00184,2025-08-01,47661.35,20387.91,24371.74,38,24,22,24,2,0,0,0,,0,1,3.7,TRUE,64.6,Active,,Valid or active,Valid,FALSE,Lower Value,Active,1
C00184,2025-09-01,43704.58,22325.68,22107.95,38,21,21,30,1,0,0,0,,2,0,3.9,TRUE,62.3,Active,,Valid or active,Valid,FALSE,Lower Value,Active,1
C00184,2025-10-01,43669.13,16397.92,18963.04,37,22,21,21,1,0,0,1,6.1,0,3,3.3,TRUE,62.1,Active,,Valid or active,Valid,FALSE,Lower Value,Active,1
C00184,2025-11-01,45241.83,22010.47,25760.36,20,16,24,26,1,0,0,0,,0,8,3.4,TRUE,51.4,Active,,Valid or active,Valid,FALSE,Lower Value,Active,1
C00184,2025-12-01,46125.76,17191.59,20274.86,46,27,27,35,1,0,0,0,,0,8,3.9,TRUE,75.7,Active,,Valid or active,Valid,FALSE,Lower Value,Active,1
C00185,2025-01-01,14851.55,10401.1,12786.42,31,8,0,5,1,0,0,0,,2,11,3.7,TRUE,27.8,Active,,Valid or active,Valid,FALSE,Lower Value,Active,1
C00185,2025-02-01,18421.18,12293.13,17610.84,29,0,0,1,2,0,0,0,,0,14,4.9,TRUE,22.9,Active,,Valid or active,Valid,FALSE,Lower Value,Active,1
C00185,2025-03-01,16478.83,15130.5,18938.05,24,0,7,5,1,1,0,0,,0,7,3.4,TRUE,26.2,Active,,Valid or active,Valid,FALSE,Lower Value,Active,1
C00185,2025-04-01,16207.78,10307.55,11296.24,32,7,7,6,0,0,1,1,3.8,0,9,3.8,TRUE,34.5,Active,,Valid or active,Valid,FALSE,Lower Value,Active,1
C00185,2025-05-01,15602.18,9119.54,8911.83,19,0,0,5,3,2,0,0,,2,14,4.1,FALSE,16.5,Active,,Valid or active,Valid,FALSE,Lower Value,Active,0
C00185,2025-06-01,16352.89,15989.53,21369.2,27,3,0,0,0,2,0,0,,0,9,3.8,TRUE,23,Active,,Valid or active,Valid,FALSE,Lower Value,Active,1
C00185,2025-07-01,15195.9,12288.27,12436.74,31,2,5,0,2,0,0,0,,1,15,4.1,FALSE,29.7,Active,,Valid or active,Valid,FALSE,Lower Value,Active,0
C00185,2025-08-01,16286.22,15943.65,17357.2,41,0,2,7,1,0,0,0,,0,7,3.9,TRUE,32.3,Active,,Valid or active,Valid,FALSE,Lower Value,Active,1
C00185,2025-09-01,15328.38,16026.48,15399.35,32,0,4,3,3,0,0,0,,0,3,4,TRUE,28.5,Active,,Valid or active,Valid,FALSE,Lower Value,Active,1
C00185,2025-10-01,16079.28,9658.59,8858.7,31,4,2,7,2,2,1,0,,0,11,4.9,TRUE,27.8,Active,,Valid or active,Valid,FALSE,Lower Value,Active,1
C00185,2025-11-01,14989.86,9911.21,13521.08,20,8,6,8,1,0,0,1,7.8,0,16,4.5,FALSE,26.4,Active,,Valid or active,Valid,FALSE,Lower Value,Active,0
C00185,2025-12-01,15836.53,13007.05,10491.62,32,4,8,1,1,0,0,0,,0,9,4.4,TRUE,34.1,Active,,Valid or active,Valid,FALSE,Lower Value,Active,1
C00186,2025-01-01,10549.52,11885.83,12534.58,26,18,12,18,1,0,0,0,,1,5,3.6,FALSE,49.4,Active,,Valid or active,Valid,FALSE,Lower Value,Active,0
C00186,2025-02-01,11346.78,11251.7,9772.49,34,23,12,15,0,2,0,0,,0,1,4.5,TRUE,56.7,Active,,Valid or active,Valid,FALSE,Lower Value,Active,1
C00186,2025-03-01,10790.97,13725.38,12758.31,15,8,7,12,0,0,0,0,,1,16,4.5,TRUE,33.2,Active,,Valid or active,Valid,FALSE,Lower Value,Active,1
C00186,2025-04-01,8406.07,11462.09,14525.82,15,10,6,3,0,0,0,0,,0,21,3.6,TRUE,33.2,Active,,Valid or active,Valid,FALSE,Lower Value,Active,1
C00186,2025-05-01,9219.21,13828.6,11787.2,6,6,7,8,0,0,0,0,,0,19,3.8,TRUE,26.6,Active,,Valid or active,Valid,FALSE,Lower Value,Active,1
C00186,2025-06-01,6524.43,9065.31,11462.88,16,12,7,7,1,2,0,0,,1,14,3,TRUE,35.7,Active,,Valid or active,Valid,FALSE,Lower Value,Active,1
C00186,2025-07-01,8674.73,10039.33,8273.86,29,21,5,7,1,1,0,0,,1,11,3.7,TRUE,46.1,Active,,Valid or active,Valid,FALSE,Lower Value,Active,1
C00186,2025-08-01,8859.11,9814.04,11400.86,9,7,9,0,1,2,0,0,,0,21,3.9,FALSE,30.8,Active,,Valid or active,Valid,FALSE,Lower Value,Active,0
C00186,2025-09-01,10639.91,8839.46,9111.61,17,12,16,22,0,0,0,0,,1,19,4,TRUE,44.7,Active,,Valid or active,Valid,FALSE,Lower Value,Active,1
C00186,2025-10-01,9810.27,10476.81,11206.07,26,16,10,9,0,1,0,0,,2,7,3.7,FALSE,46.6,Active,,Valid or active,Valid,FALSE,Lower Value,Active,0
C00186,2025-11-01,8617.89,14144.67,15794.95,22,10,13,15,1,0,0,0,,0,15,4,TRUE,44.1,Active,,Valid or active,Valid,FALSE,Lower Value,Active,1
C00186,2025-12-01,7541.19,6724.15,9870.8,22,11,11,17,1,0,0,0,,0,16,4.5,FALSE,42.7,Active,,Valid or active,Valid,FALSE,Lower Value,Active,0
C00187,2025-01-01,9015.57,3912.64,6537.24,28,19,13,3,1,0,1,1,3.2,0,10,4.2,FALSE,52.1,Churned,9/12/2025,Valid or active,Valid,FALSE,High Value,Churned,0
C00187,2025-02-01,10787.21,3421.68,4285.35,14,6,21,9,2,0,1,1,1.9,0,10,4.1,FALSE,44.7,Churned,9/12/2025,Valid or active,Valid,FALSE,High Value,Churned,0
C00187,2025-03-01,11197.67,3245.12,3513.98,22,13,11,5,1,0,0,0,,0,10,4.3,FALSE,43.6,Churned,9/12/2025,Valid or active,Valid,FALSE,High Value,Churned,0
C00187,2025-04-01,8949.17,2861.79,2677.72,5,2,11,10,0,1,0,0,,1,16,4.2,FALSE,27.8,Churned,9/12/2025,Valid or active,Valid,FALSE,High Value,Churned,0
C00187,2025-05-01,7069.76,3176.57,4424.81,12,6,13,13,0,0,0,0,,0,14,4,FALSE,36,Churned,9/12/2025,Valid or active,Valid,FALSE,High Value,Churned,0
C00187,2025-06-01,8694.1,3102.09,4458.38,26,16,0,0,0,0,1,1,9.1,1,5,4.3,FALSE,37.3,Churned,9/12/2025,Valid or active,Valid,FALSE,High Value,Churned,0
C00187,2025-07-01,7534.95,3061,4188.02,15,12,13,5,1,0,0,0,,0,9,4.1,FALSE,40.6,Churned,9/12/2025,Valid or active,Valid,FALSE,High Value,Churned,0
C00187,2025-08-01,11823.51,3096.28,6830.85,33,19,20,19,1,1,0,0,,0,6,3.6,FALSE,61.8,Churned,9/12/2025,Valid or active,Valid,FALSE,High Value,Churned,0
C00187,2025-09-01,9844.02,3075.51,3076.58,13,4,8,18,0,0,0,0,,0,13,4.6,FALSE,31,Churned,9/12/2025,Valid or active,Valid,FALSE,High Value,Churned,0
C00187,2025-10-01,11041.17,4022.95,6193.93,19,12,9,4,0,2,0,0,,0,14,3.9,FALSE,39.4,Churned,9/12/2025,Post-churn activity,Valid,TRUE,High Value,Churned,0
C00187,2025-11-01,11120.61,3358.55,5162.36,35,19,16,6,0,0,0,0,,0,1,3.6,FALSE,59.3,Churned,9/12/2025,Post-churn activity,Valid,TRUE,High Value,Churned,0
C00187,2025-12-01,9195.23,3076.12,3617.56,12,12,14,18,5,2,0,0,,0,19,4.1,FALSE,39.7,Churned,9/12/2025,Post-churn activity,Valid,TRUE,High Value,Churned,0
C00188,2025-01-01,14255.78,7401.94,9139.79,20,0,13,7,1,1,0,0,,0,8,4.3,FALSE,29.3,Active,,Valid or active,Valid,FALSE,Lower Value,Active,0
C00188,2025-02-01,13462.37,8241.7,9339.69,26,0,12,0,0,1,0,0,,1,8,3.5,TRUE,32.2,Active,,Valid or active,Valid,FALSE,Lower Value,Active,1
C00188,2025-03-01,17441.42,9938.9,10893.34,42,0,15,12,1,1,0,0,,1,2,3,TRUE,45.1,Active,,Valid or active,Valid,FALSE,Lower Value,Active,1
C00188,2025-04-01,16989.91,10162.97,12031.03,37,2,13,2,2,0,0,0,,1,3,3,TRUE,41,Active,,Valid or active,Valid,FALSE,Lower Value,Active,1
C00188,2025-05-01,14939.71,10185.18,9990.51,34,2,21,22,0,0,0,0,,0,0,2.7,TRUE,46.5,Active,,Valid or active,Valid,FALSE,Lower Value,Active,1
C00188,2025-06-01,17655.82,10134.56,10249.02,40,6,15,11,0,0,0,0,,2,4,4.4,TRUE,46.6,Active,,Valid or active,Valid,FALSE,Lower Value,Active,1
C00188,2025-07-01,17854.83,7429.64,6462.36,19,1,18,16,1,0,0,0,,0,19,4.3,TRUE,33.8,Active,,Valid or active,Valid,FALSE,Lower Value,Active,1
C00188,2025-08-01,16989.76,8855.24,9993.45,32,0,19,12,1,0,0,0,,0,1,3.1,TRUE,42.5,Active,,Valid or active,Valid,FALSE,Lower Value,Active,1
C00188,2025-09-01,17801.21,7260.36,10523.99,31,5,16,8,2,1,0,0,,2,0,3.5,TRUE,41.4,Active,,Valid or active,Valid,FALSE,Lower Value,Active,1
C00188,2025-10-01,20030.33,6291.8,9450.46,29,0,21,16,0,0,0,0,,0,11,3.3,TRUE,42.5,Active,,Valid or active,Valid,FALSE,Lower Value,Active,1
C00188,2025-11-01,18378.15,8880.42,6618.76,31,5,15,16,1,0,1,0,,0,0,3.9,TRUE,40.4,Active,,Valid or active,Valid,FALSE,Lower Value,Active,1
C00188,2025-12-01,20062.63,9870.17,8491.34,35,7,19,18,4,1,0,0,,0,0,3.7,TRUE,47.6,Active,,Valid or active,Valid,FALSE,Lower Value,Active,1
C00189,2025-01-01,53159.78,17411.71,17545.34,51,30,4,0,0,1,0,0,,1,0,3.9,TRUE,63.2,Active,,Valid or active,Valid,FALSE,Lower Value,Active,1
C00189,2025-02-01,48404.87,23668.6,28442,47,27,8,14,5,0,0,0,,1,9,3.9,TRUE,63.1,Active,,Valid or active,Valid,FALSE,Lower Value,Active,1
C00189,2025-03-01,61412.49,24117.74,35497.57,61,31,6,1,0,0,0,0,,2,9,3,TRUE,71.3,Active,,Valid or active,Valid,FALSE,Lower Value,Active,1
C00189,2025-04-01,60115.36,18448.01,21063.17,47,29,6,2,3,1,0,0,,0,0,3,TRUE,62.1,Active,,Valid or active,Valid,FALSE,Lower Value,Active,1
C00189,2025-05-01,54243.46,25836.6,33299.72,62,31,5,0,0,0,0,0,,0,5,3.4,TRUE,70.3,Active,,Valid or active,Valid,FALSE,Lower Value,Active,1
C00189,2025-06-01,59464.42,18502.41,23361.86,61,31,2,7,3,0,0,0,,0,10,3.6,TRUE,67.5,Active,,Valid or active,Valid,FALSE,Lower Value,Active,1
C00189,2025-07-01,58615.2,20779.08,26873.43,53,27,3,0,1,0,0,0,,1,5,3.8,TRUE,62.2,Active,,Valid or active,Valid,FALSE,Lower Value,Active,1
C00189,2025-08-01,67112.87,20427.45,26405.78,57,37,3,6,4,1,1,1,2.3,0,5,3.4,TRUE,68.4,Active,,Valid or active,Valid,FALSE,Lower Value,Active,1
C00189,2025-09-01,70276.53,26013.38,25922.87,57,38,9,9,3,1,0,0,,0,0,3.3,TRUE,74,Active,,Valid or active,Valid,FALSE,Lower Value,Active,1
C00189,2025-10-01,64391.06,17027.65,22324.88,52,32,4,2,1,0,0,0,,0,6,3.1,TRUE,64.8,Active,,Valid or active,Valid,FALSE,Lower Value,Active,1
C00189,2025-11-01,60459.84,17967.01,20920.93,59,31,3,1,2,0,0,0,,0,9,4.4,TRUE,67.8,Active,,Valid or active,Valid,FALSE,Lower Value,Active,1
C00189,2025-12-01,60743.91,17790.01,24980.23,71,44,10,11,0,1,0,0,,1,5,3.8,FALSE,76.8,Active,,Valid or active,Valid,FALSE,Lower Value,Active,0
C00190,2025-01-01,1294.54,2095.59,2712.41,18,9,0,5,0,1,0,0,,0,20,4.5,FALSE,24.5,Churned,11/17/2025,Valid or active,Valid,FALSE,Lower Value,Churned,0
C00190,2025-02-01,2878.81,2414.13,4356.44,16,10,3,3,1,1,1,0,,0,15,4.1,FALSE,26.5,Churned,11/17/2025,Valid or active,Valid,FALSE,Lower Value,Churned,0
C00190,2025-03-01,1939.55,1837.82,1995.36,7,3,4,8,0,2,0,1,1.5,0,22,3.5,FALSE,18.5,Churned,11/17/2025,Valid or active,Valid,FALSE,Lower Value,Churned,0
C00190,2025-04-01,2166.32,3061.8,3930.37,25,14,6,15,0,0,0,0,,0,10,4.5,FALSE,36.8,Churned,11/17/2025,Valid or active,Valid,FALSE,Lower Value,Churned,0
C00190,2025-05-01,3073.68,2518.57,2042.18,7,1,5,0,1,1,0,0,,0,21,4.5,FALSE,18.6,Churned,11/17/2025,Valid or active,Valid,FALSE,Lower Value,Churned,0
C00190,2025-06-01,1311.01,2268.67,2340.7,11,3,5,5,1,0,0,0,,0,19,4.8,FALSE,22,Churned,11/17/2025,Valid or active,Valid,FALSE,Lower Value,Churned,0
C00190,2025-07-01,934.86,2707.07,3937.82,17,11,6,4,0,0,0,0,,0,12,4.4,FALSE,30.4,Churned,11/17/2025,Valid or active,Valid,FALSE,Lower Value,Churned,0
C00190,2025-08-01,506.34,3080.68,3333.37,5,0,10,8,0,1,0,0,,0,23,3.8,FALSE,21.5,Churned,11/17/2025,Valid or active,Valid,FALSE,Lower Value,Churned,0
C00190,2025-09-01,2834.22,3064.31,3949.65,16,7,8,3,3,1,0,0,,0,13,4.7,FALSE,29.8,Churned,11/17/2025,Valid or active,Valid,FALSE,Lower Value,Churned,0
C00190,2025-10-01,857.68,2520.36,2058.03,8,2,4,1,0,0,0,0,,0,26,4.6,FALSE,18.7,Churned,11/17/2025,Valid or active,Valid,FALSE,Lower Value,Churned,0
C00190,2025-11-01,4531.77,3057.58,5358.5,17,12,5,0,0,1,0,0,,0,10,4.1,FALSE,29.9,Churned,11/17/2025,Valid or active,Valid,FALSE,Lower Value,Churned,0
C00190,2025-12-01,948.96,3168.22,2868.12,11,5,9,6,0,0,0,0,,0,22,3.8,FALSE,26.7,Churned,11/17/2025,Post-churn activity,Valid,TRUE,Lower Value,Churned,0
C00191,2025-01-01,32202.64,15177.64,16077.16,54,32,17,26,1,0,0,0,,1,1,4.1,TRUE,78.2,Active,,Valid or active,Valid,FALSE,Lower Value,Active,1
C00191,2025-02-01,29173.24,14542.33,18274.09,45,31,15,15,1,0,0,0,,1,0,4.9,FALSE,70.2,Active,,Valid or active,Valid,FALSE,Lower Value,Active,0
C00191,2025-03-01,29501.16,12805.78,16754.47,47,34,10,14,1,0,0,0,,1,0,3.4,TRUE,68.1,Active,,Valid or active,Valid,FALSE,Lower Value,Active,1
C00191,2025-04-01,28793.58,13450.08,20288.62,52,31,14,18,0,0,0,0,,0,7,4.8,TRUE,73.7,Active,,Valid or active,Valid,FALSE,Lower Value,Active,1
C00191,2025-05-01,30092.6,18593.58,26627.65,60,29,9,11,2,0,0,0,,1,5,3.4,TRUE,73.2,Active,,Valid or active,Valid,FALSE,Lower Value,Active,1
C00191,2025-06-01,30238.42,13085.3,15244.3,47,31,19,22,0,0,0,0,,0,0,3.5,TRUE,75.2,Active,,Valid or active,Valid,FALSE,Lower Value,Active,1
C00191,2025-07-01,33215.59,15251.52,13189.36,55,23,7,12,0,3,0,0,,0,7,,TRUE,65.4,Active,,Valid or active,Valid,FALSE,Lower Value,Active,1
C00191,2025-08-01,27461.25,14060.47,19985.18,50,23,11,20,0,0,1,1,2.3,1,5,3.5,TRUE,65.9,Active,,Valid or active,Valid,FALSE,Lower Value,Active,1
C00191,2025-09-01,26002.82,12603.99,16771.94,41,26,15,19,0,0,0,0,,1,3,4.4,FALSE,65.4,Active,,Valid or active,Valid,FALSE,Lower Value,Active,0
C00191,2025-10-01,28533.8,16571.08,20191.91,50,29,12,13,1,1,0,0,,1,1,4.7,TRUE,69.6,Active,,Valid or active,Valid,FALSE,Lower Value,Active,1
C00191,2025-11-01,26381.74,11023.4,15561.88,56,22,10,12,1,0,0,0,,0,2,3.8,FALSE,68.4,Active,,Valid or active,Valid,FALSE,Lower Value,Active,0
C00191,2025-12-01,29713.75,10827.65,16811.77,46,22,8,17,0,1,0,0,,0,4,4.3,TRUE,60.2,Active,,Valid or active,Valid,FALSE,Lower Value,Active,1
C00192,2025-01-01,19488.97,6314.55,11341.95,60,5,23,23,1,0,0,0,,0,0,5,TRUE,66.3,Active,,Valid or active,Valid,FALSE,Lower Value,Active,1
C00192,2025-02-01,19369.6,9305.28,11797.74,58,1,16,10,1,0,0,0,,1,5,4.7,TRUE,56.6,Active,,Valid or active,Valid,FALSE,Lower Value,Active,1
C00192,2025-03-01,19920.43,7058.83,14674.86,52,6,30,26,1,1,0,0,,0,0,5,TRUE,68.2,Active,,Valid or active,Valid,FALSE,Lower Value,Active,1
C00192,2025-04-01,19851.82,4972.97,9235.78,38,0,22,17,1,0,0,0,,3,1,4.3,FALSE,49.1,Active,,Valid or active,Valid,FALSE,Lower Value,Active,0
C00192,2025-05-01,22618.19,7827.11,9389.12,61,0,19,22,0,1,0,0,,0,2,5,TRUE,60.2,Active,,Valid or active,Valid,FALSE,Lower Value,Active,1
C00192,2025-06-01,23306.63,8681.09,10068.31,49,0,19,12,0,0,0,0,,1,1,5,TRUE,53.3,Active,,Valid or active,Valid,FALSE,Lower Value,Active,1
C00192,2025-07-01,18503.74,7418.06,11698.16,48,0,11,7,1,0,0,0,,0,0,5,TRUE,45.2,Active,,Valid or active,Valid,FALSE,Lower Value,Active,1
C00192,2025-08-01,19474.57,8915.02,15671.81,68,2,17,15,0,1,0,0,,1,4,4.5,TRUE,59.3,Active,,Valid or active,Valid,FALSE,Lower Value,Active,1
C00192,2025-09-01,18927.57,8486.08,13758.25,45,6,17,21,0,0,0,0,,0,5,5,TRUE,51.6,Active,,Valid or active,Valid,FALSE,Lower Value,Active,1
C00192,2025-10-01,19890.06,10067.51,9524.92,33,4,20,21,1,0,0,0,,0,1,4.4,TRUE,45.9,Active,,Valid or active,Valid,FALSE,Lower Value,Active,1
C00192,2025-11-01,18200.68,8871.84,12085.5,53,6,14,20,1,0,0,0,,1,3,4.9,TRUE,53.9,Active,,Valid or active,Valid,FALSE,Lower Value,Active,1
C00192,2025-12-01,19785.89,9171.39,7604.8,50,0,18,14,0,0,0,0,,0,3,4.6,TRUE,53,Active,,Valid or active,Valid,FALSE,Lower Value,Active,1
C00193,2025-01-01,58896.65,14310.29,15806.05,42,4,23,27,0,2,0,0,,1,0,3.4,TRUE,49.9,Churned,12/7/2025,Valid or active,Valid,FALSE,Lower Value,Churned,1
C00193,2025-02-01,46452.39,17117.06,18182.38,43,5,18,23,0,3,0,0,,1,1,4.4,TRUE,46.3,Churned,12/7/2025,Valid or active,Valid,FALSE,Lower Value,Churned,1
C00193,2025-03-01,46678.52,22369.52,27083.75,38,0,17,19,0,0,0,0,,0,2,2.9,TRUE,39.9,Churned,12/7/2025,Valid or active,Valid,FALSE,Lower Value,Churned,1
C00193,2025-04-01,49377.08,14194.86,15825.41,35,8,21,26,3,0,0,0,,1,4,2.9,TRUE,45.4,Churned,12/7/2025,Valid or active,Valid,FALSE,Lower Value,Churned,1
C00193,2025-05-01,43951.13,18081.29,16457.84,35,10,22,25,2,0,0,0,,2,0,3.7,TRUE,47.3,Churned,12/7/2025,Valid or active,Valid,FALSE,Lower Value,Churned,1
C00193,2025-06-01,42179.48,16232.1,20286.58,32,0,6,6,0,1,0,0,,0,5,3.9,TRUE,25.9,Churned,12/7/2025,Valid or active,Valid,FALSE,Lower Value,Churned,1
C00193,2025-07-01,38803.78,21677.87,24522.72,26,3,17,16,0,1,1,1,2.5,1,2,2.9,TRUE,33.7,Churned,12/7/2025,Valid or active,Valid,FALSE,Lower Value,Churned,1
C00193,2025-08-01,39327.86,21425.42,21700.67,23,8,19,34,0,0,0,0,,0,6,3.1,TRUE,36,Churned,12/7/2025,Valid or active,Valid,FALSE,Lower Value,Churned,1
C00193,2025-09-01,24548.83,17639.73,21478.75,26,7,12,13,1,0,1,1,3,0,2,2.4,TRUE,30.9,Churned,12/7/2025,Valid or active,Valid,FALSE,Lower Value,Churned,1
C00193,2025-10-01,16767.38,15313.19,17695.2,5,0,22,28,1,1,1,1,6.1,0,25,3.3,TRUE,23.7,Churned,12/7/2025,Valid or active,Valid,FALSE,Lower Value,Churned,1
C00193,2025-11-01,19047.74,13511.35,14989.08,19,1,17,17,3,0,1,0,,0,11,2.8,FALSE,28.4,Churned,12/7/2025,Valid or active,Valid,FALSE,Lower Value,Churned,0
C00193,2025-12-01,15324.9,10140.47,13074.47,23,0,5,8,2,0,2,2,7.8,0,12,2.6,FALSE,19.2,Churned,12/7/2025,Valid or active,Valid,FALSE,Lower Value,Churned,0
C00194,2025-01-01,43057,10394.47,11241.5,38,0,0,0,0,1,0,0,,1,9,4.3,TRUE,28.6,Active,,Valid or active,Valid,FALSE,Lower Value,Active,1
C00194,2025-02-01,45515.55,10433.84,14458.69,31,11,0,0,4,0,0,0,,0,12,4.2,TRUE,29.2,Active,,Valid or active,Valid,FALSE,Lower Value,Active,1
C00194,2025-03-01,49531.13,9494.83,9764.07,26,0,10,6,3,0,0,0,,0,2,3.8,TRUE,30.3,Active,,Valid or active,Valid,FALSE,Lower Value,Active,1
C00194,2025-04-01,43878.41,15144.41,15006.72,42,4,0,1,1,1,0,0,,1,9,4.3,TRUE,32.9,Active,,Valid or active,Valid,FALSE,Lower Value,Active,1
C00194,2025-05-01,49902.27,11708.04,17179.45,31,0,0,0,2,1,0,0,,0,5,4.3,TRUE,24.1,Active,,Valid or active,Valid,FALSE,Lower Value,Active,1
C00194,2025-06-01,42143.57,14256.48,12298.07,25,0,1,0,1,0,0,0,,0,15,4.1,TRUE,21.3,Active,,Valid or active,Valid,FALSE,Lower Value,Active,1
C00194,2025-07-01,46385.01,13339.33,11563.72,43,3,0,0,1,0,1,1,6.8,0,6,3.7,TRUE,33.1,Active,,Valid or active,Valid,FALSE,Lower Value,Active,1
C00194,2025-08-01,48534.12,11745.3,12299.09,33,5,0,0,1,1,0,0,,0,9,4.2,TRUE,27.7,Active,,Valid or active,Valid,FALSE,Lower Value,Active,1
C00194,2025-09-01,41019.17,11279.13,11290.82,29,3,1,4,1,1,0,0,,1,12,4.6,TRUE,25.2,Active,,Valid or active,Valid,FALSE,Lower Value,Active,1
C00194,2025-10-01,48209.45,12360.93,13136.43,36,0,0,3,3,0,0,0,,1,2,4.6,TRUE,27.3,Active,,Valid or active,Valid,FALSE,Lower Value,Active,1
C00194,2025-11-01,41571.98,14688.87,11744.87,19,5,0,0,3,1,0,0,,0,15,4.6,TRUE,18.8,Active,,Valid or active,Valid,FALSE,Lower Value,Active,1
C00194,2025-12-01,42720.86,11852.32,12386.83,34,8,0,7,1,0,0,0,,1,10,4.9,TRUE,29.7,Active,,Valid or active,Valid,FALSE,Lower Value,Active,1
C00195,2025-01-01,60275.4,13391.51,15636.23,48,26,0,0,3,0,0,0,,0,8,4.1,FALSE,55.8,Active,,Valid or active,Valid,FALSE,High Value,Active,0
C00195,2025-02-01,59164.48,22577.39,18763.72,41,18,2,5,1,1,0,0,,0,4,4.6,TRUE,49.6,Active,,Valid or active,Valid,FALSE,High Value,Active,1
C00195,2025-03-01,62263.39,23222.8,28734.93,40,20,6,1,3,0,0,0,,0,1,4.2,TRUE,53.6,Active,,Valid or active,Valid,FALSE,High Value,Active,1
C00195,2025-04-01,70799,13014.42,10495.21,40,25,6,4,0,0,0,0,,0,5,4.1,TRUE,55.9,Active,,Valid or active,Valid,FALSE,High Value,Active,1
C00195,2025-05-01,64114.03,19471.85,17910.53,51,24,3,0,1,1,0,0,,0,8,4.2,TRUE,59.6,Active,,Valid or active,Valid,FALSE,High Value,Active,1
C00195,2025-06-01,63666.32,11885.08,14713.24,42,26,0,8,3,1,0,0,,1,9,4.4,FALSE,52,Active,,Valid or active,Valid,FALSE,High Value,Active,0
C00195,2025-07-01,64265.99,18813.74,16798.11,42,27,0,0,0,0,0,0,,0,7,4,TRUE,52.4,Active,,Valid or active,Valid,FALSE,High Value,Active,1
C00195,2025-08-01,60642.57,11187.53,15987.6,49,21,0,13,4,1,0,0,,1,7,3.9,FALSE,54.1,Active,,Valid or active,Valid,FALSE,High Value,Active,0
C00195,2025-09-01,64985.99,23029.53,20423.19,43,24,2,3,2,1,0,0,,0,14,3.8,TRUE,53.6,Active,,Valid or active,Valid,FALSE,High Value,Active,1
C00195,2025-10-01,49312.91,21426.67,16068.83,42,28,1,0,2,1,0,0,,2,0,4.4,TRUE,53.8,Active,,Valid or active,Valid,FALSE,High Value,Active,1
C00195,2025-11-01,60426.74,14377.2,17357.53,41,15,0,0,1,0,0,0,,1,4,4.7,TRUE,46.3,Active,,Valid or active,Valid,FALSE,High Value,Active,1
C00195,2025-12-01,67907.99,15237.44,18364.17,45,33,5,4,2,1,0,0,,1,1,3.8,TRUE,61.8,Active,,Valid or active,Valid,FALSE,High Value,Active,1
C00196,2025-01-01,14716.71,17835.68,16454.67,55,25,0,2,2,0,0,0,,1,11,5,TRUE,55.3,Active,,Valid or active,Valid,FALSE,Lower Value,Active,1
C00196,2025-02-01,12662.13,9201.4,10420.64,34,25,1,3,2,0,0,0,,0,11,5,FALSE,42.9,Active,,Valid or active,Valid,FALSE,Lower Value,Active,0
C00196,2025-03-01,16200.49,11956.98,15221.13,42,26,0,5,3,1,0,0,,2,11,4.6,TRUE,47.5,Active,,Valid or active,Valid,FALSE,Lower Value,Active,1
C00196,2025-04-01,16722.12,14456.53,18323.2,41,18,4,8,6,0,0,0,,2,6,5,TRUE,46.9,Active,,Valid or active,Valid,FALSE,Lower Value,Active,1
C00196,2025-05-01,18765.44,10957.79,10227.51,38,12,0,0,3,0,0,0,,0,12,5,FALSE,38.6,Active,,Valid or active,Valid,FALSE,Lower Value,Active,0
C00196,2025-06-01,15993.03,14071.35,17823.75,32,20,0,0,3,0,0,0,,1,13,5,TRUE,38.4,Active,,Valid or active,Valid,FALSE,Lower Value,Active,1
C00196,2025-07-01,15541.78,15149.86,17549.05,48,30,4,7,1,0,0,0,,1,5,5,TRUE,56.8,Active,,Valid or active,Valid,FALSE,Lower Value,Active,1
C00196,2025-08-01,16902.75,12617.02,16089.26,34,18,0,4,2,1,0,0,,0,5,5,TRUE,38.8,Active,,Valid or active,Valid,FALSE,Lower Value,Active,1
C00196,2025-09-01,19184.65,17621.87,23748.76,54,30,0,0,2,0,0,0,,0,9,5,TRUE,56.9,Active,,Valid or active,Valid,FALSE,Lower Value,Active,1
C00196,2025-10-01,17669.02,20118.97,21497.35,46,22,0,0,0,0,0,0,,2,15,5,TRUE,48.2,Active,,Valid or active,Valid,FALSE,Lower Value,Active,1
C00196,2025-11-01,14951.18,17801.36,15234.31,32,22,7,8,2,0,0,0,,1,5,5,TRUE,45.9,Active,,Valid or active,Valid,FALSE,Lower Value,Active,1
C00196,2025-12-01,21832.65,20030.11,18249.58,35,18,0,0,2,1,0,0,,1,10,4.8,TRUE,39.4,Active,,Valid or active,Valid,FALSE,Lower Value,Active,1
C00197,2025-01-01,16653.83,3774.79,6263.93,47,28,17,22,0,0,1,1,5.9,0,3,3.8,FALSE,76.4,Churned,9/15/2025,Valid or active,Valid,FALSE,Lower Value,Churned,0
C00197,2025-02-01,19201.87,2583.11,9042.09,61,42,20,22,0,0,0,0,,1,0,3.5,FALSE,90.7,Churned,9/15/2025,Valid or active,Valid,FALSE,Lower Value,Churned,0
C00197,2025-03-01,20516.93,3119.33,4272.1,40,28,19,16,0,0,0,0,,0,2,3.6,FALSE,73.9,Churned,9/15/2025,Valid or active,Valid,FALSE,Lower Value,Churned,0
C00197,2025-04-01,16973.52,2201.64,3908.79,43,27,25,29,3,1,0,0,,1,4,3.9,FALSE,80.9,Churned,9/15/2025,Valid or active,Valid,FALSE,Lower Value,Churned,0
C00197,2025-05-01,19155.39,3761.48,8896.96,47,32,18,14,0,0,0,0,,0,3,3.4,FALSE,79.2,Churned,9/15/2025,Valid or active,Valid,FALSE,Lower Value,Churned,0
C00197,2025-06-01,19236.06,2361.37,5571.85,37,21,18,25,2,0,1,1,8.8,0,2,3.6,FALSE,67.8,Churned,9/15/2025,Valid or active,Valid,FALSE,Lower Value,Churned,0
C00197,2025-07-01,17337.6,3047.79,4418.45,44,27,21,21,1,0,0,0,,0,3,3.1,FALSE,77.8,Churned,9/15/2025,Valid or active,Valid,FALSE,Lower Value,Churned,0
C00197,2025-08-01,16568.62,2762.44,5140.53,44,29,20,25,1,0,0,0,,0,0,4.1,FALSE,77.8,Churned,9/15/2025,Valid or active,Valid,FALSE,Lower Value,Churned,0
C00197,2025-09-01,18020.73,3443.51,3984.16,39,19,16,23,2,0,0,0,,1,2,3.4,FALSE,66.3,Churned,9/15/2025,Valid or active,Valid,FALSE,Lower Value,Churned,0
C00197,2025-10-01,14833.14,3765.18,4726.69,32,18,8,12,2,0,0,0,,0,0,4,FALSE,54,Churned,9/15/2025,Post-churn activity,Valid,TRUE,Lower Value,Churned,0
C00197,2025-11-01,15284.33,3530.63,3670.39,26,14,17,21,0,0,0,0,,1,10,2.9,FALSE,56.7,Churned,9/15/2025,Post-churn activity,Valid,TRUE,Lower Value,Churned,0
C00197,2025-12-01,18646.87,3716.92,7151.64,41,22,15,18,0,0,0,0,,2,1,3.1,FALSE,68,Churned,9/15/2025,Post-churn activity,Valid,TRUE,Lower Value,Churned,0
C00198,2025-01-01,62256.86,16233.52,20436.4,31,0,9,1,1,1,0,0,,0,8,3.7,TRUE,37,Churned,10/20/2025,Valid or active,Valid,FALSE,Lower Value,Churned,1
C00198,2025-02-01,70222.47,15376.65,20308.82,41,0,7,8,1,0,0,0,,0,6,4.7,TRUE,41.5,Churned,10/20/2025,Valid or active,Valid,FALSE,Lower Value,Churned,1
C00198,2025-03-01,64760.87,14832.35,17863.25,41,9,7,13,2,1,0,0,,1,8,3.7,TRUE,45.6,Churned,10/20/2025,Valid or active,Valid,FALSE,Lower Value,Churned,1
C00198,2025-04-01,61039.3,12931.3,12486.75,48,0,14,13,0,1,0,0,,0,0,4.1,TRUE,52.5,Churned,10/20/2025,Valid or active,Valid,FALSE,Lower Value,Churned,1
C00198,2025-05-01,82551.85,16793.92,24326.62,57,9,14,14,2,1,0,0,,0,4,3.4,FALSE,62.3,Churned,10/20/2025,Valid or active,Valid,FALSE,Lower Value,Churned,0
C00198,2025-06-01,68426.04,19326.31,17953.96,44,0,6,4,0,1,0,0,,1,6,4,TRUE,42.5,Churned,10/20/2025,Valid or active,Valid,FALSE,Lower Value,Churned,1
C00198,2025-07-01,81722.8,19506.17,14496.04,48,9,7,8,0,0,0,0,,1,8,3.7,TRUE,50,Churned,10/20/2025,Valid or active,Valid,FALSE,Lower Value,Churned,1
C00198,2025-08-01,67192.55,16406.83,15659.34,42,4,16,9,3,2,0,0,,1,5,4.2,TRUE,52.4,Churned,10/20/2025,Valid or active,Valid,FALSE,Lower Value,Churned,1
C00198,2025-09-01,84603.14,16555.3,20082.5,32,0,15,12,2,0,0,0,,2,7,3.6,TRUE,43.3,Churned,10/20/2025,Valid or active,Valid,FALSE,Lower Value,Churned,1
C00198,2025-10-01,88363.9,21299.36,15778.59,47,0,12,10,0,1,0,0,,1,7,3.9,TRUE,50,Churned,10/20/2025,Valid or active,Valid,FALSE,Lower Value,Churned,1
C00198,2025-11-01,77066.4,21201.1,18330.92,39,0,11,4,1,0,0,0,,4,1,3.7,TRUE,44,Churned,10/20/2025,Post-churn activity,Valid,TRUE,Lower Value,Churned,1
C00198,2025-12-01,84395.92,19847.78,18179.09,45,2,11,8,0,0,0,0,,0,0,3.2,TRUE,48.7,Churned,10/20/2025,Post-churn activity,Valid,TRUE,Lower Value,Churned,1
C00199,2025-01-01,44004.57,14951.78,20871.78,45,27,7,16,1,0,1,1,10.3,1,15,3.8,TRUE,60.9,Churned,9/10/2025,Valid or active,Valid,FALSE,Lower Value,Churned,1
C00199,2025-02-01,44867.97,14832.57,17174.81,52,23,2,4,1,0,0,0,,0,13,4.6,TRUE,58.8,Churned,9/10/2025,Valid or active,Valid,FALSE,Lower Value,Churned,1
C00199,2025-03-01,45310.61,10172.58,16114.31,45,26,5,6,1,0,0,0,,0,5,3.7,FALSE,58.6,Churned,9/10/2025,Valid or active,Valid,FALSE,Lower Value,Churned,0
C00199,2025-04-01,43330.65,13058.45,15463.25,28,11,4,4,1,0,0,0,,0,8,3.5,FALSE,40,Churned,9/10/2025,Valid or active,Valid,FALSE,Lower Value,Churned,0
C00199,2025-05-01,38253.52,10805.55,12830.27,41,26,8,1,4,0,1,0,,1,0,3.6,FALSE,58.8,Churned,9/10/2025,Valid or active,Valid,FALSE,Lower Value,Churned,0
C00199,2025-06-01,33643.86,13654.41,11062.99,33,17,7,2,5,0,0,1,3.7,0,8,3.5,TRUE,48.7,Churned,9/10/2025,Valid or active,Valid,FALSE,Lower Value,Churned,1
C00199,2025-07-01,35255.11,11388.25,10160.85,41,19,1,2,3,0,0,0,,1,11,3.4,FALSE,49.1,Churned,9/10/2025,Valid or active,Valid,FALSE,Lower Value,Churned,0
C00199,2025-08-01,34685.51,14844.6,19560.5,39,27,3,0,1,1,0,0,,0,2,3.1,TRUE,53.3,Churned,9/10/2025,Valid or active,Valid,FALSE,Lower Value,Churned,1
C00199,2025-09-01,19709.5,16629.62,14403.35,38,21,10,17,2,1,1,1,3,0,12,4.4,TRUE,56.5,Churned,9/10/2025,Valid or active,Valid,FALSE,Lower Value,Churned,1
C00199,2025-10-01,21121.85,12748.77,16660.45,31,20,0,0,0,1,0,0,,0,6,2.5,FALSE,42.3,Churned,9/10/2025,Post-churn activity,Valid,TRUE,Lower Value,Churned,0
C00199,2025-11-01,18080.33,11656.11,12660.01,16,4,6,4,1,1,2,1,4.6,1,16,3.2,FALSE,31.1,Churned,9/10/2025,Post-churn activity,Valid,TRUE,Lower Value,Churned,0
C00199,2025-12-01,16126.02,11292.91,14044.62,26,22,3,7,1,0,1,1,3.7,0,7,2.8,FALSE,42.8,Churned,9/10/2025,Post-churn activity,Valid,TRUE,Lower Value,Churned,0
C00200,2025-01-01,24950.55,13547.48,14423.13,26,0,23,23,1,1,0,0,,1,2,3.9,TRUE,46.9,Churned,11/5/2025,Valid or active,Valid,FALSE,Lower Value,Churned,1
C00200,2025-02-01,21830.13,14230.12,15860.69,35,3,16,23,1,0,0,0,,2,0,4.1,TRUE,47.5,Churned,11/5/2025,Valid or active,Valid,FALSE,Lower Value,Churned,1
C00200,2025-03-01,19966.75,13281.75,11286.88,25,0,12,16,1,0,0,0,,1,0,3.8,TRUE,36,Churned,11/5/2025,Valid or active,Valid,FALSE,Lower Value,Churned,1
C00200,2025-04-01,19720.43,11211.49,10553.55,20,0,12,12,2,0,0,0,,0,15,3.5,TRUE,32.9,Churned,11/5/2025,Valid or active,Valid,FALSE,Lower Value,Churned,1
C00200,2025-05-01,19767.36,10066.06,11300.38,12,1,16,17,0,0,0,0,,0,14,3.1,TRUE,32,Churned,11/5/2025,Valid or active,Valid,FALSE,Lower Value,Churned,1
C00200,2025-06-01,20178.98,7253.33,6804.33,23,0,15,22,1,1,0,0,,0,14,3.5,FALSE,37.6,Churned,11/5/2025,Valid or active,Valid,FALSE,Lower Value,Churned,0
C00200,2025-07-01,16174.28,7289.34,9040.53,18,4,11,17,0,0,0,0,,0,7,4.5,FALSE,32.5,Churned,11/5/2025,Valid or active,Valid,FALSE,Lower Value,Churned,0
C00200,2025-08-01,14749.32,8285.38,9990.18,24,1,14,22,0,0,0,0,,0,3,3.2,FALSE,37.7,Churned,11/5/2025,Valid or active,Valid,FALSE,Lower Value,Churned,0
C00200,2025-09-01,3684.86,11745.12,10212.07,31,4,11,13,0,2,2,2,4.2,0,2,3.3,TRUE,40.7,Churned,11/5/2025,Valid or active,Valid,FALSE,Lower Value,Churned,1
C00200,2025-10-01,4098.7,10771.38,11268.38,11,0,6,7,0,0,1,1,2.1,0,23,2.8,TRUE,21.6,Churned,11/5/2025,Valid or active,Valid,FALSE,Lower Value,Churned,1
C00200,2025-11-01,4273.43,8571.82,6894.21,10,5,13,17,0,0,0,0,,0,15,3.9,TRUE,29.8,Churned,11/5/2025,Valid or active,Valid,FALSE,Lower Value,Churned,1
C00200,2025-12-01,6523.8,9321.28,8504.2,11,0,6,16,0,0,0,0,,1,18,3.1,TRUE,21.6,Churned,11/5/2025,Post-churn activity,Valid,TRUE,Lower Value,Churned,1
,,,,,,,,,,,,,,,,,,,,,,,,,,
,,,,,,,,,,,,,,,,,,,,,,,,,0.6895833333,